uid,submit_ts,scheduled_ts,bound_ts,ready_ts,scheduling_ms,binding_ms,coldstart_ms,e2e_ms,censored
a66869bf-8eaf-4b5e-82dc-5fee3a560216,2026-07-26T08:52:25.946406Z,2026-07-26T08:52:25Z,2026-07-26T08:52:25.991018Z,2026-07-26T08:52:25Z,-946.406,991.018,-991.018,-946.406,false
5ddd4654-43b3-410a-84f6-995f5f0fe9b3,2026-07-26T08:52:25.961906Z,2026-07-26T08:52:25Z,2026-07-26T08:52:25.991111Z,2026-07-26T08:52:25Z,-961.906,991.111,-991.111,-961.906,false
acf5fcb1-d7d1-4ded-be05-5c0c9c54cc56,2026-07-26T08:52:25.992455Z,2026-07-26T08:52:25Z,2026-07-26T08:52:25.999849Z,2026-07-26T08:52:25Z,-992.455,999.849,-999.849,-992.455,false
b8008ea1-d985-4fee-956a-1670440ffc20,2026-07-26T08:52:26.0248Z,2026-07-26T08:52:26Z,2026-07-26T08:52:26.028732Z,2026-07-26T08:52:26Z,-24.800,28.732,-28.732,-24.800,false
3083ef63-bee0-4c19-979f-29dbf35fdb34,2026-07-26T08:52:26.060762Z,2026-07-26T08:52:26Z,2026-07-26T08:52:26.066319Z,2026-07-26T08:52:26Z,-60.762,66.319,-66.319,-60.762,false
d3b92483-6268-401e-8164-7deec36b59f7,2026-07-26T08:52:26.09281Z,2026-07-26T08:52:26Z,2026-07-26T08:52:26.096693Z,2026-07-26T08:52:26Z,-92.810,96.693,-96.693,-92.810,false
d93c0170-c94b-4e18-8f7a-5071509aed5d,2026-07-26T08:52:26.131982Z,2026-07-26T08:52:26Z,2026-07-26T08:52:26.135187Z,2026-07-26T08:52:26Z,-131.982,135.187,-135.187,-131.982,false
25c2186d-b4ba-4308-932d-ed0314985021,2026-07-26T08:52:26.162594Z,2026-07-26T08:52:26Z,2026-07-26T08:52:26.165782Z,2026-07-26T08:52:26Z,-162.594,165.782,-165.782,-162.594,false
335367f5-dc96-4071-a8e5-076476b3c52a,2026-07-26T08:52:26.19619Z,2026-07-26T08:52:26Z,2026-07-26T08:52:26.198708Z,2026-07-26T08:52:26Z,-196.190,198.708,-198.708,-196.190,false
cece11bf-800f-4069-bb60-bbf818cc44cb,2026-07-26T08:52:26.230671Z,2026-07-26T08:52:26Z,2026-07-26T08:52:26.233908Z,2026-07-26T08:52:26Z,-230.671,233.908,-233.908,-230.671,false
6545acab-4b89-48af-a073-0fa631b27518,2026-07-26T08:52:26.265218Z,2026-07-26T08:52:26Z,2026-07-26T08:52:26.268417Z,2026-07-26T08:52:26Z,-265.218,268.417,-268.417,-265.218,false
d614feee-9c57-4c66-afd8-b1e79f8643a4,2026-07-26T08:52:26.299077Z,2026-07-26T08:52:26Z,2026-07-26T08:52:26.301521Z,2026-07-26T08:52:26Z,-299.077,301.521,-301.521,-299.077,false
f15792ee-eec5-4403-ad6c-a026d27285c6,2026-07-26T08:52:26.333382Z,2026-07-26T08:52:26Z,2026-07-26T08:52:26.335902Z,2026-07-26T08:52:26Z,-333.382,335.902,-335.902,-333.382,false
7d3c2a0f-d45c-4ae1-8aeb-ee14399a4825,2026-07-26T08:52:26.370587Z,2026-07-26T08:52:26Z,2026-07-26T08:52:26.375911Z,2026-07-26T08:52:26Z,-370.587,375.911,-375.911,-370.587,false
a7aa891e-262f-40df-bcdf-cde8e31e84db,2026-07-26T08:52:26.401354Z,2026-07-26T08:52:26Z,2026-07-26T08:52:26.403744Z,2026-07-26T08:52:26Z,-401.354,403.744,-403.744,-401.354,false
44176da2-3df6-4379-9f50-152f10069174,2026-07-26T08:52:26.435655Z,2026-07-26T08:52:26Z,2026-07-26T08:52:26.437879Z,2026-07-26T08:52:26Z,-435.655,437.879,-437.879,-435.655,false
a54efd2e-acd8-45d8-a418-37b1a65f3a50,2026-07-26T08:52:26.470801Z,2026-07-26T08:52:26Z,2026-07-26T08:52:26.473448Z,2026-07-26T08:52:26Z,-470.801,473.448,-473.448,-470.801,false
f916f0f8-ebd4-4738-bb99-41e87c1a24e4,2026-07-26T08:52:26.504518Z,2026-07-26T08:52:26Z,2026-07-26T08:52:26.506704Z,2026-07-26T08:52:26Z,-504.518,506.704,-506.704,-504.518,false
faff00cd-a4fd-4262-9cdb-2117aa681215,2026-07-26T08:52:26.538714Z,2026-07-26T08:52:26Z,2026-07-26T08:52:26.540817Z,2026-07-26T08:52:26Z,-538.714,540.817,-540.817,-538.714,false
54aa6c06-e70d-4c5f-8bf8-948f85f43811,2026-07-26T08:52:26.579216Z,2026-07-26T08:52:26Z,2026-07-26T08:52:26.585295Z,2026-07-26T08:52:26Z,-579.216,585.295,-585.295,-579.216,false
67392d8b-36e7-460e-add5-cd8f27564920,2026-07-26T08:52:26.606413Z,2026-07-26T08:52:26Z,2026-07-26T08:52:26.609429Z,2026-07-26T08:52:26Z,-606.413,609.429,-609.429,-606.413,false
096a4438-f895-4be2-89bc-f89f1d9ca842,2026-07-26T08:52:26.641615Z,2026-07-26T08:52:26Z,2026-07-26T08:52:26.646084Z,2026-07-26T08:52:26Z,-641.615,646.084,-646.084,-641.615,false
7a88a150-45e8-4247-b26b-a1d0e5471421,2026-07-26T08:52:26.674855Z,2026-07-26T08:52:26Z,2026-07-26T08:52:26.677756Z,2026-07-26T08:52:26Z,-674.855,677.756,-677.756,-674.855,false
deba750a-6188-4ea9-93e7-d2edbe15aca8,2026-07-26T08:52:26.709958Z,2026-07-26T08:52:26Z,2026-07-26T08:52:26.712691Z,2026-07-26T08:52:26Z,-709.958,712.691,-712.691,-709.958,false
848abb4b-46ee-4d5c-9cab-dcfaa2d7b32c,2026-07-26T08:52:26.744512Z,2026-07-26T08:52:26Z,2026-07-26T08:52:26.748731Z,2026-07-26T08:52:26Z,-744.512,748.731,-748.731,-744.512,false
3906d10f-8aca-46f4-97a2-ee0a2e75302f,2026-07-26T08:52:26.779153Z,2026-07-26T08:52:26Z,2026-07-26T08:52:26.782296Z,2026-07-26T08:52:26Z,-779.153,782.296,-782.296,-779.153,false
af3b1a21-a1a4-4568-898a-819326925552,2026-07-26T08:52:26.813687Z,2026-07-26T08:52:26Z,2026-07-26T08:52:26.817064Z,2026-07-26T08:52:26Z,-813.687,817.064,-817.064,-813.687,false
08d46b7b-14a5-4acd-942b-cab1b54c073c,2026-07-26T08:52:26.847222Z,2026-07-26T08:52:26Z,2026-07-26T08:52:26.850098Z,2026-07-26T08:52:26Z,-847.222,850.098,-850.098,-847.222,false
03dc18b2-03a7-442e-ad5d-98d6917af483,2026-07-26T08:52:26.88098Z,2026-07-26T08:52:26Z,2026-07-26T08:52:26.88326Z,2026-07-26T08:52:26Z,-880.980,883.260,-883.260,-880.980,false
38387b69-2711-42ef-a711-71b028646f5f,2026-07-26T08:52:26.914785Z,2026-07-26T08:52:26Z,2026-07-26T08:52:26.919097Z,2026-07-26T08:52:26Z,-914.785,919.097,-919.097,-914.785,false
1038f587-e8df-48ec-9cbe-a05809aed7ba,2026-07-26T08:52:26.949482Z,2026-07-26T08:52:26Z,2026-07-26T08:52:26.952475Z,2026-07-26T08:52:26Z,-949.482,952.475,-952.475,-949.482,false
74665297-3aa0-457d-be25-b5f8cc86c9e5,2026-07-26T08:52:26.984958Z,2026-07-26T08:52:26Z,2026-07-26T08:52:26.989997Z,2026-07-26T08:52:26Z,-984.958,989.997,-989.997,-984.958,false
5f0d75ec-f3e8-4f92-95fe-69ce31a118a5,2026-07-26T08:52:27.017951Z,2026-07-26T08:52:27Z,2026-07-26T08:52:27.02181Z,2026-07-26T08:52:27Z,-17.951,21.810,-21.810,-17.951,false
233e978c-0804-4a3b-9087-099027727586,2026-07-26T08:52:27.052882Z,2026-07-26T08:52:27Z,2026-07-26T08:52:27.056714Z,2026-07-26T08:52:27Z,-52.882,56.714,-56.714,-52.882,false
b1adc887-f5ee-4ccd-9863-b11f281dd9b2,2026-07-26T08:52:27.086977Z,2026-07-26T08:52:27Z,2026-07-26T08:52:27.09099Z,2026-07-26T08:52:27Z,-86.977,90.990,-90.990,-86.977,false
6f4eef62-babe-4288-9e3a-9af12b148b4d,2026-07-26T08:52:27.120916Z,2026-07-26T08:52:27Z,2026-07-26T08:52:27.123407Z,2026-07-26T08:52:27Z,-120.916,123.407,-123.407,-120.916,false
40806cf9-1acc-4204-9c52-30cab98a292f,2026-07-26T08:52:27.154652Z,2026-07-26T08:52:27Z,2026-07-26T08:52:27.156757Z,2026-07-26T08:52:27Z,-154.652,156.757,-156.757,-154.652,false
4a4840cc-93e6-4fcc-8d06-d6a92f28ef6d,2026-07-26T08:52:27.18962Z,2026-07-26T08:52:27Z,2026-07-26T08:52:27.193067Z,2026-07-26T08:52:27Z,-189.620,193.067,-193.067,-189.620,false
2d9c2cd4-26d0-43a8-995a-803457449e65,2026-07-26T08:52:27.223393Z,2026-07-26T08:52:27Z,2026-07-26T08:52:27.226562Z,2026-07-26T08:52:27Z,-223.393,226.562,-226.562,-223.393,false
3d8cb19f-6a2f-449b-a015-c90babe26bb4,2026-07-26T08:52:27.257643Z,2026-07-26T08:52:27Z,2026-07-26T08:52:27.260637Z,2026-07-26T08:52:27Z,-257.643,260.637,-260.637,-257.643,false
5275d949-6401-4821-99e8-d2e9f2579b00,2026-07-26T08:52:27.300244Z,2026-07-26T08:52:27Z,2026-07-26T08:52:27.323877Z,2026-07-26T08:52:27Z,-300.244,323.877,-323.877,-300.244,false
830ca5a3-ae7c-4a73-831a-d574ed2867c5,2026-07-26T08:52:27.342241Z,2026-07-26T08:52:27Z,2026-07-26T08:52:27.367905Z,2026-07-26T08:52:27Z,-342.241,367.905,-367.905,-342.241,false
7ee7586e-fefc-4b5b-a3c7-3e613e658c00,2026-07-26T08:52:27.366245Z,2026-07-26T08:52:27Z,2026-07-26T08:52:27.381209Z,2026-07-26T08:52:27Z,-366.245,381.209,-381.209,-366.245,false
45d652dd-c05f-496d-9923-012c5ca75c0c,2026-07-26T08:52:27.405628Z,2026-07-26T08:52:27Z,2026-07-26T08:52:27.422182Z,2026-07-26T08:52:27Z,-405.628,422.182,-422.182,-405.628,false
87c6a1cd-34ba-46e1-9050-4f79c556e2a9,2026-07-26T08:52:27.42715Z,2026-07-26T08:52:27Z,2026-07-26T08:52:27.430613Z,2026-07-26T08:52:27Z,-427.150,430.613,-430.613,-427.150,false
b00fa2db-e8f1-4867-9418-0cc18464244b,2026-07-26T08:52:27.460897Z,2026-07-26T08:52:27Z,2026-07-26T08:52:27.464799Z,2026-07-26T08:52:27Z,-460.897,464.799,-464.799,-460.897,false
a1cea4b5-edbc-4613-9cfe-4ccd4e245f9a,2026-07-26T08:52:27.493706Z,2026-07-26T08:52:27Z,2026-07-26T08:52:27.495964Z,2026-07-26T08:52:27Z,-493.706,495.964,-495.964,-493.706,false
81cbc646-9c7d-487d-bb32-dd8be51f82ab,2026-07-26T08:52:27.528627Z,2026-07-26T08:52:27Z,2026-07-26T08:52:27.531234Z,2026-07-26T08:52:27Z,-528.627,531.234,-531.234,-528.627,false
2328b95b-cb00-44c1-9b48-eac94c5c2b0e,2026-07-26T08:52:27.563258Z,2026-07-26T08:52:27Z,2026-07-26T08:52:27.565929Z,2026-07-26T08:52:27Z,-563.258,565.929,-565.929,-563.258,false
458f8b2b-b883-4d17-bfa5-cdbb6e0d38af,2026-07-26T08:52:27.598021Z,2026-07-26T08:52:27Z,2026-07-26T08:52:27.602889Z,2026-07-26T08:52:27Z,-598.021,602.889,-602.889,-598.021,false
f383f9d2-4537-415e-95ad-bde8b2ca03be,2026-07-26T08:52:27.632156Z,2026-07-26T08:52:27Z,2026-07-26T08:52:27.635406Z,2026-07-26T08:52:27Z,-632.156,635.406,-635.406,-632.156,false
79419b26-e18f-4437-b412-ff8a5aa4d5ab,2026-07-26T08:52:27.667665Z,2026-07-26T08:52:27Z,2026-07-26T08:52:27.670715Z,2026-07-26T08:52:27Z,-667.665,670.715,-670.715,-667.665,false
46efd6c2-c890-4c40-9d67-2881cd76e1f6,2026-07-26T08:52:27.701469Z,2026-07-26T08:52:27Z,2026-07-26T08:52:27.704456Z,2026-07-26T08:52:27Z,-701.469,704.456,-704.456,-701.469,false
1643e2c5-723c-47b1-bfd0-0f2b1134e438,2026-07-26T08:52:27.73552Z,2026-07-26T08:52:27Z,2026-07-26T08:52:27.738624Z,2026-07-26T08:52:27Z,-735.520,738.624,-738.624,-735.520,false
0e9bee36-24c8-495f-9240-590c15732fa1,2026-07-26T08:52:27.770056Z,2026-07-26T08:52:27Z,2026-07-26T08:52:27.772633Z,2026-07-26T08:52:27Z,-770.056,772.633,-772.633,-770.056,false
8086d28e-06ae-4191-9eb9-8aac91ff273d,2026-07-26T08:52:27.80451Z,2026-07-26T08:52:27Z,2026-07-26T08:52:27.807435Z,2026-07-26T08:52:27Z,-804.510,807.435,-807.435,-804.510,false
f5d0a2a1-84c7-44be-a323-48b037c27863,2026-07-26T08:52:27.838471Z,2026-07-26T08:52:27Z,2026-07-26T08:52:27.841859Z,2026-07-26T08:52:27Z,-838.471,841.859,-841.859,-838.471,false
0f1d1584-39e2-4315-8dd0-f4013c1cd6bd,2026-07-26T08:52:27.872373Z,2026-07-26T08:52:27Z,2026-07-26T08:52:27.87488Z,2026-07-26T08:52:27Z,-872.373,874.880,-874.880,-872.373,false
44c97928-c5ad-41e2-a4a6-205aab635007,2026-07-26T08:52:27.90695Z,2026-07-26T08:52:27Z,2026-07-26T08:52:27.909459Z,2026-07-26T08:52:27Z,-906.950,909.459,-909.459,-906.950,false
c2057757-8b03-4b47-8cd2-27ca086ac136,2026-07-26T08:52:27.941042Z,2026-07-26T08:52:27Z,2026-07-26T08:52:27.947358Z,2026-07-26T08:52:27Z,-941.042,947.358,-947.358,-941.042,false
388a7f39-3817-46d0-bb3b-1c7744aff07f,2026-07-26T08:52:27.974957Z,2026-07-26T08:52:27Z,2026-07-26T08:52:27.978127Z,2026-07-26T08:52:27Z,-974.957,978.127,-978.127,-974.957,false
e426dbf3-d109-4ef9-b616-fdde8fddf9d2,2026-07-26T08:52:28.008951Z,2026-07-26T08:52:28Z,2026-07-26T08:52:28.012025Z,2026-07-26T08:52:28Z,-8.951,12.025,-12.025,-8.951,false
cbf88552-9eb8-4ed1-a67a-813d014f5eb3,2026-07-26T08:52:28.04298Z,2026-07-26T08:52:28Z,2026-07-26T08:52:28.046447Z,2026-07-26T08:52:28Z,-42.980,46.447,-46.447,-42.980,false
88e6b492-c882-4909-a8c7-691bcb8d76e7,2026-07-26T08:52:28.077141Z,2026-07-26T08:52:28Z,2026-07-26T08:52:28.081039Z,2026-07-26T08:52:28Z,-77.141,81.039,-81.039,-77.141,false
855f79d2-adcf-4dcb-9cac-ab6fd44bca0d,2026-07-26T08:52:28.111907Z,2026-07-26T08:52:28Z,2026-07-26T08:52:28.114752Z,2026-07-26T08:52:28Z,-111.907,114.752,-114.752,-111.907,false
f1353702-6b5f-47f8-8b63-ee08c4908b17,2026-07-26T08:52:28.146176Z,2026-07-26T08:52:28Z,2026-07-26T08:52:28.149166Z,2026-07-26T08:52:28Z,-146.176,149.166,-149.166,-146.176,false
a2e403b9-7932-4dce-94e8-e0974587495d,2026-07-26T08:52:28.180628Z,2026-07-26T08:52:28Z,2026-07-26T08:52:28.186159Z,2026-07-26T08:52:28Z,-180.628,186.159,-186.159,-180.628,false
914efab4-eb0a-4509-b842-892f558a2433,2026-07-26T08:52:28.215519Z,2026-07-26T08:52:28Z,2026-07-26T08:52:28.219044Z,2026-07-26T08:52:28Z,-215.519,219.044,-219.044,-215.519,false
da53ce8a-ce2d-468f-9b67-700476bb9ba8,2026-07-26T08:52:28.24912Z,2026-07-26T08:52:28Z,2026-07-26T08:52:28.251474Z,2026-07-26T08:52:28Z,-249.120,251.474,-251.474,-249.120,false
e733042e-7b47-45b3-b9e4-7843c1daa06c,2026-07-26T08:52:28.28373Z,2026-07-26T08:52:28Z,2026-07-26T08:52:28.287216Z,2026-07-26T08:52:28Z,-283.730,287.216,-287.216,-283.730,false
3510bae1-27bc-4f70-9a8f-a5436b4b1ac4,2026-07-26T08:52:28.317679Z,2026-07-26T08:52:28Z,2026-07-26T08:52:28.321227Z,2026-07-26T08:52:28Z,-317.679,321.227,-321.227,-317.679,false
4ceac036-c236-46c6-8c0a-bc04c7f49d39,2026-07-26T08:52:28.351697Z,2026-07-26T08:52:28Z,2026-07-26T08:52:28.354361Z,2026-07-26T08:52:28Z,-351.697,354.361,-354.361,-351.697,false
eda7a585-3a18-40e5-bfb9-7d9a33f864ac,2026-07-26T08:52:28.386467Z,2026-07-26T08:52:28Z,2026-07-26T08:52:28.389174Z,2026-07-26T08:52:28Z,-386.467,389.174,-389.174,-386.467,false
a8295131-65b4-498d-925e-47dbd5cf4f0f,2026-07-26T08:52:28.42106Z,2026-07-26T08:52:28Z,2026-07-26T08:52:28.424239Z,2026-07-26T08:52:28Z,-421.060,424.239,-424.239,-421.060,false
c597bc06-0275-4c76-bb0d-f6da01952c72,2026-07-26T08:52:28.454934Z,2026-07-26T08:52:28Z,2026-07-26T08:52:28.457192Z,2026-07-26T08:52:28Z,-454.934,457.192,-457.192,-454.934,false
f49e3552-9b52-4f8c-a923-48f975036bb3,2026-07-26T08:52:28.489041Z,2026-07-26T08:52:28Z,2026-07-26T08:52:28.491517Z,2026-07-26T08:52:28Z,-489.041,491.517,-491.517,-489.041,false
373ce026-6818-4745-94dd-6d0eae48a377,2026-07-26T08:52:28.522993Z,2026-07-26T08:52:28Z,2026-07-26T08:52:28.525962Z,2026-07-26T08:52:28Z,-522.993,525.962,-525.962,-522.993,false
fb37529a-36a8-4927-8cb4-b86254c049e2,2026-07-26T08:52:28.557518Z,2026-07-26T08:52:28Z,2026-07-26T08:52:28.560091Z,2026-07-26T08:52:28Z,-557.518,560.091,-560.091,-557.518,false
90e81947-31a1-4fa2-9bf0-757392560ace,2026-07-26T08:52:28.592437Z,2026-07-26T08:52:28Z,2026-07-26T08:52:28.597916Z,2026-07-26T08:52:28Z,-592.437,597.916,-597.916,-592.437,false
bb724a08-5970-465b-9f93-d8937fe29f12,2026-07-26T08:52:28.627869Z,2026-07-26T08:52:28Z,2026-07-26T08:52:28.631191Z,2026-07-26T08:52:28Z,-627.869,631.191,-631.191,-627.869,false
443335f8-b60d-458e-b40c-c90431ec45e9,2026-07-26T08:52:28.658872Z,2026-07-26T08:52:28Z,2026-07-26T08:52:28.66249Z,2026-07-26T08:52:28Z,-658.872,662.490,-662.490,-658.872,false
4a34c068-5bc6-44e8-aceb-0ffeb4526a96,2026-07-26T08:52:28.693632Z,2026-07-26T08:52:28Z,2026-07-26T08:52:28.698344Z,2026-07-26T08:52:28Z,-693.632,698.344,-698.344,-693.632,false
1c22d2cc-e1d4-4046-b9ed-bff750c19e7a,2026-07-26T08:52:28.729465Z,2026-07-26T08:52:28Z,2026-07-26T08:52:28.732842Z,2026-07-26T08:52:28Z,-729.465,732.842,-732.842,-729.465,false
728ab72f-6f43-44d7-8fee-b34d7c806a96,2026-07-26T08:52:28.763726Z,2026-07-26T08:52:28Z,2026-07-26T08:52:28.767033Z,2026-07-26T08:52:28Z,-763.726,767.033,-767.033,-763.726,false
755746c9-7e8d-417a-8919-6c779ee3589a,2026-07-26T08:52:28.796675Z,2026-07-26T08:52:28Z,2026-07-26T08:52:28.799979Z,2026-07-26T08:52:28Z,-796.675,799.979,-799.979,-796.675,false
937b0438-90ba-45ec-8fb0-a1c350723636,2026-07-26T08:52:28.832762Z,2026-07-26T08:52:28Z,2026-07-26T08:52:28.839481Z,2026-07-26T08:52:28Z,-832.762,839.481,-839.481,-832.762,false
f053ff0f-2647-4226-ba5b-4714c51229ae,2026-07-26T08:52:28.866819Z,2026-07-26T08:52:28Z,2026-07-26T08:52:28.870121Z,2026-07-26T08:52:28Z,-866.819,870.121,-870.121,-866.819,false
f727b9e3-fabb-4d8a-8c54-827ed831f74c,2026-07-26T08:52:28.900267Z,2026-07-26T08:52:28Z,2026-07-26T08:52:28.903814Z,2026-07-26T08:52:28Z,-900.267,903.814,-903.814,-900.267,false
b27441e2-2885-4fcf-8b9e-81cf55905e59,2026-07-26T08:52:28.934592Z,2026-07-26T08:52:28Z,2026-07-26T08:52:28.938106Z,2026-07-26T08:52:28Z,-934.592,938.106,-938.106,-934.592,false
e985bf1d-840d-4cf3-818d-5204a4b47391,2026-07-26T08:52:28.96977Z,2026-07-26T08:52:29Z,2026-07-26T08:52:29.027829Z,2026-07-26T08:52:29Z,30.230,27.829,-27.829,30.230,false
5ea8ba10-a199-4bac-a39f-0018323bb5ea,2026-07-26T08:52:29.027624Z,2026-07-26T08:52:29Z,2026-07-26T08:52:29.040459Z,2026-07-26T08:52:29Z,-27.624,40.459,-40.459,-27.624,false
fa1e0665-70ee-4efe-97ed-436a21c0e14c,2026-07-26T08:52:29.044895Z,2026-07-26T08:52:29Z,2026-07-26T08:52:29.047686Z,2026-07-26T08:52:29Z,-44.895,47.686,-47.686,-44.895,false
34fb287e-7fb6-49b6-b118-ec811a472afc,2026-07-26T08:52:29.071174Z,2026-07-26T08:52:29Z,2026-07-26T08:52:29.073963Z,2026-07-26T08:52:29Z,-71.174,73.963,-73.963,-71.174,false
e91d20d9-2293-4eb1-b6d3-ee403716cb2a,2026-07-26T08:52:29.104842Z,2026-07-26T08:52:29Z,2026-07-26T08:52:29.108708Z,2026-07-26T08:52:29Z,-104.842,108.708,-108.708,-104.842,false
6d732e04-7cf5-460f-8c27-b3ac31d7bdb6,2026-07-26T08:52:29.138492Z,2026-07-26T08:52:29Z,2026-07-26T08:52:29.141998Z,2026-07-26T08:52:29Z,-138.492,141.998,-141.998,-138.492,false
d1d8fc51-88a9-4eae-94fe-a66721ddb3f5,2026-07-26T08:52:29.173465Z,2026-07-26T08:52:29Z,2026-07-26T08:52:29.175715Z,2026-07-26T08:52:29Z,-173.465,175.715,-175.715,-173.465,false
a308481f-2bfc-4e49-87e5-0eceaee7a540,2026-07-26T08:52:29.207146Z,2026-07-26T08:52:29Z,2026-07-26T08:52:29.209717Z,2026-07-26T08:52:29Z,-207.146,209.717,-209.717,-207.146,false
355160cb-5a80-4d20-a59c-1e1e688471ac,2026-07-26T08:52:29.241045Z,2026-07-26T08:52:29Z,2026-07-26T08:52:29.249829Z,2026-07-26T08:52:29Z,-241.045,249.829,-249.829,-241.045,false
fecab629-88aa-4fb4-b44a-19f2bd2fe777,2026-07-26T08:52:29.277238Z,2026-07-26T08:52:29Z,2026-07-26T08:52:29.299474Z,2026-07-26T08:52:29Z,-277.238,299.474,-299.474,-277.238,false
c300c23d-c93c-40f7-8d00-ff007ab32da5,2026-07-26T08:52:29.31012Z,2026-07-26T08:52:29Z,2026-07-26T08:52:29.312293Z,2026-07-26T08:52:29Z,-310.120,312.293,-312.293,-310.120,false
ced502c3-1eaf-478f-b5a3-8880cf481194,2026-07-26T08:52:29.343841Z,2026-07-26T08:52:29Z,2026-07-26T08:52:29.346781Z,2026-07-26T08:52:29Z,-343.841,346.781,-346.781,-343.841,false
8ade8d88-1520-42f7-ba99-a637a9d59f91,2026-07-26T08:52:29.379014Z,2026-07-26T08:52:29Z,2026-07-26T08:52:29.382439Z,2026-07-26T08:52:29Z,-379.014,382.439,-382.439,-379.014,false
b56e40e4-d4e5-4d22-a56f-227b7935dff7,2026-07-26T08:52:29.412234Z,2026-07-26T08:52:29Z,2026-07-26T08:52:29.416509Z,2026-07-26T08:52:29Z,-412.234,416.509,-416.509,-412.234,false
e37665cb-fd58-478a-bd1d-b5215d4638b6,2026-07-26T08:52:29.446796Z,2026-07-26T08:52:29Z,2026-07-26T08:52:29.449172Z,2026-07-26T08:52:29Z,-446.796,449.172,-449.172,-446.796,false
279683e1-106c-4858-ad14-88915f24f98c,2026-07-26T08:52:29.480887Z,2026-07-26T08:52:29Z,2026-07-26T08:52:29.483202Z,2026-07-26T08:52:29Z,-480.887,483.202,-483.202,-480.887,false
144833eb-4242-49ff-9da5-1e874663ebc2,2026-07-26T08:52:29.515962Z,2026-07-26T08:52:29Z,2026-07-26T08:52:29.519068Z,2026-07-26T08:52:29Z,-515.962,519.068,-519.068,-515.962,false
c6e825bd-24eb-4de9-8e82-b210d15909bb,2026-07-26T08:52:29.550312Z,2026-07-26T08:52:29Z,2026-07-26T08:52:29.553283Z,2026-07-26T08:52:29Z,-550.312,553.283,-553.283,-550.312,false
0b5e9b9c-cd93-49bd-81e3-59e53ca28e13,2026-07-26T08:52:29.584443Z,2026-07-26T08:52:29Z,2026-07-26T08:52:29.587056Z,2026-07-26T08:52:29Z,-584.443,587.056,-587.056,-584.443,false
1e055156-ed2e-4205-af1c-0fd640de0c63,2026-07-26T08:52:29.618603Z,2026-07-26T08:52:29Z,2026-07-26T08:52:29.621688Z,2026-07-26T08:52:29Z,-618.603,621.688,-621.688,-618.603,false
ed312806-369e-4229-9d66-fade00e5f106,2026-07-26T08:52:29.653299Z,2026-07-26T08:52:29Z,2026-07-26T08:52:29.656814Z,2026-07-26T08:52:29Z,-653.299,656.814,-656.814,-653.299,false
80bec769-c266-41b6-b674-4c08ee570b10,2026-07-26T08:52:29.687811Z,2026-07-26T08:52:29Z,2026-07-26T08:52:29.691368Z,2026-07-26T08:52:29Z,-687.811,691.368,-691.368,-687.811,false
ff4aa80b-8272-48d6-bdfd-3e911886593c,2026-07-26T08:52:29.721936Z,2026-07-26T08:52:29Z,2026-07-26T08:52:29.724248Z,2026-07-26T08:52:29Z,-721.936,724.248,-724.248,-721.936,false
70fd5963-9fbf-4688-9189-798a893a6ddd,2026-07-26T08:52:29.755893Z,2026-07-26T08:52:29Z,2026-07-26T08:52:29.760885Z,2026-07-26T08:52:29Z,-755.893,760.885,-760.885,-755.893,false
6ff5c2e6-5f87-4de6-b642-170b9b981850,2026-07-26T08:52:29.789701Z,2026-07-26T08:52:29Z,2026-07-26T08:52:29.792034Z,2026-07-26T08:52:29Z,-789.701,792.034,-792.034,-789.701,false
91cee951-e97d-4614-a8fb-5f824d2722d4,2026-07-26T08:52:29.823962Z,2026-07-26T08:52:29Z,2026-07-26T08:52:29.827651Z,2026-07-26T08:52:29Z,-823.962,827.651,-827.651,-823.962,false
bec194ac-6f42-4f91-a1ec-b6efb9750dce,2026-07-26T08:52:29.858484Z,2026-07-26T08:52:29Z,2026-07-26T08:52:29.863594Z,2026-07-26T08:52:29Z,-858.484,863.594,-863.594,-858.484,false
6833c34f-1b5a-4a3d-b765-75c3df0cc97e,2026-07-26T08:52:29.892879Z,2026-07-26T08:52:29Z,2026-07-26T08:52:29.898148Z,2026-07-26T08:52:29Z,-892.879,898.148,-898.148,-892.879,false
a5ba0add-c73f-4189-a22b-8eda77bb193b,2026-07-26T08:52:29.930748Z,2026-07-26T08:52:29Z,2026-07-26T08:52:29.936783Z,2026-07-26T08:52:29Z,-930.748,936.783,-936.783,-930.748,false
63605906-d2a2-4411-9b99-4a9236c62106,2026-07-26T08:52:29.963082Z,2026-07-26T08:52:29Z,2026-07-26T08:52:29.973244Z,2026-07-26T08:52:29Z,-963.082,973.244,-973.244,-963.082,false
c916eabf-ad8b-43fe-89d7-7147b0a049d6,2026-07-26T08:52:29.996699Z,2026-07-26T08:52:29Z,2026-07-26T08:52:30.000156Z,2026-07-26T08:52:29Z,-996.699,1000.156,-1000.156,-996.699,false
c7a63fd3-850f-4ef7-a173-59517d7786c7,2026-07-26T08:52:30.028885Z,2026-07-26T08:52:30Z,2026-07-26T08:52:30.031441Z,2026-07-26T08:52:30Z,-28.885,31.441,-31.441,-28.885,false
533761a5-435c-4af8-96ee-8dd44485bff1,2026-07-26T08:52:30.064007Z,2026-07-26T08:52:30Z,2026-07-26T08:52:30.066219Z,2026-07-26T08:52:30Z,-64.007,66.219,-66.219,-64.007,false
1e71f8de-c40c-4014-b1a3-516123bbbf14,2026-07-26T08:52:30.098242Z,2026-07-26T08:52:30Z,2026-07-26T08:52:30.101554Z,2026-07-26T08:52:30Z,-98.242,101.554,-101.554,-98.242,false
4a4e904f-763b-4700-b494-96dbc6dc4270,2026-07-26T08:52:30.132044Z,2026-07-26T08:52:30Z,2026-07-26T08:52:30.134247Z,2026-07-26T08:52:30Z,-132.044,134.247,-134.247,-132.044,false
f87e5424-564b-4496-8868-365abe7e6b66,2026-07-26T08:52:30.166839Z,2026-07-26T08:52:30Z,2026-07-26T08:52:30.173061Z,2026-07-26T08:52:30Z,-166.839,173.061,-173.061,-166.839,false
62d00916-dd3c-434c-bc81-992cfd0b8d19,2026-07-26T08:52:30.201198Z,2026-07-26T08:52:30Z,2026-07-26T08:52:30.205741Z,2026-07-26T08:52:30Z,-201.198,205.741,-205.741,-201.198,false
d513422d-9483-4fba-adf8-905d644d8ee4,2026-07-26T08:52:30.235979Z,2026-07-26T08:52:30Z,2026-07-26T08:52:30.240177Z,2026-07-26T08:52:30Z,-235.979,240.177,-240.177,-235.979,false
6ab5842a-6457-48b0-8d1e-b67cd6a8a053,2026-07-26T08:52:30.269817Z,2026-07-26T08:52:30Z,2026-07-26T08:52:30.272832Z,2026-07-26T08:52:30Z,-269.817,272.832,-272.832,-269.817,false
305a8052-ab7b-4093-9bd6-f00f65664cd5,2026-07-26T08:52:30.304722Z,2026-07-26T08:52:30Z,2026-07-26T08:52:30.306999Z,2026-07-26T08:52:30Z,-304.722,306.999,-306.999,-304.722,false
319ecc9b-6e1b-4f72-95c0-0cbcb54455c5,2026-07-26T08:52:30.337891Z,2026-07-26T08:52:30Z,2026-07-26T08:52:30.341702Z,2026-07-26T08:52:30Z,-337.891,341.702,-341.702,-337.891,false
7d4e1f90-8747-4bdc-b596-7d650871e8e7,2026-07-26T08:52:30.372005Z,2026-07-26T08:52:30Z,2026-07-26T08:52:30.375401Z,2026-07-26T08:52:30Z,-372.005,375.401,-375.401,-372.005,false
0686a827-dca6-4b61-9bb2-6fd2f139b24a,2026-07-26T08:52:30.405971Z,2026-07-26T08:52:30Z,2026-07-26T08:52:30.408669Z,2026-07-26T08:52:30Z,-405.971,408.669,-408.669,-405.971,false
25956c10-07f4-4d45-8747-ea5b92e8abf9,2026-07-26T08:52:30.439816Z,2026-07-26T08:52:30Z,2026-07-26T08:52:30.44225Z,2026-07-26T08:52:30Z,-439.816,442.250,-442.250,-439.816,false
65e4af15-ca41-465b-9bbd-e086625d2a1a,2026-07-26T08:52:30.473788Z,2026-07-26T08:52:30Z,2026-07-26T08:52:30.47695Z,2026-07-26T08:52:30Z,-473.788,476.950,-476.950,-473.788,false
d924d65e-6df3-4e40-8a37-14dd08e5c0c7,2026-07-26T08:52:30.508241Z,2026-07-26T08:52:30Z,2026-07-26T08:52:30.510244Z,2026-07-26T08:52:30Z,-508.241,510.244,-510.244,-508.241,false
266ca6c8-089f-48ca-8cb6-b148e886ffbc,2026-07-26T08:52:30.543988Z,2026-07-26T08:52:30Z,2026-07-26T08:52:30.546633Z,2026-07-26T08:52:30Z,-543.988,546.633,-546.633,-543.988,false
3f65a4c8-bd78-42bd-81af-0288ae58bc4a,2026-07-26T08:52:30.576599Z,2026-07-26T08:52:30Z,2026-07-26T08:52:30.580919Z,2026-07-26T08:52:30Z,-576.599,580.919,-580.919,-576.599,false
8d7a51ca-b6ce-42a4-9626-c11acb55488a,2026-07-26T08:52:30.611283Z,2026-07-26T08:52:30Z,2026-07-26T08:52:30.613564Z,2026-07-26T08:52:30Z,-611.283,613.564,-613.564,-611.283,false
e46d7c68-a5b2-4a7a-99be-d9612f56b567,2026-07-26T08:52:30.644931Z,2026-07-26T08:52:30Z,2026-07-26T08:52:30.647787Z,2026-07-26T08:52:30Z,-644.931,647.787,-647.787,-644.931,false
c75f309d-4a76-4f21-99af-507fd259ff13,2026-07-26T08:52:30.680145Z,2026-07-26T08:52:30Z,2026-07-26T08:52:30.682896Z,2026-07-26T08:52:30Z,-680.145,682.896,-682.896,-680.145,false
438a2033-bd50-49dd-866f-b6343287c08a,2026-07-26T08:52:30.71316Z,2026-07-26T08:52:30Z,2026-07-26T08:52:30.714742Z,2026-07-26T08:52:30Z,-713.160,714.742,-714.742,-713.160,false
45cb17e5-e6c2-4a77-b12c-baf243054310,2026-07-26T08:52:30.747998Z,2026-07-26T08:52:30Z,2026-07-26T08:52:30.750334Z,2026-07-26T08:52:30Z,-747.998,750.334,-750.334,-747.998,false
78980027-2daa-4f25-b58f-98a9fb3957fa,2026-07-26T08:52:30.781729Z,2026-07-26T08:52:30Z,2026-07-26T08:52:30.788426Z,2026-07-26T08:52:30Z,-781.729,788.426,-788.426,-781.729,false
2b5ee4a6-4055-478c-a226-b2b817f01500,2026-07-26T08:52:30.817993Z,2026-07-26T08:52:30Z,2026-07-26T08:52:30.820702Z,2026-07-26T08:52:30Z,-817.993,820.702,-820.702,-817.993,false
42faea4d-2591-4de2-9d8c-5392c86d843c,2026-07-26T08:52:30.850527Z,2026-07-26T08:52:30Z,2026-07-26T08:52:30.853193Z,2026-07-26T08:52:30Z,-850.527,853.193,-853.193,-850.527,false
c83f5c7b-9db5-4fb3-a9ff-eab4549101dc,2026-07-26T08:52:30.885871Z,2026-07-26T08:52:30Z,2026-07-26T08:52:30.890186Z,2026-07-26T08:52:30Z,-885.871,890.186,-890.186,-885.871,false
48ed9631-b172-4832-a156-19fd1a5d7eed,2026-07-26T08:52:30.91953Z,2026-07-26T08:52:30Z,2026-07-26T08:52:30.922274Z,2026-07-26T08:52:30Z,-919.530,922.274,-922.274,-919.530,false
4e7bbab7-aeed-4e98-8223-3ac96e9fb089,2026-07-26T08:52:30.955485Z,2026-07-26T08:52:30Z,2026-07-26T08:52:30.95989Z,2026-07-26T08:52:30Z,-955.485,959.890,-959.890,-955.485,false
967c77d1-96a6-4ad6-a5f9-ad8713072e8a,2026-07-26T08:52:30.987958Z,2026-07-26T08:52:30Z,2026-07-26T08:52:30.993493Z,2026-07-26T08:52:30Z,-987.958,993.493,-993.493,-987.958,false
96d88c06-e053-4b1c-bd48-0620c4cebea6,2026-07-26T08:52:31.023051Z,2026-07-26T08:52:31Z,2026-07-26T08:52:31.026604Z,2026-07-26T08:52:31Z,-23.051,26.604,-26.604,-23.051,false
39458e26-1c53-4722-a8ea-c98ee0a11031,2026-07-26T08:52:31.055532Z,2026-07-26T08:52:31Z,2026-07-26T08:52:31.059232Z,2026-07-26T08:52:31Z,-55.532,59.232,-59.232,-55.532,false
d47bb813-e474-4040-9556-1704c8a32efe,2026-07-26T08:52:31.089461Z,2026-07-26T08:52:31Z,2026-07-26T08:52:31.095207Z,2026-07-26T08:52:31Z,-89.461,95.207,-95.207,-89.461,false
cd604420-068b-49ea-8c57-73ffc3012d9f,2026-07-26T08:52:31.126512Z,2026-07-26T08:52:31Z,2026-07-26T08:52:31.130366Z,2026-07-26T08:52:31Z,-126.512,130.366,-130.366,-126.512,false
6769256e-396d-4822-a95b-6e81a140cf4d,2026-07-26T08:52:31.156979Z,2026-07-26T08:52:31Z,2026-07-26T08:52:31.161838Z,2026-07-26T08:52:31Z,-156.979,161.838,-161.838,-156.979,false
59ff5b10-5ab0-4c51-a4ec-b492546c6619,2026-07-26T08:52:31.19143Z,2026-07-26T08:52:31Z,2026-07-26T08:52:31.194903Z,2026-07-26T08:52:31Z,-191.430,194.903,-194.903,-191.430,false
8422cb11-4479-4884-8405-630e0b977c9f,2026-07-26T08:52:31.224976Z,2026-07-26T08:52:31Z,2026-07-26T08:52:31.228019Z,2026-07-26T08:52:31Z,-224.976,228.019,-228.019,-224.976,false
49dbceff-3370-49e2-8b8f-44ed2730be62,2026-07-26T08:52:31.259167Z,2026-07-26T08:52:31Z,2026-07-26T08:52:31.262818Z,2026-07-26T08:52:31Z,-259.167,262.818,-262.818,-259.167,false
4fd6bed0-fffe-4119-9749-0c647aaef6d7,2026-07-26T08:52:31.294004Z,2026-07-26T08:52:31Z,2026-07-26T08:52:31.298086Z,2026-07-26T08:52:31Z,-294.004,298.086,-298.086,-294.004,false
7e8ce174-91da-491a-87b0-356c9dd47edc,2026-07-26T08:52:31.328155Z,2026-07-26T08:52:31Z,2026-07-26T08:52:31.333507Z,2026-07-26T08:52:31Z,-328.155,333.507,-333.507,-328.155,false
b2a39720-83b6-45d1-a13a-fb7171c4d201,2026-07-26T08:52:31.362517Z,2026-07-26T08:52:31Z,2026-07-26T08:52:31.365106Z,2026-07-26T08:52:31Z,-362.517,365.106,-365.106,-362.517,false
51139787-a68e-4b68-a71f-1e6604fc7dd3,2026-07-26T08:52:31.39647Z,2026-07-26T08:52:31Z,2026-07-26T08:52:31.400385Z,2026-07-26T08:52:31Z,-396.470,400.385,-400.385,-396.470,false
50885722-ca90-4138-be6b-b5863179829a,2026-07-26T08:52:31.432252Z,2026-07-26T08:52:31Z,2026-07-26T08:52:31.43617Z,2026-07-26T08:52:31Z,-432.252,436.170,-436.170,-432.252,false
abac516a-5f95-4c81-9826-ef1e9088388b,2026-07-26T08:52:31.464857Z,2026-07-26T08:52:31Z,2026-07-26T08:52:31.467696Z,2026-07-26T08:52:31Z,-464.857,467.696,-467.696,-464.857,false
f559c554-5484-46e5-a7bf-82b8e9f5df94,2026-07-26T08:52:31.498136Z,2026-07-26T08:52:31Z,2026-07-26T08:52:31.501468Z,2026-07-26T08:52:31Z,-498.136,501.468,-501.468,-498.136,false
114084eb-c51d-4c6d-b4c1-34c697d1c94c,2026-07-26T08:52:31.532959Z,2026-07-26T08:52:31Z,2026-07-26T08:52:31.536112Z,2026-07-26T08:52:31Z,-532.959,536.112,-536.112,-532.959,false
393835dc-1a9d-49c4-bf6b-d5fa41db247c,2026-07-26T08:52:31.568346Z,2026-07-26T08:52:31Z,2026-07-26T08:52:31.570938Z,2026-07-26T08:52:31Z,-568.346,570.938,-570.938,-568.346,false
14cb7037-2a73-434b-914b-461842978a24,2026-07-26T08:52:31.611892Z,2026-07-26T08:52:31Z,2026-07-26T08:52:31.625076Z,2026-07-26T08:52:31Z,-611.892,625.076,-625.076,-611.892,false
b5c715a0-2982-4474-ac7d-61b6aa643df0,2026-07-26T08:52:31.635863Z,2026-07-26T08:52:31Z,2026-07-26T08:52:31.638693Z,2026-07-26T08:52:31Z,-635.863,638.693,-638.693,-635.863,false
8bba77ba-b1b4-455e-9859-c27a79e915cb,2026-07-26T08:52:31.670118Z,2026-07-26T08:52:31Z,2026-07-26T08:52:31.67312Z,2026-07-26T08:52:31Z,-670.118,673.120,-673.120,-670.118,false
4b33ad7f-7311-46d4-84d4-96d2b726db15,2026-07-26T08:52:31.705531Z,2026-07-26T08:52:31Z,2026-07-26T08:52:31.708134Z,2026-07-26T08:52:31Z,-705.531,708.134,-708.134,-705.531,false
7a0e4ae2-93ca-44aa-af46-80b6d298d830,2026-07-26T08:52:31.739149Z,2026-07-26T08:52:31Z,2026-07-26T08:52:31.742161Z,2026-07-26T08:52:31Z,-739.149,742.161,-742.161,-739.149,false
270e7445-eae6-46d4-84e6-16953fe22255,2026-07-26T08:52:31.77482Z,2026-07-26T08:52:31Z,2026-07-26T08:52:31.777323Z,2026-07-26T08:52:31Z,-774.820,777.323,-777.323,-774.820,false
173896f5-dcf7-4026-b33a-c266f72813f1,2026-07-26T08:52:31.807967Z,2026-07-26T08:52:31Z,2026-07-26T08:52:31.810534Z,2026-07-26T08:52:31Z,-807.967,810.534,-810.534,-807.967,false
fc963c91-a12f-480d-a8de-808d45b53a14,2026-07-26T08:52:31.843376Z,2026-07-26T08:52:31Z,2026-07-26T08:52:31.845997Z,2026-07-26T08:52:31Z,-843.376,845.997,-845.997,-843.376,false
7aaa82ed-9c82-44cf-8b97-e65cf876ef61,2026-07-26T08:52:31.877147Z,2026-07-26T08:52:31Z,2026-07-26T08:52:31.881104Z,2026-07-26T08:52:31Z,-877.147,881.104,-881.104,-877.147,false
cf754b4d-5c40-460d-ae19-c60b5051f391,2026-07-26T08:52:31.912355Z,2026-07-26T08:52:31Z,2026-07-26T08:52:31.914676Z,2026-07-26T08:52:31Z,-912.355,914.676,-914.676,-912.355,false
c7e00d9a-0edc-4b07-b0bf-22ee01e3b49f,2026-07-26T08:52:31.946548Z,2026-07-26T08:52:31Z,2026-07-26T08:52:31.949762Z,2026-07-26T08:52:31Z,-946.548,949.762,-949.762,-946.548,false
c08a144b-15c6-453e-9b07-36c914878f30,2026-07-26T08:52:31.980381Z,2026-07-26T08:52:31Z,2026-07-26T08:52:31.982652Z,2026-07-26T08:52:31Z,-980.381,982.652,-982.652,-980.381,false
1c07bb72-d002-4b39-9cbc-dd5b4f7895a1,2026-07-26T08:52:32.016287Z,2026-07-26T08:52:32Z,2026-07-26T08:52:32.019447Z,2026-07-26T08:52:32Z,-16.287,19.447,-19.447,-16.287,false
03b6fd06-8cb1-4b31-b262-5dc6cfe0b0c7,2026-07-26T08:52:32.049802Z,2026-07-26T08:52:32Z,2026-07-26T08:52:32.054167Z,2026-07-26T08:52:32Z,-49.802,54.167,-54.167,-49.802,false
b1d32c06-e781-43a7-ac1d-3e41e43ad457,2026-07-26T08:52:32.083765Z,2026-07-26T08:52:32Z,2026-07-26T08:52:32.086916Z,2026-07-26T08:52:32Z,-83.765,86.916,-86.916,-83.765,false
c599f6c8-679c-4a39-8fe6-1acaa733f2c5,2026-07-26T08:52:32.118559Z,2026-07-26T08:52:32Z,2026-07-26T08:52:32.122144Z,2026-07-26T08:52:32Z,-118.559,122.144,-122.144,-118.559,false
36590764-7e2c-4d2b-9194-3ded8e406d2c,2026-07-26T08:52:32.154831Z,2026-07-26T08:52:32Z,2026-07-26T08:52:32.158473Z,2026-07-26T08:52:32Z,-154.831,158.473,-158.473,-154.831,false
ebfcaf83-b663-4dec-9667-3940e5a250a9,2026-07-26T08:52:32.188234Z,2026-07-26T08:52:32Z,2026-07-26T08:52:32.19135Z,2026-07-26T08:52:32Z,-188.234,191.350,-191.350,-188.234,false
7d742498-19a0-478c-b64e-5b8bc9e52c4e,2026-07-26T08:52:32.220846Z,2026-07-26T08:52:32Z,2026-07-26T08:52:32.223965Z,2026-07-26T08:52:32Z,-220.846,223.965,-223.965,-220.846,false
add5ded3-ec73-41f1-bec7-8470dd49f5af,2026-07-26T08:52:32.25552Z,2026-07-26T08:52:32Z,2026-07-26T08:52:32.259456Z,2026-07-26T08:52:32Z,-255.520,259.456,-259.456,-255.520,false
d11f5b01-fbb2-492c-8c71-625d491dc212,2026-07-26T08:52:32.289659Z,2026-07-26T08:52:32Z,2026-07-26T08:52:32.293029Z,2026-07-26T08:52:32Z,-289.659,293.029,-293.029,-289.659,false
fc3416a4-c32a-44df-9a10-0e4d62e800ea,2026-07-26T08:52:32.323402Z,2026-07-26T08:52:32Z,2026-07-26T08:52:32.326841Z,2026-07-26T08:52:32Z,-323.402,326.841,-326.841,-323.402,false
47f7a0c6-b44e-4d7e-af12-de37f797d9c5,2026-07-26T08:52:32.358864Z,2026-07-26T08:52:32Z,2026-07-26T08:52:32.36187Z,2026-07-26T08:52:32Z,-358.864,361.870,-361.870,-358.864,false
5e071d26-064f-48a0-a96a-5ef9d44805ce,2026-07-26T08:52:32.392294Z,2026-07-26T08:52:32Z,2026-07-26T08:52:32.395551Z,2026-07-26T08:52:32Z,-392.294,395.551,-395.551,-392.294,false
03fd7b35-0d63-4e4d-be3a-96386dad41e5,2026-07-26T08:52:32.425669Z,2026-07-26T08:52:32Z,2026-07-26T08:52:32.429009Z,2026-07-26T08:52:32Z,-425.669,429.009,-429.009,-425.669,false
6145ba44-85c1-4c69-852c-15c6aa484c7b,2026-07-26T08:52:32.461167Z,2026-07-26T08:52:32Z,2026-07-26T08:52:32.465522Z,2026-07-26T08:52:32Z,-461.167,465.522,-465.522,-461.167,false
a98d228c-ba41-4fde-baa1-62f2d36088ae,2026-07-26T08:52:32.494993Z,2026-07-26T08:52:32Z,2026-07-26T08:52:32.49817Z,2026-07-26T08:52:32Z,-494.993,498.170,-498.170,-494.993,false
7faff719-985a-4a96-9587-396f1c3b7c2f,2026-07-26T08:52:32.52967Z,2026-07-26T08:52:32Z,2026-07-26T08:52:32.54296Z,2026-07-26T08:52:32Z,-529.670,542.960,-542.960,-529.670,false
02bb0aa2-f594-47c4-a43a-88817b37bba6,2026-07-26T08:52:32.563265Z,2026-07-26T08:52:32Z,2026-07-26T08:52:32.566886Z,2026-07-26T08:52:32Z,-563.265,566.886,-566.886,-563.265,false
c15d7962-d3be-4078-b99c-6382c0eec6c8,2026-07-26T08:52:32.59783Z,2026-07-26T08:52:32Z,2026-07-26T08:52:32.601501Z,2026-07-26T08:52:32Z,-597.830,601.501,-601.501,-597.830,false
120a6c11-8afc-4efd-ad07-83527717ea32,2026-07-26T08:52:32.633606Z,2026-07-26T08:52:32Z,2026-07-26T08:52:32.636056Z,2026-07-26T08:52:32Z,-633.606,636.056,-636.056,-633.606,false
5390f18d-5468-4d90-ac09-69cb94aa13a1,2026-07-26T08:52:32.666367Z,2026-07-26T08:52:32Z,2026-07-26T08:52:32.669674Z,2026-07-26T08:52:32Z,-666.367,669.674,-669.674,-666.367,false
34165baf-f064-4ac4-bacc-db01ff53da6e,2026-07-26T08:52:32.700984Z,2026-07-26T08:52:32Z,2026-07-26T08:52:32.703598Z,2026-07-26T08:52:32Z,-700.984,703.598,-703.598,-700.984,false
46c045f8-00a6-4ec1-b341-1ec8d970783c,2026-07-26T08:52:32.737747Z,2026-07-26T08:52:32Z,2026-07-26T08:52:32.741292Z,2026-07-26T08:52:32Z,-737.747,741.292,-741.292,-737.747,false
31052cd2-2b95-43e4-82ea-cde8fa26aa39,2026-07-26T08:52:32.800614Z,2026-07-26T08:52:32Z,2026-07-26T08:52:32.815219Z,2026-07-26T08:52:32Z,-800.614,815.219,-815.219,-800.614,false
f1c89941-d97f-4a27-8c3c-36848888ac7f,2026-07-26T08:52:32.809565Z,2026-07-26T08:52:32Z,2026-07-26T08:52:32.817982Z,2026-07-26T08:52:32Z,-809.565,817.982,-817.982,-809.565,false
94e20845-f358-49f8-967d-06adcbce7d40,2026-07-26T08:52:32.840106Z,2026-07-26T08:52:32Z,2026-07-26T08:52:32.846179Z,2026-07-26T08:52:32Z,-840.106,846.179,-846.179,-840.106,false
6559b88a-a0bc-44f8-912b-f1bd7bddeb89,2026-07-26T08:52:32.879503Z,2026-07-26T08:52:32Z,2026-07-26T08:52:32.883059Z,2026-07-26T08:52:32Z,-879.503,883.059,-883.059,-879.503,false
f6b39791-6dda-4819-b696-f6e216b511e9,2026-07-26T08:52:32.906945Z,2026-07-26T08:52:32Z,2026-07-26T08:52:32.91264Z,2026-07-26T08:52:32Z,-906.945,912.640,-912.640,-906.945,false
5de76228-baf2-41bb-87e4-4feaead7ed1c,2026-07-26T08:52:32.940744Z,2026-07-26T08:52:32Z,2026-07-26T08:52:32.942806Z,2026-07-26T08:52:32Z,-940.744,942.806,-942.806,-940.744,false
94c7904d-db6c-4c5c-9e8c-45a6eb094242,2026-07-26T08:52:32.975701Z,2026-07-26T08:52:32Z,2026-07-26T08:52:32.978329Z,2026-07-26T08:52:32Z,-975.701,978.329,-978.329,-975.701,false
1d08e3d7-697a-4e1f-aec1-74fda8c28d9f,2026-07-26T08:52:33.00885Z,2026-07-26T08:52:33Z,2026-07-26T08:52:33.011589Z,2026-07-26T08:52:33Z,-8.850,11.589,-11.589,-8.850,false
6a62068d-b44b-40ea-978f-93ea9a0d3451,2026-07-26T08:52:33.042575Z,2026-07-26T08:52:33Z,2026-07-26T08:52:33.045656Z,2026-07-26T08:52:33Z,-42.575,45.656,-45.656,-42.575,false
0900448d-9d5b-43a8-87a1-8891e6e1ca9f,2026-07-26T08:52:33.077521Z,2026-07-26T08:52:33Z,2026-07-26T08:52:33.079823Z,2026-07-26T08:52:33Z,-77.521,79.823,-79.823,-77.521,false
593f7f29-6a1a-4808-8d4c-5e7cb3f203fd,2026-07-26T08:52:33.112494Z,2026-07-26T08:52:33Z,2026-07-26T08:52:33.116204Z,2026-07-26T08:52:33Z,-112.494,116.204,-116.204,-112.494,false
6fe63283-6cbd-4a42-b59c-14080a2f1901,2026-07-26T08:52:33.145681Z,2026-07-26T08:52:33Z,2026-07-26T08:52:33.148777Z,2026-07-26T08:52:33Z,-145.681,148.777,-148.777,-145.681,false
b5ca0537-d78a-49b2-ab4d-fe5dd8d32475,2026-07-26T08:52:33.179906Z,2026-07-26T08:52:33Z,2026-07-26T08:52:33.182577Z,2026-07-26T08:52:33Z,-179.906,182.577,-182.577,-179.906,false
c8f7440d-98db-4740-b2be-2f9bf16080ab,2026-07-26T08:52:33.215328Z,2026-07-26T08:52:33Z,2026-07-26T08:52:33.21758Z,2026-07-26T08:52:33Z,-215.328,217.580,-217.580,-215.328,false
26aa82e3-77eb-4495-ad91-ff5d8549b683,2026-07-26T08:52:33.250684Z,2026-07-26T08:52:33Z,2026-07-26T08:52:33.253151Z,2026-07-26T08:52:33Z,-250.684,253.151,-253.151,-250.684,false
fe6e5d1f-270b-4ed9-94f1-bbebac5fe47d,2026-07-26T08:52:33.283548Z,2026-07-26T08:52:33Z,2026-07-26T08:52:33.286418Z,2026-07-26T08:52:33Z,-283.548,286.418,-286.418,-283.548,false
2c18f781-57f7-4ccd-b74a-92f657ceabf3,2026-07-26T08:52:33.318462Z,2026-07-26T08:52:33Z,2026-07-26T08:52:33.3211Z,2026-07-26T08:52:33Z,-318.462,321.100,-321.100,-318.462,false
99b6ba14-130d-4e66-a046-d5d56c3c67e4,2026-07-26T08:52:33.351384Z,2026-07-26T08:52:33Z,2026-07-26T08:52:33.354468Z,2026-07-26T08:52:33Z,-351.384,354.468,-354.468,-351.384,false
1819adbf-73c3-4806-a190-8204c9ef8e4f,2026-07-26T08:52:33.384521Z,2026-07-26T08:52:33Z,2026-07-26T08:52:33.387351Z,2026-07-26T08:52:33Z,-384.521,387.351,-387.351,-384.521,false
074e0d50-16ab-4132-b851-d17703238bdc,2026-07-26T08:52:33.418995Z,2026-07-26T08:52:33Z,2026-07-26T08:52:33.421226Z,2026-07-26T08:52:33Z,-418.995,421.226,-421.226,-418.995,false
487a9a16-a1cb-4af2-9e75-39ab947ecf70,2026-07-26T08:52:33.453859Z,2026-07-26T08:52:33Z,2026-07-26T08:52:33.457179Z,2026-07-26T08:52:33Z,-453.859,457.179,-457.179,-453.859,false
2daa211d-65e5-460c-8a5f-c89baa8b9aa8,2026-07-26T08:52:33.486226Z,2026-07-26T08:52:33Z,2026-07-26T08:52:33.489096Z,2026-07-26T08:52:33Z,-486.226,489.096,-489.096,-486.226,false
d6c50661-2be5-4787-91cd-72e946bb4161,2026-07-26T08:52:33.520661Z,2026-07-26T08:52:33Z,2026-07-26T08:52:33.522885Z,2026-07-26T08:52:33Z,-520.661,522.885,-522.885,-520.661,false
024e75c2-a702-4b58-921c-da1e6c5c735d,2026-07-26T08:52:33.554661Z,2026-07-26T08:52:33Z,2026-07-26T08:52:33.558589Z,2026-07-26T08:52:33Z,-554.661,558.589,-558.589,-554.661,false
658cc145-654c-4c99-912f-308bc60891f0,2026-07-26T08:52:33.589683Z,2026-07-26T08:52:33Z,2026-07-26T08:52:33.59224Z,2026-07-26T08:52:33Z,-589.683,592.240,-592.240,-589.683,false
3af51caf-d192-48c6-b8df-50700582996e,2026-07-26T08:52:33.627016Z,2026-07-26T08:52:33Z,2026-07-26T08:52:33.630047Z,2026-07-26T08:52:33Z,-627.016,630.047,-630.047,-627.016,false
b03ec363-df2f-46bb-8c3a-5635236368f1,2026-07-26T08:52:33.658438Z,2026-07-26T08:52:33Z,2026-07-26T08:52:33.663737Z,2026-07-26T08:52:33Z,-658.438,663.737,-663.737,-658.438,false
da5fceda-f982-4ec9-b1ee-16da7f2887c9,2026-07-26T08:52:33.691807Z,2026-07-26T08:52:33Z,2026-07-26T08:52:33.695827Z,2026-07-26T08:52:33Z,-691.807,695.827,-695.827,-691.807,false
874eb907-d82c-47b7-aa06-05a4ece469f5,2026-07-26T08:52:33.726971Z,2026-07-26T08:52:33Z,2026-07-26T08:52:33.729434Z,2026-07-26T08:52:33Z,-726.971,729.434,-729.434,-726.971,false
d410cd4a-a362-49e0-b914-ec2877db96e0,2026-07-26T08:52:33.762978Z,2026-07-26T08:52:33Z,2026-07-26T08:52:33.76676Z,2026-07-26T08:52:33Z,-762.978,766.760,-766.760,-762.978,false
7675b1c1-649a-4293-ad65-86b186b206c8,2026-07-26T08:52:33.794395Z,2026-07-26T08:52:33Z,2026-07-26T08:52:33.799038Z,2026-07-26T08:52:33Z,-794.395,799.038,-799.038,-794.395,false
d15a4a2a-589c-4bd6-ad8c-2e044d7db44b,2026-07-26T08:52:33.829019Z,2026-07-26T08:52:33Z,2026-07-26T08:52:33.835177Z,2026-07-26T08:52:33Z,-829.019,835.177,-835.177,-829.019,false
79c5ab4d-9381-4aaf-9504-ca43ffdbb853,2026-07-26T08:52:33.862531Z,2026-07-26T08:52:33Z,2026-07-26T08:52:33.866424Z,2026-07-26T08:52:33Z,-862.531,866.424,-866.424,-862.531,false
b3c76077-9805-42c9-abd4-34c88f582d97,2026-07-26T08:52:33.896995Z,2026-07-26T08:52:33Z,2026-07-26T08:52:33.899018Z,2026-07-26T08:52:33Z,-896.995,899.018,-899.018,-896.995,false
b73e64cd-193d-45b0-894a-d5a3ae1a337a,2026-07-26T08:52:33.930873Z,2026-07-26T08:52:33Z,2026-07-26T08:52:33.933455Z,2026-07-26T08:52:33Z,-930.873,933.455,-933.455,-930.873,false
41eb8f01-97aa-491d-ac82-83eead2d8efe,2026-07-26T08:52:33.964666Z,2026-07-26T08:52:33Z,2026-07-26T08:52:33.967032Z,2026-07-26T08:52:33Z,-964.666,967.032,-967.032,-964.666,false
edb485fc-8f57-47ef-aaa3-1f7b64c53037,2026-07-26T08:52:33.998021Z,2026-07-26T08:52:33Z,2026-07-26T08:52:34.000744Z,2026-07-26T08:52:33Z,-998.021,1000.744,-1000.744,-998.021,false
56b94941-6bb6-4b12-8345-766bc8dabe8a,2026-07-26T08:52:34.035062Z,2026-07-26T08:52:34Z,2026-07-26T08:52:34.037853Z,2026-07-26T08:52:34Z,-35.062,37.853,-37.853,-35.062,false
ef4ce189-1d30-497a-89e2-8c80aa1ed265,2026-07-26T08:52:34.064879Z,2026-07-26T08:52:34Z,2026-07-26T08:52:34.068679Z,2026-07-26T08:52:34Z,-64.879,68.679,-68.679,-64.879,false
44e646bb-95e7-4282-96cd-57e7a36a68eb,2026-07-26T08:52:34.098371Z,2026-07-26T08:52:34Z,2026-07-26T08:52:34.100618Z,2026-07-26T08:52:34Z,-98.371,100.618,-100.618,-98.371,false
8d9faa44-1687-474f-ac14-2959d386d0a6,2026-07-26T08:52:34.132596Z,2026-07-26T08:52:34Z,2026-07-26T08:52:34.134937Z,2026-07-26T08:52:34Z,-132.596,134.937,-134.937,-132.596,false
c6efa249-df54-4175-b760-47d4ecf3ab9b,2026-07-26T08:52:34.167406Z,2026-07-26T08:52:34Z,2026-07-26T08:52:34.170181Z,2026-07-26T08:52:34Z,-167.406,170.181,-170.181,-167.406,false
9ff871b7-aa75-4e69-b0d5-363a0cb7a191,2026-07-26T08:52:34.201229Z,2026-07-26T08:52:34Z,2026-07-26T08:52:34.206081Z,2026-07-26T08:52:34Z,-201.229,206.081,-206.081,-201.229,false
b310c50e-457a-4188-aeab-b5f6ecd71ba1,2026-07-26T08:52:34.235169Z,2026-07-26T08:52:34Z,2026-07-26T08:52:34.237232Z,2026-07-26T08:52:34Z,-235.169,237.232,-237.232,-235.169,false
b3381442-6b1c-497a-a39a-ff3ab4c32892,2026-07-26T08:52:34.285309Z,2026-07-26T08:52:34Z,2026-07-26T08:52:34.289634Z,2026-07-26T08:52:34Z,-285.309,289.634,-289.634,-285.309,false
2743d467-9973-4d69-9d71-0384511dd44c,2026-07-26T08:52:34.302876Z,2026-07-26T08:52:34Z,2026-07-26T08:52:34.30567Z,2026-07-26T08:52:34Z,-302.876,305.670,-305.670,-302.876,false
192c5419-43e6-4585-b9f7-be7302e94a4a,2026-07-26T08:52:34.337385Z,2026-07-26T08:52:34Z,2026-07-26T08:52:34.340042Z,2026-07-26T08:52:34Z,-337.385,340.042,-340.042,-337.385,false
2c4213b8-56ab-4ff9-9639-0ffed1834778,2026-07-26T08:52:34.371959Z,2026-07-26T08:52:34Z,2026-07-26T08:52:34.374629Z,2026-07-26T08:52:34Z,-371.959,374.629,-374.629,-371.959,false
483301f8-457b-47e7-958e-8873ccc9f8d1,2026-07-26T08:52:34.40574Z,2026-07-26T08:52:34Z,2026-07-26T08:52:34.408177Z,2026-07-26T08:52:34Z,-405.740,408.177,-408.177,-405.740,false
178d9e48-67b5-4612-8d28-b400f0dc9a08,2026-07-26T08:52:34.440645Z,2026-07-26T08:52:34Z,2026-07-26T08:52:34.443822Z,2026-07-26T08:52:34Z,-440.645,443.822,-443.822,-440.645,false
4d49bb39-a505-4ea7-8fc8-5e0b755d7065,2026-07-26T08:52:34.473645Z,2026-07-26T08:52:34Z,2026-07-26T08:52:34.476079Z,2026-07-26T08:52:34Z,-473.645,476.079,-476.079,-473.645,false
c56f1678-7f2a-4a28-a279-07d4a1a538a7,2026-07-26T08:52:34.507433Z,2026-07-26T08:52:34Z,2026-07-26T08:52:34.509978Z,2026-07-26T08:52:34Z,-507.433,509.978,-509.978,-507.433,false
9cefe147-9849-465f-b648-e3c6ad2be76b,2026-07-26T08:52:34.54531Z,2026-07-26T08:52:34Z,2026-07-26T08:52:34.549047Z,2026-07-26T08:52:34Z,-545.310,549.047,-549.047,-545.310,false
9e7eef51-4e8c-440b-a4b7-57be8ca13506,2026-07-26T08:52:34.576601Z,2026-07-26T08:52:34Z,2026-07-26T08:52:34.579471Z,2026-07-26T08:52:34Z,-576.601,579.471,-579.471,-576.601,false
0b711e88-ec57-4c82-bb84-67474fda17e7,2026-07-26T08:52:34.611751Z,2026-07-26T08:52:34Z,2026-07-26T08:52:34.616117Z,2026-07-26T08:52:34Z,-611.751,616.117,-616.117,-611.751,false
bd982b4f-8ecf-4872-b77e-2c89a5f71dd8,2026-07-26T08:52:34.646901Z,2026-07-26T08:52:34Z,2026-07-26T08:52:34.653606Z,2026-07-26T08:52:34Z,-646.901,653.606,-653.606,-646.901,false
05afdc51-205d-4c3a-be63-b384b9d9e1ed,2026-07-26T08:52:34.679486Z,2026-07-26T08:52:34Z,2026-07-26T08:52:34.682786Z,2026-07-26T08:52:34Z,-679.486,682.786,-682.786,-679.486,false
470546af-2de3-406e-ae50-d6dd0fa688ac,2026-07-26T08:52:34.714027Z,2026-07-26T08:52:34Z,2026-07-26T08:52:34.716737Z,2026-07-26T08:52:34Z,-714.027,716.737,-716.737,-714.027,false
8da371e6-9bba-4b91-ad06-7778ae586786,2026-07-26T08:52:34.749084Z,2026-07-26T08:52:34Z,2026-07-26T08:52:34.752134Z,2026-07-26T08:52:34Z,-749.084,752.134,-752.134,-749.084,false
2dcfdb01-76a6-410e-87d9-5abd0ce95f02,2026-07-26T08:52:34.782905Z,2026-07-26T08:52:34Z,2026-07-26T08:52:34.785878Z,2026-07-26T08:52:34Z,-782.905,785.878,-785.878,-782.905,false
f3473de7-9cd7-4465-8521-395cfa288701,2026-07-26T08:52:34.817021Z,2026-07-26T08:52:34Z,2026-07-26T08:52:34.819849Z,2026-07-26T08:52:34Z,-817.021,819.849,-819.849,-817.021,false
018722f3-339e-4899-9ae8-224dfe6e1faa,2026-07-26T08:52:34.851473Z,2026-07-26T08:52:34Z,2026-07-26T08:52:34.854031Z,2026-07-26T08:52:34Z,-851.473,854.031,-854.031,-851.473,false
9da1a58d-5adf-4cb4-bde4-41964ecfd160,2026-07-26T08:52:34.886337Z,2026-07-26T08:52:34Z,2026-07-26T08:52:34.890731Z,2026-07-26T08:52:34Z,-886.337,890.731,-890.731,-886.337,false
b5081ea0-dc41-4617-9620-1037f1045560,2026-07-26T08:52:34.921132Z,2026-07-26T08:52:34Z,2026-07-26T08:52:34.923663Z,2026-07-26T08:52:34Z,-921.132,923.663,-923.663,-921.132,false
0ea23219-14c8-43e8-9690-8c2085e8d7f1,2026-07-26T08:52:34.954643Z,2026-07-26T08:52:34Z,2026-07-26T08:52:34.956622Z,2026-07-26T08:52:34Z,-954.643,956.622,-956.622,-954.643,false
359ecf70-458c-4dd0-ad56-e90b6da665be,2026-07-26T08:52:34.988263Z,2026-07-26T08:52:34Z,2026-07-26T08:52:34.990878Z,2026-07-26T08:52:34Z,-988.263,990.878,-990.878,-988.263,false
35fe29b6-8f7b-4079-8c3b-a52f985d68ef,2026-07-26T08:52:35.022321Z,2026-07-26T08:52:35Z,2026-07-26T08:52:35.024985Z,2026-07-26T08:52:35Z,-22.321,24.985,-24.985,-22.321,false
43f80d82-67bd-4283-82e3-934b8b00b4b2,2026-07-26T08:52:35.057171Z,2026-07-26T08:52:35Z,2026-07-26T08:52:35.074642Z,2026-07-26T08:52:35Z,-57.171,74.642,-74.642,-57.171,false
0d5457d3-9350-4005-930a-130855e04f9d,2026-07-26T08:52:35.098171Z,2026-07-26T08:52:35Z,2026-07-26T08:52:35.112692Z,2026-07-26T08:52:35Z,-98.171,112.692,-112.692,-98.171,false
ed9f2afb-cefd-4912-9b27-edbe4603999f,2026-07-26T08:52:35.132947Z,2026-07-26T08:52:35Z,2026-07-26T08:52:35.147457Z,2026-07-26T08:52:35Z,-132.947,147.457,-147.457,-132.947,false
6b361c9d-8108-4057-917d-a4948a45437b,2026-07-26T08:52:35.171221Z,2026-07-26T08:52:35Z,2026-07-26T08:52:35.178896Z,2026-07-26T08:52:35Z,-171.221,178.896,-178.896,-171.221,false
8df6388a-1c00-42cb-a523-7255100f9795,2026-07-26T08:52:35.208755Z,2026-07-26T08:52:35Z,2026-07-26T08:52:35.213428Z,2026-07-26T08:52:35Z,-208.755,213.428,-213.428,-208.755,false
81cd84ad-8cc6-4c54-a353-dd47196d1ac1,2026-07-26T08:52:35.229053Z,2026-07-26T08:52:35Z,2026-07-26T08:52:35.231977Z,2026-07-26T08:52:35Z,-229.053,231.977,-231.977,-229.053,false
05328501-7673-40cf-8b84-79e231cc490f,2026-07-26T08:52:35.26307Z,2026-07-26T08:52:35Z,2026-07-26T08:52:35.264695Z,2026-07-26T08:52:35Z,-263.070,264.695,-264.695,-263.070,false
eb42bc19-5212-4173-b031-64382de3e318,2026-07-26T08:52:35.300914Z,2026-07-26T08:52:35Z,2026-07-26T08:52:35.301913Z,2026-07-26T08:52:35Z,-300.914,301.913,-301.913,-300.914,false
d1561ad6-453c-40aa-9364-3aa72587da00,2026-07-26T08:52:35.333293Z,2026-07-26T08:52:35Z,2026-07-26T08:52:35.336145Z,2026-07-26T08:52:35Z,-333.293,336.145,-336.145,-333.293,false
77fa2ee6-bfea-421f-b314-82de1878b8aa,2026-07-26T08:52:35.367306Z,2026-07-26T08:52:35Z,2026-07-26T08:52:35.371952Z,2026-07-26T08:52:35Z,-367.306,371.952,-371.952,-367.306,false
5d0be262-e769-44e3-b3c1-4a86736bcf36,2026-07-26T08:52:35.403817Z,2026-07-26T08:52:35Z,2026-07-26T08:52:35.405964Z,2026-07-26T08:52:35Z,-403.817,405.964,-405.964,-403.817,false
0c366206-745e-44e5-8af5-b365398610fb,2026-07-26T08:52:35.435295Z,2026-07-26T08:52:35Z,2026-07-26T08:52:35.437721Z,2026-07-26T08:52:35Z,-435.295,437.721,-437.721,-435.295,false
04c073fd-2d77-40d9-99c2-3628032805be,2026-07-26T08:52:35.470069Z,2026-07-26T08:52:35Z,2026-07-26T08:52:35.472839Z,2026-07-26T08:52:35Z,-470.069,472.839,-472.839,-470.069,false
b482227a-ccc5-4328-a5d6-2aa94e904f9d,2026-07-26T08:52:35.504572Z,2026-07-26T08:52:35Z,2026-07-26T08:52:35.507509Z,2026-07-26T08:52:35Z,-504.572,507.509,-507.509,-504.572,false
7f206049-8d13-4f99-91e1-3d6300d52703,2026-07-26T08:52:35.539027Z,2026-07-26T08:52:35Z,2026-07-26T08:52:35.540903Z,2026-07-26T08:52:35Z,-539.027,540.903,-540.903,-539.027,false
7e029df6-4a9e-4d7b-9125-5343a8ac11ff,2026-07-26T08:52:35.573137Z,2026-07-26T08:52:35Z,2026-07-26T08:52:35.575865Z,2026-07-26T08:52:35Z,-573.137,575.865,-575.865,-573.137,false
d8c7fbec-4b42-42ae-94e0-15ef0e166c09,2026-07-26T08:52:35.608229Z,2026-07-26T08:52:35Z,2026-07-26T08:52:35.610272Z,2026-07-26T08:52:35Z,-608.229,610.272,-610.272,-608.229,false
ca4912bd-8fe1-477b-af29-b4c6b37964a9,2026-07-26T08:52:35.643013Z,2026-07-26T08:52:35Z,2026-07-26T08:52:35.645304Z,2026-07-26T08:52:35Z,-643.013,645.304,-645.304,-643.013,false
cfe6e4ce-7220-4de2-82d9-3d8962e4ad02,2026-07-26T08:52:35.677014Z,2026-07-26T08:52:35Z,2026-07-26T08:52:35.679683Z,2026-07-26T08:52:35Z,-677.014,679.683,-679.683,-677.014,false
97a1e44a-4a96-48b0-9472-7f60e305d908,2026-07-26T08:52:35.711589Z,2026-07-26T08:52:35Z,2026-07-26T08:52:35.714286Z,2026-07-26T08:52:35Z,-711.589,714.286,-714.286,-711.589,false
4fcd71f1-ff2c-42c7-9dd6-fb08b23c5284,2026-07-26T08:52:35.74581Z,2026-07-26T08:52:35Z,2026-07-26T08:52:35.749327Z,2026-07-26T08:52:35Z,-745.810,749.327,-749.327,-745.810,false
87e7896d-f73c-4c01-bc07-8ecec8589f4a,2026-07-26T08:52:35.805753Z,2026-07-26T08:52:35Z,2026-07-26T08:52:35.810868Z,2026-07-26T08:52:35Z,-805.753,810.868,-810.868,-805.753,false
e6672454-9a73-4373-8f7f-4497a5d881a6,2026-07-26T08:52:35.829278Z,2026-07-26T08:52:35Z,2026-07-26T08:52:35.844693Z,2026-07-26T08:52:35Z,-829.278,844.693,-844.693,-829.278,false
c7a5d105-9230-4f16-b15a-e44dbcc38ce1,2026-07-26T08:52:35.85578Z,2026-07-26T08:52:35Z,2026-07-26T08:52:35.858406Z,2026-07-26T08:52:35Z,-855.780,858.406,-858.406,-855.780,false
492b7a5e-323c-4281-8858-6be1f51ff196,2026-07-26T08:52:35.890884Z,2026-07-26T08:52:35Z,2026-07-26T08:52:35.892648Z,2026-07-26T08:52:35Z,-890.884,892.648,-892.648,-890.884,false
964bcd95-93f6-49e7-a4e1-b1011d7a419b,2026-07-26T08:52:35.93251Z,2026-07-26T08:52:35Z,2026-07-26T08:52:35.942091Z,2026-07-26T08:52:35Z,-932.510,942.091,-942.091,-932.510,false
91103e2f-a69b-471a-9d8e-6d901aaba9ae,2026-07-26T08:52:35.968385Z,2026-07-26T08:52:35Z,2026-07-26T08:52:35.981496Z,2026-07-26T08:52:35Z,-968.385,981.496,-981.496,-968.385,false
8a361f14-e557-49f1-b718-f9c7196ae9f9,2026-07-26T08:52:35.995728Z,2026-07-26T08:52:36Z,2026-07-26T08:52:36.030617Z,2026-07-26T08:52:36Z,4.272,30.617,-30.617,4.272,false
79e4b1d6-35db-43c9-a145-2c6a549aa38f,2026-07-26T08:52:36.034779Z,2026-07-26T08:52:36Z,2026-07-26T08:52:36.041432Z,2026-07-26T08:52:36Z,-34.779,41.432,-41.432,-34.779,false
1808a678-bb5f-432b-a224-eade82655929,2026-07-26T08:52:36.061601Z,2026-07-26T08:52:36Z,2026-07-26T08:52:36.064329Z,2026-07-26T08:52:36Z,-61.601,64.329,-64.329,-61.601,false
356f6948-deb5-4bd9-a57d-015d7e55bcbf,2026-07-26T08:52:36.096237Z,2026-07-26T08:52:36Z,2026-07-26T08:52:36.098936Z,2026-07-26T08:52:36Z,-96.237,98.936,-98.936,-96.237,false
bf310253-fbe0-46c7-9f37-6be7a4cd9bf7,2026-07-26T08:52:36.131592Z,2026-07-26T08:52:36Z,2026-07-26T08:52:36.136116Z,2026-07-26T08:52:36Z,-131.592,136.116,-136.116,-131.592,false
649eb34a-7b7c-45dc-b881-b56a238e9661,2026-07-26T08:52:36.164404Z,2026-07-26T08:52:36Z,2026-07-26T08:52:36.166705Z,2026-07-26T08:52:36Z,-164.404,166.705,-166.705,-164.404,false
33b85264-ba73-44ae-8d78-8da7007e39ea,2026-07-26T08:52:36.201206Z,2026-07-26T08:52:36Z,2026-07-26T08:52:36.206547Z,2026-07-26T08:52:36Z,-201.206,206.547,-206.547,-201.206,false
65612c2a-0189-49c6-9631-a264e5edebfa,2026-07-26T08:52:36.233003Z,2026-07-26T08:52:36Z,2026-07-26T08:52:36.236958Z,2026-07-26T08:52:36Z,-233.003,236.958,-236.958,-233.003,false
ba17c4ae-8daa-4551-b032-33c43eebc013,2026-07-26T08:52:36.2671Z,2026-07-26T08:52:36Z,2026-07-26T08:52:36.270711Z,2026-07-26T08:52:36Z,-267.100,270.711,-270.711,-267.100,false
a6d2dea7-ce34-43ab-8416-3579abfac3a0,2026-07-26T08:52:36.302286Z,2026-07-26T08:52:36Z,2026-07-26T08:52:36.30565Z,2026-07-26T08:52:36Z,-302.286,305.650,-305.650,-302.286,false
5596f6ae-02a4-4127-a6c5-3473b5962aa6,2026-07-26T08:52:36.33831Z,2026-07-26T08:52:36Z,2026-07-26T08:52:36.342546Z,2026-07-26T08:52:36Z,-338.310,342.546,-342.546,-338.310,false
315ef5cc-91af-491a-8be3-36c4702ef3dc,2026-07-26T08:52:36.371129Z,2026-07-26T08:52:36Z,2026-07-26T08:52:36.374399Z,2026-07-26T08:52:36Z,-371.129,374.399,-374.399,-371.129,false
a19a24dc-5a6c-4514-be22-3df0b5b2401b,2026-07-26T08:52:36.405225Z,2026-07-26T08:52:36Z,2026-07-26T08:52:36.408543Z,2026-07-26T08:52:36Z,-405.225,408.543,-408.543,-405.225,false
21c2c5ff-ba1a-43ce-ba65-002e26b98f9b,2026-07-26T08:52:36.440091Z,2026-07-26T08:52:36Z,2026-07-26T08:52:36.442302Z,2026-07-26T08:52:36Z,-440.091,442.302,-442.302,-440.091,false
b9b808b3-d995-4c9e-ba0d-1119441cc566,2026-07-26T08:52:36.474118Z,2026-07-26T08:52:36Z,2026-07-26T08:52:36.476961Z,2026-07-26T08:52:36Z,-474.118,476.961,-476.961,-474.118,false
2717fa5c-19b2-4067-9d7a-1524546cf837,2026-07-26T08:52:36.508782Z,2026-07-26T08:52:36Z,2026-07-26T08:52:36.51259Z,2026-07-26T08:52:36Z,-508.782,512.590,-512.590,-508.782,false
c512d922-12ee-4202-915b-f3c5b19909b9,2026-07-26T08:52:36.542996Z,2026-07-26T08:52:36Z,2026-07-26T08:52:36.54563Z,2026-07-26T08:52:36Z,-542.996,545.630,-545.630,-542.996,false
fa7ef546-875c-4e1a-b25c-277b7590504e,2026-07-26T08:52:36.577042Z,2026-07-26T08:52:36Z,2026-07-26T08:52:36.579236Z,2026-07-26T08:52:36Z,-577.042,579.236,-579.236,-577.042,false
ddfb0bbc-11d4-4f23-a794-0289abd9a562,2026-07-26T08:52:36.613342Z,2026-07-26T08:52:36Z,2026-07-26T08:52:36.616149Z,2026-07-26T08:52:36Z,-613.342,616.149,-616.149,-613.342,false
34096926-f4e6-4d11-a828-02a4aae1ed07,2026-07-26T08:52:36.646726Z,2026-07-26T08:52:36Z,2026-07-26T08:52:36.649198Z,2026-07-26T08:52:36Z,-646.726,649.198,-649.198,-646.726,false
26cf08a4-31fd-4b37-9ec2-9783a24a4787,2026-07-26T08:52:36.681036Z,2026-07-26T08:52:36Z,2026-07-26T08:52:36.683738Z,2026-07-26T08:52:36Z,-681.036,683.738,-683.738,-681.036,false
978c2978-a4c5-457c-bb71-1bc4c9d187a4,2026-07-26T08:52:36.715648Z,2026-07-26T08:52:36Z,2026-07-26T08:52:36.718297Z,2026-07-26T08:52:36Z,-715.648,718.297,-718.297,-715.648,false
05e68bd3-a98b-4a6d-8f6c-7d2b131cf3ff,2026-07-26T08:52:36.74951Z,2026-07-26T08:52:36Z,2026-07-26T08:52:36.751982Z,2026-07-26T08:52:36Z,-749.510,751.982,-751.982,-749.510,false
40d2d38f-604a-401b-b7b6-405588587598,2026-07-26T08:52:36.783836Z,2026-07-26T08:52:36Z,2026-07-26T08:52:36.786248Z,2026-07-26T08:52:36Z,-783.836,786.248,-786.248,-783.836,false
2c17b451-3b92-429e-ac71-57e1c421a0db,2026-07-26T08:52:36.819148Z,2026-07-26T08:52:36Z,2026-07-26T08:52:36.822088Z,2026-07-26T08:52:36Z,-819.148,822.088,-822.088,-819.148,false
b816cf51-b610-48b4-89c0-f15fa731e249,2026-07-26T08:52:36.852804Z,2026-07-26T08:52:36Z,2026-07-26T08:52:36.856044Z,2026-07-26T08:52:36Z,-852.804,856.044,-856.044,-852.804,false
fbba5cc3-44e2-4bf8-9ebc-56f0174c4e2a,2026-07-26T08:52:36.887778Z,2026-07-26T08:52:36Z,2026-07-26T08:52:36.890197Z,2026-07-26T08:52:36Z,-887.778,890.197,-890.197,-887.778,false
9b288ddc-eec9-4a52-a6d5-6c2dde869906,2026-07-26T08:52:36.921978Z,2026-07-26T08:52:36Z,2026-07-26T08:52:36.927551Z,2026-07-26T08:52:36Z,-921.978,927.551,-927.551,-921.978,false
4fa9bb46-d624-4d3c-9ce8-4f89995fffb7,2026-07-26T08:52:36.956121Z,2026-07-26T08:52:36Z,2026-07-26T08:52:36.958893Z,2026-07-26T08:52:36Z,-956.121,958.893,-958.893,-956.121,false
f4e1585b-5650-4bc2-b10f-c3ebafa86df7,2026-07-26T08:52:36.991105Z,2026-07-26T08:52:36Z,2026-07-26T08:52:36.993979Z,2026-07-26T08:52:36Z,-991.105,993.979,-993.979,-991.105,false
c514eaaf-13cc-4a73-952f-df1013fcf6ab,2026-07-26T08:52:37.028552Z,2026-07-26T08:52:37Z,2026-07-26T08:52:37.02942Z,2026-07-26T08:52:37Z,-28.552,29.420,-29.420,-28.552,false
1981604e-2258-48f6-9545-8e2aac3bc8f4,2026-07-26T08:52:37.058441Z,2026-07-26T08:52:37Z,2026-07-26T08:52:37.061639Z,2026-07-26T08:52:37Z,-58.441,61.639,-61.639,-58.441,false
319a29ed-d0b0-4346-b6ad-9c5999b4a262,2026-07-26T08:52:37.092092Z,2026-07-26T08:52:37Z,2026-07-26T08:52:37.09464Z,2026-07-26T08:52:37Z,-92.092,94.640,-94.640,-92.092,false
f7c173a4-c670-4f6a-8d81-6756d5afccda,2026-07-26T08:52:37.127967Z,2026-07-26T08:52:37Z,2026-07-26T08:52:37.131823Z,2026-07-26T08:52:37Z,-127.967,131.823,-131.823,-127.967,false
91fab115-df64-44d7-a845-791f071e61a8,2026-07-26T08:52:37.162706Z,2026-07-26T08:52:37Z,2026-07-26T08:52:37.16573Z,2026-07-26T08:52:37Z,-162.706,165.730,-165.730,-162.706,false
dfa79004-592b-46a4-85ef-4fec2d755bbe,2026-07-26T08:52:37.195303Z,2026-07-26T08:52:37Z,2026-07-26T08:52:37.197572Z,2026-07-26T08:52:37Z,-195.303,197.572,-197.572,-195.303,false
a11fef79-8c05-4769-90ea-8f8833b4b4f1,2026-07-26T08:52:37.230917Z,2026-07-26T08:52:37Z,2026-07-26T08:52:37.233261Z,2026-07-26T08:52:37Z,-230.917,233.261,-233.261,-230.917,false
56eca8ce-fc77-41a9-9ca4-cd780b1c2848,2026-07-26T08:52:37.263772Z,2026-07-26T08:52:37Z,2026-07-26T08:52:37.265708Z,2026-07-26T08:52:37Z,-263.772,265.708,-265.708,-263.772,false
94380a8d-b685-4494-888e-0872819eacb0,2026-07-26T08:52:37.299289Z,2026-07-26T08:52:37Z,2026-07-26T08:52:37.301474Z,2026-07-26T08:52:37Z,-299.289,301.474,-301.474,-299.289,false
f211722c-bd7d-4416-aebc-5b473d4600df,2026-07-26T08:52:37.335118Z,2026-07-26T08:52:37Z,2026-07-26T08:52:37.339751Z,2026-07-26T08:52:37Z,-335.118,339.751,-339.751,-335.118,false
8d0aa0b5-f574-4e89-9563-cbd05390c56a,2026-07-26T08:52:37.367687Z,2026-07-26T08:52:37Z,2026-07-26T08:52:37.370241Z,2026-07-26T08:52:37Z,-367.687,370.241,-370.241,-367.687,false
2545e575-2853-4b33-bdc0-e3a2cbd61c3d,2026-07-26T08:52:37.400934Z,2026-07-26T08:52:37Z,2026-07-26T08:52:37.403026Z,2026-07-26T08:52:37Z,-400.934,403.026,-403.026,-400.934,false
6435c690-3adf-46b0-9884-80bac4737a42,2026-07-26T08:52:37.435091Z,2026-07-26T08:52:37Z,2026-07-26T08:52:37.437982Z,2026-07-26T08:52:37Z,-435.091,437.982,-437.982,-435.091,false
a4848439-fb3f-4dae-a162-8e063f742be4,2026-07-26T08:52:37.469368Z,2026-07-26T08:52:37Z,2026-07-26T08:52:37.472104Z,2026-07-26T08:52:37Z,-469.368,472.104,-472.104,-469.368,false
5e99dcc5-51f5-422b-ac50-a15db7017891,2026-07-26T08:52:37.503655Z,2026-07-26T08:52:37Z,2026-07-26T08:52:37.506727Z,2026-07-26T08:52:37Z,-503.655,506.727,-506.727,-503.655,false
3ac40cab-59f1-4be3-bda5-e6219e6e8414,2026-07-26T08:52:37.537678Z,2026-07-26T08:52:37Z,2026-07-26T08:52:37.540861Z,2026-07-26T08:52:37Z,-537.678,540.861,-540.861,-537.678,false
f2a1db32-8512-4ec1-b65c-fbe682a96fc5,2026-07-26T08:52:37.571707Z,2026-07-26T08:52:37Z,2026-07-26T08:52:37.573966Z,2026-07-26T08:52:37Z,-571.707,573.966,-573.966,-571.707,false
d4b09cb5-8acd-4a09-8f27-a7da716b120a,2026-07-26T08:52:37.607293Z,2026-07-26T08:52:37Z,2026-07-26T08:52:37.611232Z,2026-07-26T08:52:37Z,-607.293,611.232,-611.232,-607.293,false
cf41db96-01e0-4017-8d7b-993ff76d04e0,2026-07-26T08:52:37.641541Z,2026-07-26T08:52:37Z,2026-07-26T08:52:37.644929Z,2026-07-26T08:52:37Z,-641.541,644.929,-644.929,-641.541,false
a6427b19-1186-47f9-9a90-c4505566626d,2026-07-26T08:52:37.683674Z,2026-07-26T08:52:37Z,2026-07-26T08:52:37.686688Z,2026-07-26T08:52:37Z,-683.674,686.688,-686.688,-683.674,false
a4276fab-ff34-47ee-9a01-6e4dcb3ee27e,2026-07-26T08:52:37.709887Z,2026-07-26T08:52:37Z,2026-07-26T08:52:37.712203Z,2026-07-26T08:52:37Z,-709.887,712.203,-712.203,-709.887,false
e2eeceb9-e10e-4b36-93e2-01d4768b2183,2026-07-26T08:52:37.744547Z,2026-07-26T08:52:37Z,2026-07-26T08:52:37.747796Z,2026-07-26T08:52:37Z,-744.547,747.796,-747.796,-744.547,false
070094d1-0b96-45ae-8390-ff4fbd3a9602,2026-07-26T08:52:37.778314Z,2026-07-26T08:52:37Z,2026-07-26T08:52:37.781971Z,2026-07-26T08:52:37Z,-778.314,781.971,-781.971,-778.314,false
a770893b-56f8-4da7-8859-daf17ea10e73,2026-07-26T08:52:37.812409Z,2026-07-26T08:52:37Z,2026-07-26T08:52:37.815408Z,2026-07-26T08:52:37Z,-812.409,815.408,-815.408,-812.409,false
5e84f273-2dd3-449d-a917-bad8552bc91a,2026-07-26T08:52:37.846965Z,2026-07-26T08:52:37Z,2026-07-26T08:52:37.849735Z,2026-07-26T08:52:37Z,-846.965,849.735,-849.735,-846.965,false
f422ae63-1c4e-4cf7-a712-9c966718f8f0,2026-07-26T08:52:37.881338Z,2026-07-26T08:52:37Z,2026-07-26T08:52:37.884587Z,2026-07-26T08:52:37Z,-881.338,884.587,-884.587,-881.338,false
2d3ecfc8-a684-41ba-b345-d157e1a1bdc3,2026-07-26T08:52:37.915939Z,2026-07-26T08:52:37Z,2026-07-26T08:52:37.918786Z,2026-07-26T08:52:37Z,-915.939,918.786,-918.786,-915.939,false
2d4a0b03-acb9-42cf-bec2-f521f84296ca,2026-07-26T08:52:37.951274Z,2026-07-26T08:52:37Z,2026-07-26T08:52:37.95381Z,2026-07-26T08:52:37Z,-951.274,953.810,-953.810,-951.274,false
eecea33b-b5d8-45b2-8aed-08d7031780cf,2026-07-26T08:52:37.984909Z,2026-07-26T08:52:37Z,2026-07-26T08:52:37.988043Z,2026-07-26T08:52:37Z,-984.909,988.043,-988.043,-984.909,false
ad67493e-00ec-4c14-b539-5310a8d1cab6,2026-07-26T08:52:38.020478Z,2026-07-26T08:52:38Z,2026-07-26T08:52:38.02328Z,2026-07-26T08:52:38Z,-20.478,23.280,-23.280,-20.478,false
49b6543a-9820-4f40-a469-07760a5e1dc5,2026-07-26T08:52:38.052784Z,2026-07-26T08:52:38Z,2026-07-26T08:52:38.055928Z,2026-07-26T08:52:38Z,-52.784,55.928,-55.928,-52.784,false
82e63636-b9e6-45dd-a743-271b96955193,2026-07-26T08:52:38.087409Z,2026-07-26T08:52:38Z,2026-07-26T08:52:38.090266Z,2026-07-26T08:52:38Z,-87.409,90.266,-90.266,-87.409,false
7e49ab47-cf21-4845-a79b-c407a0257538,2026-07-26T08:52:38.12172Z,2026-07-26T08:52:38Z,2026-07-26T08:52:38.12492Z,2026-07-26T08:52:38Z,-121.720,124.920,-124.920,-121.720,false
9d6067ea-d4ef-4457-8887-1e379390e9a7,2026-07-26T08:52:38.154834Z,2026-07-26T08:52:38Z,2026-07-26T08:52:38.15774Z,2026-07-26T08:52:38Z,-154.834,157.740,-157.740,-154.834,false
0ebcb4c9-39bf-45c4-8ea3-30525953ea05,2026-07-26T08:52:38.189918Z,2026-07-26T08:52:38Z,2026-07-26T08:52:38.194841Z,2026-07-26T08:52:38Z,-189.918,194.841,-194.841,-189.918,false
8ef8bf2e-dc71-4073-95a9-bd746792c4c8,2026-07-26T08:52:38.224059Z,2026-07-26T08:52:38Z,2026-07-26T08:52:38.228666Z,2026-07-26T08:52:38Z,-224.059,228.666,-228.666,-224.059,false
6e91415a-948d-427a-ae32-3ee402d2e9c4,2026-07-26T08:52:38.25893Z,2026-07-26T08:52:38Z,2026-07-26T08:52:38.26175Z,2026-07-26T08:52:38Z,-258.930,261.750,-261.750,-258.930,false
4c67eac3-894e-4854-a7bb-0f8fec5d21d1,2026-07-26T08:52:38.292458Z,2026-07-26T08:52:38Z,2026-07-26T08:52:38.295496Z,2026-07-26T08:52:38Z,-292.458,295.496,-295.496,-292.458,false
4a767c90-6b85-4aff-89ee-1aa50dee19b5,2026-07-26T08:52:38.327561Z,2026-07-26T08:52:38Z,2026-07-26T08:52:38.331076Z,2026-07-26T08:52:38Z,-327.561,331.076,-331.076,-327.561,false
ede637ca-e4fb-4ff7-a9cf-6a4699b79e3b,2026-07-26T08:52:38.361738Z,2026-07-26T08:52:38Z,2026-07-26T08:52:38.365161Z,2026-07-26T08:52:38Z,-361.738,365.161,-365.161,-361.738,false
dccd82b3-78c1-46fa-93fc-1619e17a2530,2026-07-26T08:52:38.3999Z,2026-07-26T08:52:38Z,2026-07-26T08:52:38.40302Z,2026-07-26T08:52:38Z,-399.900,403.020,-403.020,-399.900,false
c0f76242-c6b9-4249-97cd-841c21ccf584,2026-07-26T08:52:38.429041Z,2026-07-26T08:52:38Z,2026-07-26T08:52:38.43206Z,2026-07-26T08:52:38Z,-429.041,432.060,-432.060,-429.041,false
856e1ff9-19d2-4b56-bb97-94245d25714f,2026-07-26T08:52:38.469294Z,2026-07-26T08:52:38Z,2026-07-26T08:52:38.472656Z,2026-07-26T08:52:38Z,-469.294,472.656,-472.656,-469.294,false
a68ee740-1899-4e4f-942b-d7bf0be8c10e,2026-07-26T08:52:38.498751Z,2026-07-26T08:52:38Z,2026-07-26T08:52:38.501594Z,2026-07-26T08:52:38Z,-498.751,501.594,-501.594,-498.751,false
d8a50742-124e-4f5b-91a4-71e241df92d3,2026-07-26T08:52:38.532533Z,2026-07-26T08:52:38Z,2026-07-26T08:52:38.535978Z,2026-07-26T08:52:38Z,-532.533,535.978,-535.978,-532.533,false
fa6df93e-043c-4450-bd8e-e4b1eb9727b2,2026-07-26T08:52:38.568472Z,2026-07-26T08:52:38Z,2026-07-26T08:52:38.570921Z,2026-07-26T08:52:38Z,-568.472,570.921,-570.921,-568.472,false
a5a5fb2e-f3bd-403a-816a-375c66dca666,2026-07-26T08:52:38.601559Z,2026-07-26T08:52:38Z,2026-07-26T08:52:38.604277Z,2026-07-26T08:52:38Z,-601.559,604.277,-604.277,-601.559,false
2af1cdc9-5925-47b3-8f2e-87597ebe6e02,2026-07-26T08:52:38.638259Z,2026-07-26T08:52:38Z,2026-07-26T08:52:38.64135Z,2026-07-26T08:52:38Z,-638.259,641.350,-641.350,-638.259,false
1978d7d0-5989-41fb-ba16-1d23b17ef498,2026-07-26T08:52:38.670147Z,2026-07-26T08:52:38Z,2026-07-26T08:52:38.673818Z,2026-07-26T08:52:38Z,-670.147,673.818,-673.818,-670.147,false
62268ed2-f0bc-4c84-9c57-16e08c375b8b,2026-07-26T08:52:38.703922Z,2026-07-26T08:52:38Z,2026-07-26T08:52:38.707283Z,2026-07-26T08:52:38Z,-703.922,707.283,-707.283,-703.922,false
dbd5a7ad-f097-4366-98d2-d98cd3d10547,2026-07-26T08:52:38.738689Z,2026-07-26T08:52:38Z,2026-07-26T08:52:38.742255Z,2026-07-26T08:52:38Z,-738.689,742.255,-742.255,-738.689,false
c47897bc-1b99-4ad8-bb87-915060ac7515,2026-07-26T08:52:38.771734Z,2026-07-26T08:52:38Z,2026-07-26T08:52:38.774429Z,2026-07-26T08:52:38Z,-771.734,774.429,-774.429,-771.734,false
cf030e1d-512d-4e67-9472-b1d1776f75bc,2026-07-26T08:52:38.807014Z,2026-07-26T08:52:38Z,2026-07-26T08:52:38.809445Z,2026-07-26T08:52:38Z,-807.014,809.445,-809.445,-807.014,false
01c13800-c7de-4bde-a113-96dfce7400ef,2026-07-26T08:52:38.873564Z,2026-07-26T08:52:38Z,2026-07-26T08:52:38.881723Z,2026-07-26T08:52:38Z,-873.564,881.723,-881.723,-873.564,false
49cbfbac-604a-482d-8903-822ef8960d77,2026-07-26T08:52:38.885844Z,2026-07-26T08:52:38Z,2026-07-26T08:52:38.888896Z,2026-07-26T08:52:38Z,-885.844,888.896,-888.896,-885.844,false
eaf2d857-08c9-4250-ba71-0f209cd15839,2026-07-26T08:52:38.920117Z,2026-07-26T08:52:38Z,2026-07-26T08:52:38.924669Z,2026-07-26T08:52:38Z,-920.117,924.669,-924.669,-920.117,false
7bae57cd-e4fa-4cee-b447-ad1dd00c03bc,2026-07-26T08:52:38.957838Z,2026-07-26T08:52:38Z,2026-07-26T08:52:38.975809Z,2026-07-26T08:52:38Z,-957.838,975.809,-975.809,-957.838,false
3395449d-51d8-4f49-9a27-df0450b2fd77,2026-07-26T08:52:39.001603Z,2026-07-26T08:52:39Z,2026-07-26T08:52:39.006176Z,2026-07-26T08:52:39Z,-1.603,6.176,-6.176,-1.603,false
f9d26775-5eca-4eb4-b34f-ebed4d119c70,2026-07-26T08:52:39.020778Z,2026-07-26T08:52:39Z,2026-07-26T08:52:39.022916Z,2026-07-26T08:52:39Z,-20.778,22.916,-22.916,-20.778,false
ce523ce0-e785-445d-b5f8-0be59a0d70d3,2026-07-26T08:52:39.054921Z,2026-07-26T08:52:39Z,2026-07-26T08:52:39.058898Z,2026-07-26T08:52:39Z,-54.921,58.898,-58.898,-54.921,false
ac4347b7-d946-407a-b93f-ee3e6d5d3c00,2026-07-26T08:52:39.090793Z,2026-07-26T08:52:39Z,2026-07-26T08:52:39.092756Z,2026-07-26T08:52:39Z,-90.793,92.756,-92.756,-90.793,false
7511c997-9c8d-485c-87d5-47efdef90acf,2026-07-26T08:52:39.123954Z,2026-07-26T08:52:39Z,2026-07-26T08:52:39.128299Z,2026-07-26T08:52:39Z,-123.954,128.299,-128.299,-123.954,false
5806efca-4b05-460c-93c2-3cd3af8006c1,2026-07-26T08:52:39.16343Z,2026-07-26T08:52:39Z,2026-07-26T08:52:39.169463Z,2026-07-26T08:52:39Z,-163.430,169.463,-169.463,-163.430,false
573fd26a-c9a6-4a58-a435-7727cfd08b24,2026-07-26T08:52:39.197215Z,2026-07-26T08:52:39Z,2026-07-26T08:52:39.204407Z,2026-07-26T08:52:39Z,-197.215,204.407,-204.407,-197.215,false
f10b5438-8f9a-4537-8a72-ab8515d5cd87,2026-07-26T08:52:39.228146Z,2026-07-26T08:52:39Z,2026-07-26T08:52:39.230974Z,2026-07-26T08:52:39Z,-228.146,230.974,-230.974,-228.146,false
f590984b-36e3-4afe-837b-ed74c96f541e,2026-07-26T08:52:39.263269Z,2026-07-26T08:52:39Z,2026-07-26T08:52:39.266134Z,2026-07-26T08:52:39Z,-263.269,266.134,-266.134,-263.269,false
87e011fe-3e8b-4c44-9bb1-1f87def93d49,2026-07-26T08:52:39.296003Z,2026-07-26T08:52:39Z,2026-07-26T08:52:39.298753Z,2026-07-26T08:52:39Z,-296.003,298.753,-298.753,-296.003,false
786c588e-33a7-4cb7-8d00-2cb962d6b9bb,2026-07-26T08:52:39.330501Z,2026-07-26T08:52:39Z,2026-07-26T08:52:39.334397Z,2026-07-26T08:52:39Z,-330.501,334.397,-334.397,-330.501,false
54a95158-ed63-4697-9651-afc484d24d55,2026-07-26T08:52:39.36374Z,2026-07-26T08:52:39Z,2026-07-26T08:52:39.367211Z,2026-07-26T08:52:39Z,-363.740,367.211,-367.211,-363.740,false
ac05d31a-5ad5-418a-9ab4-80ef9db6d302,2026-07-26T08:52:39.399068Z,2026-07-26T08:52:39Z,2026-07-26T08:52:39.40149Z,2026-07-26T08:52:39Z,-399.068,401.490,-401.490,-399.068,false
2783127a-87b9-4228-871c-b19276a0930f,2026-07-26T08:52:39.433349Z,2026-07-26T08:52:39Z,2026-07-26T08:52:39.436669Z,2026-07-26T08:52:39Z,-433.349,436.669,-436.669,-433.349,false
500fcc89-549a-41e1-927a-7eed3218b1af,2026-07-26T08:52:39.467511Z,2026-07-26T08:52:39Z,2026-07-26T08:52:39.47025Z,2026-07-26T08:52:39Z,-467.511,470.250,-470.250,-467.511,false
0bdf8abd-f911-4daa-9ba4-47745098dba3,2026-07-26T08:52:39.502987Z,2026-07-26T08:52:39Z,2026-07-26T08:52:39.505679Z,2026-07-26T08:52:39Z,-502.987,505.679,-505.679,-502.987,false
a083410c-403a-4e00-9b43-761a1775205f,2026-07-26T08:52:39.537526Z,2026-07-26T08:52:39Z,2026-07-26T08:52:39.54116Z,2026-07-26T08:52:39Z,-537.526,541.160,-541.160,-537.526,false
310753c1-c759-465b-b113-0b8225d78ecd,2026-07-26T08:52:39.572586Z,2026-07-26T08:52:39Z,2026-07-26T08:52:39.576675Z,2026-07-26T08:52:39Z,-572.586,576.675,-576.675,-572.586,false
08933622-0c4b-44a9-baa9-d008fc8f4e0e,2026-07-26T08:52:39.60487Z,2026-07-26T08:52:39Z,2026-07-26T08:52:39.607937Z,2026-07-26T08:52:39Z,-604.870,607.937,-607.937,-604.870,false
ba021119-cc5f-4756-a76b-835d6c39df6f,2026-07-26T08:52:39.639226Z,2026-07-26T08:52:39Z,2026-07-26T08:52:39.642192Z,2026-07-26T08:52:39Z,-639.226,642.192,-642.192,-639.226,false
2d69ab0e-cc1b-4a37-a77a-b0294d4a6cae,2026-07-26T08:52:39.674922Z,2026-07-26T08:52:39Z,2026-07-26T08:52:39.677871Z,2026-07-26T08:52:39Z,-674.922,677.871,-677.871,-674.922,false
8608eaa2-df0e-4d8e-8ba5-4b4a09fc9e8c,2026-07-26T08:52:39.70923Z,2026-07-26T08:52:39Z,2026-07-26T08:52:39.715101Z,2026-07-26T08:52:39Z,-709.230,715.101,-715.101,-709.230,false
ef19eda3-5326-4fee-aef3-bedbfbe2a922,2026-07-26T08:52:39.743923Z,2026-07-26T08:52:39Z,2026-07-26T08:52:39.747322Z,2026-07-26T08:52:39Z,-743.923,747.322,-747.322,-743.923,false
379a8346-7a5c-4725-a543-534e6b7a4ebb,2026-07-26T08:52:39.775884Z,2026-07-26T08:52:39Z,2026-07-26T08:52:39.779263Z,2026-07-26T08:52:39Z,-775.884,779.263,-779.263,-775.884,false
6495cdbc-d0fa-4bf7-aea6-0b1707f78966,2026-07-26T08:52:39.810257Z,2026-07-26T08:52:39Z,2026-07-26T08:52:39.812728Z,2026-07-26T08:52:39Z,-810.257,812.728,-812.728,-810.257,false
f788872c-8954-462a-99c5-d2c37bafd5be,2026-07-26T08:52:39.847015Z,2026-07-26T08:52:39Z,2026-07-26T08:52:39.851407Z,2026-07-26T08:52:39Z,-847.015,851.407,-851.407,-847.015,false
dacd861e-30ad-481a-8b9b-bc422557d37a,2026-07-26T08:52:39.881634Z,2026-07-26T08:52:39Z,2026-07-26T08:52:39.885227Z,2026-07-26T08:52:39Z,-881.634,885.227,-885.227,-881.634,false
ed890aa4-f47a-4a0d-8b3c-60fac51fdb64,2026-07-26T08:52:39.915646Z,2026-07-26T08:52:39Z,2026-07-26T08:52:39.919097Z,2026-07-26T08:52:39Z,-915.646,919.097,-919.097,-915.646,false
4724c160-bdcd-4ed4-a96a-4d824fdc7d03,2026-07-26T08:52:39.949986Z,2026-07-26T08:52:39Z,2026-07-26T08:52:39.952762Z,2026-07-26T08:52:39Z,-949.986,952.762,-952.762,-949.986,false
56c4fa41-712a-4f27-8892-200323e59666,2026-07-26T08:52:39.985205Z,2026-07-26T08:52:39Z,2026-07-26T08:52:39.987673Z,2026-07-26T08:52:39Z,-985.205,987.673,-987.673,-985.205,false
0a20679c-de1e-4fc7-b857-db72c38eaae4,2026-07-26T08:52:40.019778Z,2026-07-26T08:52:40Z,2026-07-26T08:52:40.02588Z,2026-07-26T08:52:40Z,-19.778,25.880,-25.880,-19.778,false
af8bb7ef-d080-4bd6-b9a4-a00c1c2ed1ab,2026-07-26T08:52:40.053657Z,2026-07-26T08:52:40Z,2026-07-26T08:52:40.056774Z,2026-07-26T08:52:40Z,-53.657,56.774,-56.774,-53.657,false
3c5a987b-9ee1-434c-b744-3886b0d781a5,2026-07-26T08:52:40.089019Z,2026-07-26T08:52:40Z,2026-07-26T08:52:40.091634Z,2026-07-26T08:52:40Z,-89.019,91.634,-91.634,-89.019,false
461b58c2-bd6d-471a-904a-344ca82fbdc7,2026-07-26T08:52:40.121959Z,2026-07-26T08:52:40Z,2026-07-26T08:52:40.124483Z,2026-07-26T08:52:40Z,-121.959,124.483,-124.483,-121.959,false
ed661333-f2e7-4ff2-a4a5-1cbf58f5d651,2026-07-26T08:52:40.156891Z,2026-07-26T08:52:40Z,2026-07-26T08:52:40.159614Z,2026-07-26T08:52:40Z,-156.891,159.614,-159.614,-156.891,false
b065c242-3c2e-44b9-8b2b-2d9e87d72c90,2026-07-26T08:52:40.19016Z,2026-07-26T08:52:40Z,2026-07-26T08:52:40.193192Z,2026-07-26T08:52:40Z,-190.160,193.192,-193.192,-190.160,false
75b25109-9c58-46f7-9cab-9cfc9cefc280,2026-07-26T08:52:40.225478Z,2026-07-26T08:52:40Z,2026-07-26T08:52:40.228728Z,2026-07-26T08:52:40Z,-225.478,228.728,-228.728,-225.478,false
f0af0641-cc1a-4054-93bf-a243cca4b451,2026-07-26T08:52:40.259162Z,2026-07-26T08:52:40Z,2026-07-26T08:52:40.262985Z,2026-07-26T08:52:40Z,-259.162,262.985,-262.985,-259.162,false
25e7dca6-8281-4df6-b647-83cf5339e915,2026-07-26T08:52:40.295148Z,2026-07-26T08:52:40Z,2026-07-26T08:52:40.298076Z,2026-07-26T08:52:40Z,-295.148,298.076,-298.076,-295.148,false
0a7172b8-ecfb-4494-804e-2c3ea373f554,2026-07-26T08:52:40.327506Z,2026-07-26T08:52:40Z,2026-07-26T08:52:40.331266Z,2026-07-26T08:52:40Z,-327.506,331.266,-331.266,-327.506,false
38ccfdcc-89e9-43e6-974b-b55fe004ecdd,2026-07-26T08:52:40.36241Z,2026-07-26T08:52:40Z,2026-07-26T08:52:40.365996Z,2026-07-26T08:52:40Z,-362.410,365.996,-365.996,-362.410,false
1ea7b67a-bad3-4f71-81ab-a8cd86ec86af,2026-07-26T08:52:40.39699Z,2026-07-26T08:52:40Z,2026-07-26T08:52:40.400747Z,2026-07-26T08:52:40Z,-396.990,400.747,-400.747,-396.990,false
f0a41030-0e47-486b-9b96-b4ea4c77c1c9,2026-07-26T08:52:40.430186Z,2026-07-26T08:52:40Z,2026-07-26T08:52:40.433008Z,2026-07-26T08:52:40Z,-430.186,433.008,-433.008,-430.186,false
6bae6126-6bff-43e8-b507-e06c99e334b3,2026-07-26T08:52:40.464806Z,2026-07-26T08:52:40Z,2026-07-26T08:52:40.468136Z,2026-07-26T08:52:40Z,-464.806,468.136,-468.136,-464.806,false
cca4143f-8854-4aa7-8292-32862d3f40f1,2026-07-26T08:52:40.500402Z,2026-07-26T08:52:40Z,2026-07-26T08:52:40.506795Z,2026-07-26T08:52:40Z,-500.402,506.795,-506.795,-500.402,false
4395544d-e0bc-4876-a944-d94ed13da934,2026-07-26T08:52:40.54709Z,2026-07-26T08:52:40Z,2026-07-26T08:52:40.563498Z,2026-07-26T08:52:40Z,-547.090,563.498,-563.498,-547.090,false
086518c2-4c75-4d83-9892-e13527cb3774,2026-07-26T08:52:40.567352Z,2026-07-26T08:52:40Z,2026-07-26T08:52:40.570366Z,2026-07-26T08:52:40Z,-567.352,570.366,-570.366,-567.352,false
f68cbfc0-8c61-4417-a7b3-ab17553fd311,2026-07-26T08:52:40.601493Z,2026-07-26T08:52:40Z,2026-07-26T08:52:40.603706Z,2026-07-26T08:52:40Z,-601.493,603.706,-603.706,-601.493,false
79f6e53f-ba83-43d4-baf1-f91ab49e3937,2026-07-26T08:52:40.635649Z,2026-07-26T08:52:40Z,2026-07-26T08:52:40.637624Z,2026-07-26T08:52:40Z,-635.649,637.624,-637.624,-635.649,false
4a7e1789-2d6c-472a-9c64-962cab345be6,2026-07-26T08:52:40.6702Z,2026-07-26T08:52:40Z,2026-07-26T08:52:40.672256Z,2026-07-26T08:52:40Z,-670.200,672.256,-672.256,-670.200,false
2f1fe68a-2447-4dfd-9805-d5714f5aae32,2026-07-26T08:52:40.704459Z,2026-07-26T08:52:40Z,2026-07-26T08:52:40.707394Z,2026-07-26T08:52:40Z,-704.459,707.394,-707.394,-704.459,false
115e647d-125e-4eff-b2c6-c164a1bb3c44,2026-07-26T08:52:40.739336Z,2026-07-26T08:52:40Z,2026-07-26T08:52:40.742109Z,2026-07-26T08:52:40Z,-739.336,742.109,-742.109,-739.336,false
766c4187-e56a-4d38-8f01-c8a5a06c34bd,2026-07-26T08:52:40.773468Z,2026-07-26T08:52:40Z,2026-07-26T08:52:40.776971Z,2026-07-26T08:52:40Z,-773.468,776.971,-776.971,-773.468,false
4cce48e9-3fa3-4584-890c-e9e298706f6e,2026-07-26T08:52:40.808628Z,2026-07-26T08:52:40Z,2026-07-26T08:52:40.811339Z,2026-07-26T08:52:40Z,-808.628,811.339,-811.339,-808.628,false
615827d0-71fa-4822-aefc-042e126d217a,2026-07-26T08:52:40.842824Z,2026-07-26T08:52:40Z,2026-07-26T08:52:40.849904Z,2026-07-26T08:52:40Z,-842.824,849.904,-849.904,-842.824,false
2e97b8c1-2a8e-4ff5-89ac-bef2a18c51f1,2026-07-26T08:52:40.878147Z,2026-07-26T08:52:40Z,2026-07-26T08:52:40.890573Z,2026-07-26T08:52:40Z,-878.147,890.573,-890.573,-878.147,false
dd69a203-8718-40c3-97f1-847e50926dd2,2026-07-26T08:52:40.910682Z,2026-07-26T08:52:40Z,2026-07-26T08:52:40.913793Z,2026-07-26T08:52:40Z,-910.682,913.793,-913.793,-910.682,false
2741abf1-2b86-4cb5-b627-71fc298f755e,2026-07-26T08:52:40.945515Z,2026-07-26T08:52:40Z,2026-07-26T08:52:40.949445Z,2026-07-26T08:52:40Z,-945.515,949.445,-949.445,-945.515,false
939480f6-cb85-4cc9-a53e-e5afff5bdb10,2026-07-26T08:52:40.980152Z,2026-07-26T08:52:40Z,2026-07-26T08:52:40.982524Z,2026-07-26T08:52:40Z,-980.152,982.524,-982.524,-980.152,false
8200edc2-3d20-4577-8b52-dc58eb9fe42c,2026-07-26T08:52:41.016187Z,2026-07-26T08:52:41Z,2026-07-26T08:52:41.016889Z,2026-07-26T08:52:41Z,-16.187,16.889,-16.889,-16.187,false
41f1b3de-2173-4f46-a28d-006e9e5ed2f5,2026-07-26T08:52:41.049769Z,2026-07-26T08:52:41Z,2026-07-26T08:52:41.053101Z,2026-07-26T08:52:41Z,-49.769,53.101,-53.101,-49.769,false
f4cfe186-c883-4ecd-9c1e-9c4065019ca4,2026-07-26T08:52:41.082209Z,2026-07-26T08:52:41Z,2026-07-26T08:52:41.085753Z,2026-07-26T08:52:41Z,-82.209,85.753,-85.753,-82.209,false
64a6670c-27fa-4136-a5bf-42f9f88cea30,2026-07-26T08:52:41.117913Z,2026-07-26T08:52:41Z,2026-07-26T08:52:41.121312Z,2026-07-26T08:52:41Z,-117.913,121.312,-121.312,-117.913,false
29eafbb5-ced3-4bd2-a9d6-14259616527d,2026-07-26T08:52:41.151986Z,2026-07-26T08:52:41Z,2026-07-26T08:52:41.155953Z,2026-07-26T08:52:41Z,-151.986,155.953,-155.953,-151.986,false
40c278fb-cd5c-4812-a179-74d6e710efed,2026-07-26T08:52:41.187264Z,2026-07-26T08:52:41Z,2026-07-26T08:52:41.1921Z,2026-07-26T08:52:41Z,-187.264,192.100,-192.100,-187.264,false
730ae45c-41b8-469c-b6cb-82803e91ac6f,2026-07-26T08:52:41.221376Z,2026-07-26T08:52:41Z,2026-07-26T08:52:41.225101Z,2026-07-26T08:52:41Z,-221.376,225.101,-225.101,-221.376,false
3b253294-975b-4ce1-a685-6fd4dc19e4d0,2026-07-26T08:52:41.256032Z,2026-07-26T08:52:41Z,2026-07-26T08:52:41.258638Z,2026-07-26T08:52:41Z,-256.032,258.638,-258.638,-256.032,false
9b98afdc-27e8-4809-86e3-0e1ddf581553,2026-07-26T08:52:41.289794Z,2026-07-26T08:52:41Z,2026-07-26T08:52:41.292947Z,2026-07-26T08:52:41Z,-289.794,292.947,-292.947,-289.794,false
a8cffea7-7fae-4e26-aede-34965f0a439f,2026-07-26T08:52:41.324207Z,2026-07-26T08:52:41Z,2026-07-26T08:52:41.327101Z,2026-07-26T08:52:41Z,-324.207,327.101,-327.101,-324.207,false
74c5bda0-c691-4cad-b0cc-fe265bfc7606,2026-07-26T08:52:41.358723Z,2026-07-26T08:52:41Z,2026-07-26T08:52:41.362251Z,2026-07-26T08:52:41Z,-358.723,362.251,-362.251,-358.723,false
bd990d62-d00a-479f-9662-dbb837076b8e,2026-07-26T08:52:41.392858Z,2026-07-26T08:52:41Z,2026-07-26T08:52:41.395983Z,2026-07-26T08:52:41Z,-392.858,395.983,-395.983,-392.858,false
749caccc-82dc-4ef0-a68f-e3ca5ea3345e,2026-07-26T08:52:41.427678Z,2026-07-26T08:52:41Z,2026-07-26T08:52:41.431293Z,2026-07-26T08:52:41Z,-427.678,431.293,-431.293,-427.678,false
d2f7f16b-4067-4b1a-bcd8-2b80806c5afc,2026-07-26T08:52:41.462059Z,2026-07-26T08:52:41Z,2026-07-26T08:52:41.465116Z,2026-07-26T08:52:41Z,-462.059,465.116,-465.116,-462.059,false
ceb76e91-3ec1-4125-a849-d533e746c205,2026-07-26T08:52:41.496608Z,2026-07-26T08:52:41Z,2026-07-26T08:52:41.499871Z,2026-07-26T08:52:41Z,-496.608,499.871,-499.871,-496.608,false
d84fc28a-25c6-4098-9396-cdeae9116c15,2026-07-26T08:52:41.531827Z,2026-07-26T08:52:41Z,2026-07-26T08:52:41.535523Z,2026-07-26T08:52:41Z,-531.827,535.523,-535.523,-531.827,false
1d71e987-1204-4b6c-abd3-82bcd79e414d,2026-07-26T08:52:41.565781Z,2026-07-26T08:52:41Z,2026-07-26T08:52:41.568118Z,2026-07-26T08:52:41Z,-565.781,568.118,-568.118,-565.781,false
4f3efae4-29d5-4db1-bdce-b30553c21d9e,2026-07-26T08:52:41.602208Z,2026-07-26T08:52:41Z,2026-07-26T08:52:41.60718Z,2026-07-26T08:52:41Z,-602.208,607.180,-607.180,-602.208,false
87553178-f85c-48c4-994b-f1ae649f57c5,2026-07-26T08:52:41.634486Z,2026-07-26T08:52:41Z,2026-07-26T08:52:41.637327Z,2026-07-26T08:52:41Z,-634.486,637.327,-637.327,-634.486,false
a4ed7222-0786-48c3-88ed-d79efe500bc4,2026-07-26T08:52:41.66821Z,2026-07-26T08:52:41Z,2026-07-26T08:52:41.671597Z,2026-07-26T08:52:41Z,-668.210,671.597,-671.597,-668.210,false
a4e50b5f-25df-4f7f-aced-f538202ff3e5,2026-07-26T08:52:41.703626Z,2026-07-26T08:52:41Z,2026-07-26T08:52:41.706142Z,2026-07-26T08:52:41Z,-703.626,706.142,-706.142,-703.626,false
95c47da1-baac-4535-95e2-e30f3b3f2187,2026-07-26T08:52:41.737279Z,2026-07-26T08:52:41Z,2026-07-26T08:52:41.740307Z,2026-07-26T08:52:41Z,-737.279,740.307,-740.307,-737.279,false
9cdd87ed-53bd-4684-aa83-5037387e87d8,2026-07-26T08:52:41.771417Z,2026-07-26T08:52:41Z,2026-07-26T08:52:41.774164Z,2026-07-26T08:52:41Z,-771.417,774.164,-774.164,-771.417,false
4c9a4540-9678-4ee3-9b5c-50b99f6a9a9f,2026-07-26T08:52:41.806582Z,2026-07-26T08:52:41Z,2026-07-26T08:52:41.811141Z,2026-07-26T08:52:41Z,-806.582,811.141,-811.141,-806.582,false
20a2e913-9f94-4de3-8250-3cbe1e18840a,2026-07-26T08:52:41.840037Z,2026-07-26T08:52:41Z,2026-07-26T08:52:41.843083Z,2026-07-26T08:52:41Z,-840.037,843.083,-843.083,-840.037,false
913f2550-8e39-4c23-9e7d-d2f21fb87244,2026-07-26T08:52:41.875002Z,2026-07-26T08:52:41Z,2026-07-26T08:52:41.879182Z,2026-07-26T08:52:41Z,-875.002,879.182,-879.182,-875.002,false
a2017a05-3275-4291-932b-116008be4340,2026-07-26T08:52:41.909023Z,2026-07-26T08:52:41Z,2026-07-26T08:52:41.911897Z,2026-07-26T08:52:41Z,-909.023,911.897,-911.897,-909.023,false
e12915c5-62a7-4af1-9770-ff570eb2ff64,2026-07-26T08:52:41.945307Z,2026-07-26T08:52:41Z,2026-07-26T08:52:41.948877Z,2026-07-26T08:52:41Z,-945.307,948.877,-948.877,-945.307,false
21c167ac-f9bc-49bf-8134-0f99eb454383,2026-07-26T08:52:41.977819Z,2026-07-26T08:52:41Z,2026-07-26T08:52:41.981413Z,2026-07-26T08:52:41Z,-977.819,981.413,-981.413,-977.819,false
c6591f91-fe7c-4811-b393-9185c2ef1a95,2026-07-26T08:52:42.012986Z,2026-07-26T08:52:42Z,2026-07-26T08:52:42.01618Z,2026-07-26T08:52:42Z,-12.986,16.180,-16.180,-12.986,false
47e5366e-7c46-43b0-a61c-489a08b291bb,2026-07-26T08:52:42.047568Z,2026-07-26T08:52:42Z,2026-07-26T08:52:42.05075Z,2026-07-26T08:52:42Z,-47.568,50.750,-50.750,-47.568,false
bd0977ae-acf1-498f-8c77-a995b8a8e607,2026-07-26T08:52:42.081792Z,2026-07-26T08:52:42Z,2026-07-26T08:52:42.085007Z,2026-07-26T08:52:42Z,-81.792,85.007,-85.007,-81.792,false
c6946c1f-38fe-48bc-aa58-7ff4b29732b0,2026-07-26T08:52:42.11592Z,2026-07-26T08:52:42Z,2026-07-26T08:52:42.11883Z,2026-07-26T08:52:42Z,-115.920,118.830,-118.830,-115.920,false
a49f9e7b-c86b-44a2-823e-073836bc5236,2026-07-26T08:52:42.150391Z,2026-07-26T08:52:42Z,2026-07-26T08:52:42.152627Z,2026-07-26T08:52:42Z,-150.391,152.627,-152.627,-150.391,false
4d7dea5b-af09-4641-b40e-a284c7f0dc47,2026-07-26T08:52:42.184352Z,2026-07-26T08:52:42Z,2026-07-26T08:52:42.188513Z,2026-07-26T08:52:42Z,-184.352,188.513,-188.513,-184.352,false
ce7b3a04-c3d7-4858-a2bd-98b56af97ce0,2026-07-26T08:52:42.219526Z,2026-07-26T08:52:42Z,2026-07-26T08:52:42.2221Z,2026-07-26T08:52:42Z,-219.526,222.100,-222.100,-219.526,false
91cdd700-b484-4a86-b940-f98041c76508,2026-07-26T08:52:42.252598Z,2026-07-26T08:52:42Z,2026-07-26T08:52:42.255263Z,2026-07-26T08:52:42Z,-252.598,255.263,-255.263,-252.598,false
72a1f403-7c81-4101-b4e2-562353155168,2026-07-26T08:52:42.288228Z,2026-07-26T08:52:42Z,2026-07-26T08:52:42.291224Z,2026-07-26T08:52:42Z,-288.228,291.224,-291.224,-288.228,false
b78f4675-9162-49ff-925a-e5ff05acee7e,2026-07-26T08:52:42.322264Z,2026-07-26T08:52:42Z,2026-07-26T08:52:42.329912Z,2026-07-26T08:52:42Z,-322.264,329.912,-329.912,-322.264,false
66bae885-d3d3-4d50-a502-45fdb83e5114,2026-07-26T08:52:42.358948Z,2026-07-26T08:52:42Z,2026-07-26T08:52:42.362615Z,2026-07-26T08:52:42Z,-358.948,362.615,-362.615,-358.948,false
33d445b9-1ea0-4c81-a1c5-47cf7d12be8e,2026-07-26T08:52:42.391201Z,2026-07-26T08:52:42Z,2026-07-26T08:52:42.394913Z,2026-07-26T08:52:42Z,-391.201,394.913,-394.913,-391.201,false
5f829adf-aa4b-4c62-b10a-59df8ed9d8b7,2026-07-26T08:52:42.427128Z,2026-07-26T08:52:42Z,2026-07-26T08:52:42.429796Z,2026-07-26T08:52:42Z,-427.128,429.796,-429.796,-427.128,false
6107a837-dee8-45ed-b7ab-c5d7f3528350,2026-07-26T08:52:42.460274Z,2026-07-26T08:52:42Z,2026-07-26T08:52:42.462719Z,2026-07-26T08:52:42Z,-460.274,462.719,-462.719,-460.274,false
a97d9ee6-b81b-4807-84a9-3312e60cf8f2,2026-07-26T08:52:42.494227Z,2026-07-26T08:52:42Z,2026-07-26T08:52:42.497621Z,2026-07-26T08:52:42Z,-494.227,497.621,-497.621,-494.227,false
49770d67-d382-4fe5-9cdf-4e5a7fe33dd1,2026-07-26T08:52:42.53054Z,2026-07-26T08:52:42Z,2026-07-26T08:52:42.536338Z,2026-07-26T08:52:42Z,-530.540,536.338,-536.338,-530.540,false
e1c3aed7-6ac6-46f5-ab9a-c42327a261b1,2026-07-26T08:52:42.563394Z,2026-07-26T08:52:42Z,2026-07-26T08:52:42.570265Z,2026-07-26T08:52:42Z,-563.394,570.265,-570.265,-563.394,false
a378566a-2526-4ff4-b96f-bf678a491106,2026-07-26T08:52:42.597066Z,2026-07-26T08:52:42Z,2026-07-26T08:52:42.601916Z,2026-07-26T08:52:42Z,-597.066,601.916,-601.916,-597.066,false
f6c360f9-8fed-43f4-a018-e96312ba3705,2026-07-26T08:52:42.631331Z,2026-07-26T08:52:42Z,2026-07-26T08:52:42.634098Z,2026-07-26T08:52:42Z,-631.331,634.098,-634.098,-631.331,false
1d82da44-7c37-4325-b04a-d5533d39fd23,2026-07-26T08:52:42.665467Z,2026-07-26T08:52:42Z,2026-07-26T08:52:42.667857Z,2026-07-26T08:52:42Z,-665.467,667.857,-667.857,-665.467,false
e253a373-5ea8-48d4-809f-ac45a2b70b05,2026-07-26T08:52:42.70011Z,2026-07-26T08:52:42Z,2026-07-26T08:52:42.703536Z,2026-07-26T08:52:42Z,-700.110,703.536,-703.536,-700.110,false
01f5a9dd-59a2-43a1-8116-2d0e007ff045,2026-07-26T08:52:42.73471Z,2026-07-26T08:52:42Z,2026-07-26T08:52:42.737385Z,2026-07-26T08:52:42Z,-734.710,737.385,-737.385,-734.710,false
4468a255-dc77-4dbd-b583-dcae3b60109d,2026-07-26T08:52:42.769444Z,2026-07-26T08:52:42Z,2026-07-26T08:52:42.773775Z,2026-07-26T08:52:42Z,-769.444,773.775,-773.775,-769.444,false
f3034371-164e-4c4a-b001-937ea3bbc75b,2026-07-26T08:52:42.80446Z,2026-07-26T08:52:42Z,2026-07-26T08:52:42.806978Z,2026-07-26T08:52:42Z,-804.460,806.978,-806.978,-804.460,false
ce243803-4be0-4ea3-8996-5699f063aa2a,2026-07-26T08:52:42.838923Z,2026-07-26T08:52:42Z,2026-07-26T08:52:42.841898Z,2026-07-26T08:52:42Z,-838.923,841.898,-841.898,-838.923,false
21cb6586-10ee-44e9-adf0-05b1df736ab7,2026-07-26T08:52:42.886152Z,2026-07-26T08:52:42Z,2026-07-26T08:52:42.891795Z,2026-07-26T08:52:42Z,-886.152,891.795,-891.795,-886.152,false
7e838be2-94c6-4175-8005-61a45255ff23,2026-07-26T08:52:42.912893Z,2026-07-26T08:52:42Z,2026-07-26T08:52:42.915986Z,2026-07-26T08:52:42Z,-912.893,915.986,-915.986,-912.893,false
093cfbe0-52ec-4e1c-92bb-e1187ccfc0ed,2026-07-26T08:52:42.949227Z,2026-07-26T08:52:42Z,2026-07-26T08:52:42.971454Z,2026-07-26T08:52:42Z,-949.227,971.454,-971.454,-949.227,false
89d1d121-07a2-4b50-9467-6b2a93f5d0bf,2026-07-26T08:52:42.984479Z,2026-07-26T08:52:42Z,2026-07-26T08:52:42.99432Z,2026-07-26T08:52:42Z,-984.479,994.320,-994.320,-984.479,false
06dcedf0-357d-4001-b527-9ee631db1cf7,2026-07-26T08:52:43.015169Z,2026-07-26T08:52:43Z,2026-07-26T08:52:43.018195Z,2026-07-26T08:52:43Z,-15.169,18.195,-18.195,-15.169,false
1ed31f43-271c-4c91-9f3c-f92e130044c4,2026-07-26T08:52:43.049488Z,2026-07-26T08:52:43Z,2026-07-26T08:52:43.051794Z,2026-07-26T08:52:43Z,-49.488,51.794,-51.794,-49.488,false
a6db8a58-cf60-4468-90b5-41e893c7f53e,2026-07-26T08:52:43.082778Z,2026-07-26T08:52:43Z,2026-07-26T08:52:43.085442Z,2026-07-26T08:52:43Z,-82.778,85.442,-85.442,-82.778,false
d96e2805-0d54-4733-aa9f-83879bdc1c5e,2026-07-26T08:52:43.117922Z,2026-07-26T08:52:43Z,2026-07-26T08:52:43.12076Z,2026-07-26T08:52:43Z,-117.922,120.760,-120.760,-117.922,false
faeacc66-cdba-4dd1-b9bf-615c94643cce,2026-07-26T08:52:43.151865Z,2026-07-26T08:52:43Z,2026-07-26T08:52:43.155145Z,2026-07-26T08:52:43Z,-151.865,155.145,-155.145,-151.865,false
feb4f338-e498-43b9-b1bb-9695ffe3c4e9,2026-07-26T08:52:43.186823Z,2026-07-26T08:52:43Z,2026-07-26T08:52:43.189772Z,2026-07-26T08:52:43Z,-186.823,189.772,-189.772,-186.823,false
b62c91ab-0621-4baa-80f1-cdb3aa4a0022,2026-07-26T08:52:43.219872Z,2026-07-26T08:52:43Z,2026-07-26T08:52:43.223103Z,2026-07-26T08:52:43Z,-219.872,223.103,-223.103,-219.872,false
20127a0b-e2b5-4d4b-9d5b-2d599d1b6f14,2026-07-26T08:52:43.255588Z,2026-07-26T08:52:43Z,2026-07-26T08:52:43.258231Z,2026-07-26T08:52:43Z,-255.588,258.231,-258.231,-255.588,false
033c6f97-259b-4cac-a1a2-3469f3e82a73,2026-07-26T08:52:43.288947Z,2026-07-26T08:52:43Z,2026-07-26T08:52:43.292084Z,2026-07-26T08:52:43Z,-288.947,292.084,-292.084,-288.947,false
7843a466-18f2-4512-8fc6-c9f08c99cf2f,2026-07-26T08:52:43.324549Z,2026-07-26T08:52:43Z,2026-07-26T08:52:43.326989Z,2026-07-26T08:52:43Z,-324.549,326.989,-326.989,-324.549,false
0742eb2e-1a57-46ed-948d-6514b06669a1,2026-07-26T08:52:43.358422Z,2026-07-26T08:52:43Z,2026-07-26T08:52:43.362089Z,2026-07-26T08:52:43Z,-358.422,362.089,-362.089,-358.422,false
ed428bf4-e622-4b0b-b0f2-3f9c7a3e76eb,2026-07-26T08:52:43.392414Z,2026-07-26T08:52:43Z,2026-07-26T08:52:43.394807Z,2026-07-26T08:52:43Z,-392.414,394.807,-394.807,-392.414,false
276fec03-49f9-41d5-a60d-19d1e46f6177,2026-07-26T08:52:43.42671Z,2026-07-26T08:52:43Z,2026-07-26T08:52:43.4303Z,2026-07-26T08:52:43Z,-426.710,430.300,-430.300,-426.710,false
edffb0db-3a00-4102-a7fd-8512e350eabf,2026-07-26T08:52:43.461308Z,2026-07-26T08:52:43Z,2026-07-26T08:52:43.464303Z,2026-07-26T08:52:43Z,-461.308,464.303,-464.303,-461.308,false
7f142428-3b92-4821-bf8d-3ec2d7a3e44b,2026-07-26T08:52:43.495255Z,2026-07-26T08:52:43Z,2026-07-26T08:52:43.498291Z,2026-07-26T08:52:43Z,-495.255,498.291,-498.291,-495.255,false
5b7b7706-5110-42c1-b259-34d8d64166b9,2026-07-26T08:52:43.528992Z,2026-07-26T08:52:43Z,2026-07-26T08:52:43.531778Z,2026-07-26T08:52:43Z,-528.992,531.778,-531.778,-528.992,false
5ddc89ff-2f85-4d71-9125-208080b5e468,2026-07-26T08:52:43.563634Z,2026-07-26T08:52:43Z,2026-07-26T08:52:43.566556Z,2026-07-26T08:52:43Z,-563.634,566.556,-566.556,-563.634,false
4f8eae0b-efcc-43a3-80a0-1e0bbff73bed,2026-07-26T08:52:43.597776Z,2026-07-26T08:52:43Z,2026-07-26T08:52:43.600299Z,2026-07-26T08:52:43Z,-597.776,600.299,-600.299,-597.776,false
aeaf2cef-f506-4a47-9784-65a56d5ca825,2026-07-26T08:52:43.634864Z,2026-07-26T08:52:43Z,2026-07-26T08:52:43.639765Z,2026-07-26T08:52:43Z,-634.864,639.765,-639.765,-634.864,false
409e30c3-a925-44e4-95d4-200087393539,2026-07-26T08:52:43.667417Z,2026-07-26T08:52:43Z,2026-07-26T08:52:43.670721Z,2026-07-26T08:52:43Z,-667.417,670.721,-670.721,-667.417,false
0d2e75cb-8b3b-4455-8786-4e8bdf40a5f2,2026-07-26T08:52:43.701383Z,2026-07-26T08:52:43Z,2026-07-26T08:52:43.704603Z,2026-07-26T08:52:43Z,-701.383,704.603,-704.603,-701.383,false
9a346e23-ef46-43e1-b37c-73d3b57976c7,2026-07-26T08:52:43.735459Z,2026-07-26T08:52:43Z,2026-07-26T08:52:43.7416Z,2026-07-26T08:52:43Z,-735.459,741.600,-741.600,-735.459,false
2509e5fd-895d-4c26-939c-51710dea416d,2026-07-26T08:52:43.769288Z,2026-07-26T08:52:43Z,2026-07-26T08:52:43.772941Z,2026-07-26T08:52:43Z,-769.288,772.941,-772.941,-769.288,false
57b19ca7-819f-4ca2-9889-9943d4a63d1c,2026-07-26T08:52:43.802666Z,2026-07-26T08:52:43Z,2026-07-26T08:52:43.80561Z,2026-07-26T08:52:43Z,-802.666,805.610,-805.610,-802.666,false
4749e543-bd31-4921-b9fe-31b98e46910c,2026-07-26T08:52:43.838799Z,2026-07-26T08:52:43Z,2026-07-26T08:52:43.841904Z,2026-07-26T08:52:43Z,-838.799,841.904,-841.904,-838.799,false
bff64d08-eaa3-4509-a766-60dbb5d1e9c7,2026-07-26T08:52:43.871065Z,2026-07-26T08:52:43Z,2026-07-26T08:52:43.873936Z,2026-07-26T08:52:43Z,-871.065,873.936,-873.936,-871.065,false
c51df0e0-6bd3-419d-96ac-d464c6a475f5,2026-07-26T08:52:43.906586Z,2026-07-26T08:52:43Z,2026-07-26T08:52:43.908198Z,2026-07-26T08:52:43Z,-906.586,908.198,-908.198,-906.586,false
5aa2e631-cfe8-42f2-a7f7-bde3bbc81876,2026-07-26T08:52:43.940192Z,2026-07-26T08:52:43Z,2026-07-26T08:52:43.94458Z,2026-07-26T08:52:43Z,-940.192,944.580,-944.580,-940.192,false
98f1c945-f57b-4c3c-8aff-3ef42c980573,2026-07-26T08:52:43.975099Z,2026-07-26T08:52:43Z,2026-07-26T08:52:43.978192Z,2026-07-26T08:52:43Z,-975.099,978.192,-978.192,-975.099,false
449e67ec-4d94-405c-a978-5a52d2248ae1,2026-07-26T08:52:44.008998Z,2026-07-26T08:52:44Z,2026-07-26T08:52:44.012252Z,2026-07-26T08:52:44Z,-8.998,12.252,-12.252,-8.998,false
7905a43d-c77f-4e98-90f9-a0b273752f0e,2026-07-26T08:52:44.043253Z,2026-07-26T08:52:44Z,2026-07-26T08:52:44.046887Z,2026-07-26T08:52:44Z,-43.253,46.887,-46.887,-43.253,false
fa8cc83f-4df0-4cbc-9b2c-58b87dcf17fc,2026-07-26T08:52:44.077115Z,2026-07-26T08:52:44Z,2026-07-26T08:52:44.080418Z,2026-07-26T08:52:44Z,-77.115,80.418,-80.418,-77.115,false
1cfe1cbc-af1b-45aa-b26c-0e8d149b34bd,2026-07-26T08:52:44.112061Z,2026-07-26T08:52:44Z,2026-07-26T08:52:44.114206Z,2026-07-26T08:52:44Z,-112.061,114.206,-114.206,-112.061,false
620c66fb-90b4-4677-b483-843baa26ecd6,2026-07-26T08:52:44.146255Z,2026-07-26T08:52:44Z,2026-07-26T08:52:44.150427Z,2026-07-26T08:52:44Z,-146.255,150.427,-150.427,-146.255,false
210121fc-5637-4746-a302-ba0104a1a89e,2026-07-26T08:52:44.180923Z,2026-07-26T08:52:44Z,2026-07-26T08:52:44.184295Z,2026-07-26T08:52:44Z,-180.923,184.295,-184.295,-180.923,false
f1de4fcf-ec6a-46c1-8b00-1a4c96d32465,2026-07-26T08:52:44.216115Z,2026-07-26T08:52:44Z,2026-07-26T08:52:44.21958Z,2026-07-26T08:52:44Z,-216.115,219.580,-219.580,-216.115,false
b82cc69a-0399-43e4-9a2d-87a06570ef5e,2026-07-26T08:52:44.249928Z,2026-07-26T08:52:44Z,2026-07-26T08:52:44.252813Z,2026-07-26T08:52:44Z,-249.928,252.813,-252.813,-249.928,false
e70f912a-6b31-43cb-9bf8-5dc7b44d41ca,2026-07-26T08:52:44.285663Z,2026-07-26T08:52:44Z,2026-07-26T08:52:44.289462Z,2026-07-26T08:52:44Z,-285.663,289.462,-289.462,-285.663,false
d231c1a3-9f0f-41a7-a7da-fafd2b434db9,2026-07-26T08:52:44.318238Z,2026-07-26T08:52:44Z,2026-07-26T08:52:44.32136Z,2026-07-26T08:52:44Z,-318.238,321.360,-321.360,-318.238,false
7622ad99-5895-4e13-b37d-d5f1c9a52527,2026-07-26T08:52:44.353758Z,2026-07-26T08:52:44Z,2026-07-26T08:52:44.356309Z,2026-07-26T08:52:44Z,-353.758,356.309,-356.309,-353.758,false
0e058707-e4d7-4d5a-adfc-cdc3d0cc5a62,2026-07-26T08:52:44.386887Z,2026-07-26T08:52:44Z,2026-07-26T08:52:44.390576Z,2026-07-26T08:52:44Z,-386.887,390.576,-390.576,-386.887,false
c9af9f87-86b3-4b25-9a41-89a51161dffb,2026-07-26T08:52:44.421518Z,2026-07-26T08:52:44Z,2026-07-26T08:52:44.424481Z,2026-07-26T08:52:44Z,-421.518,424.481,-424.481,-421.518,false
768b8a88-c579-41f5-9a79-288b417797a2,2026-07-26T08:52:44.456327Z,2026-07-26T08:52:44Z,2026-07-26T08:52:44.461555Z,2026-07-26T08:52:44Z,-456.327,461.555,-461.555,-456.327,false
0064708a-a41b-4ab8-bfc4-1b5729a08fb7,2026-07-26T08:52:44.489174Z,2026-07-26T08:52:44Z,2026-07-26T08:52:44.492761Z,2026-07-26T08:52:44Z,-489.174,492.761,-492.761,-489.174,false
575fe370-f677-4246-87f2-5d9df776f131,2026-07-26T08:52:44.523244Z,2026-07-26T08:52:44Z,2026-07-26T08:52:44.526596Z,2026-07-26T08:52:44Z,-523.244,526.596,-526.596,-523.244,false
ce813a6c-976d-4bdc-baa2-980cd56912cc,2026-07-26T08:52:44.561299Z,2026-07-26T08:52:44Z,2026-07-26T08:52:44.564589Z,2026-07-26T08:52:44Z,-561.299,564.589,-564.589,-561.299,false
cd0e8ecd-9f79-4117-8f83-d530629b4c50,2026-07-26T08:52:44.593709Z,2026-07-26T08:52:44Z,2026-07-26T08:52:44.596054Z,2026-07-26T08:52:44Z,-593.709,596.054,-596.054,-593.709,false
58857a7c-3e62-4f19-859b-a782eb57904c,2026-07-26T08:52:44.626462Z,2026-07-26T08:52:44Z,2026-07-26T08:52:44.629587Z,2026-07-26T08:52:44Z,-626.462,629.587,-629.587,-626.462,false
1c316792-fb81-407f-9142-3846d6565028,2026-07-26T08:52:44.663906Z,2026-07-26T08:52:44Z,2026-07-26T08:52:44.674235Z,2026-07-26T08:52:44Z,-663.906,674.235,-674.235,-663.906,false
e8cd2fc0-c31c-4401-9aab-33166384cece,2026-07-26T08:52:44.694657Z,2026-07-26T08:52:44Z,2026-07-26T08:52:44.697662Z,2026-07-26T08:52:44Z,-694.657,697.662,-697.662,-694.657,false
591616be-d71e-4cc1-b170-b8e0046526d4,2026-07-26T08:52:44.728982Z,2026-07-26T08:52:44Z,2026-07-26T08:52:44.73157Z,2026-07-26T08:52:44Z,-728.982,731.570,-731.570,-728.982,false
b9c9a71b-0445-46fa-bd0c-f9fb48585632,2026-07-26T08:52:44.764839Z,2026-07-26T08:52:44Z,2026-07-26T08:52:44.770801Z,2026-07-26T08:52:44Z,-764.839,770.801,-770.801,-764.839,false
5cfad03a-bce9-4b06-bb06-e6dae5a5d4c6,2026-07-26T08:52:44.798001Z,2026-07-26T08:52:44Z,2026-07-26T08:52:44.800822Z,2026-07-26T08:52:44Z,-798.001,800.822,-800.822,-798.001,false
f21b3aa5-24d6-4bd0-aefc-6d1bf469ee42,2026-07-26T08:52:44.846049Z,2026-07-26T08:52:44Z,2026-07-26T08:52:44.87873Z,2026-07-26T08:52:44Z,-846.049,878.730,-878.730,-846.049,false
8bc6117d-0aef-4a61-a902-02970b363744,2026-07-26T08:52:44.879987Z,2026-07-26T08:52:44Z,2026-07-26T08:52:44.896463Z,2026-07-26T08:52:44Z,-879.987,896.463,-896.463,-879.987,false
1e96fccb-d824-4e14-816c-a9218ce04ecf,2026-07-26T08:52:44.913403Z,2026-07-26T08:52:44Z,2026-07-26T08:52:44.916822Z,2026-07-26T08:52:44Z,-913.403,916.822,-916.822,-913.403,false
a19732fa-5e85-4931-8c9e-aa6b4180d5d8,2026-07-26T08:52:44.939286Z,2026-07-26T08:52:44Z,2026-07-26T08:52:44.955228Z,2026-07-26T08:52:44Z,-939.286,955.228,-955.228,-939.286,false
1f8309e8-bdf4-4f63-9174-db833da7555f,2026-07-26T08:52:44.987903Z,2026-07-26T08:52:44Z,2026-07-26T08:52:44.991936Z,2026-07-26T08:52:44Z,-987.903,991.936,-991.936,-987.903,false
a4e031e6-5ac6-4a3c-bcc1-985f35ea525c,2026-07-26T08:52:45.004257Z,2026-07-26T08:52:45Z,2026-07-26T08:52:45.012266Z,2026-07-26T08:52:45Z,-4.257,12.266,-12.266,-4.257,false
44b5c35e-d8fa-4b70-9a29-e82570743964,2026-07-26T08:52:45.038554Z,2026-07-26T08:52:45Z,2026-07-26T08:52:45.041863Z,2026-07-26T08:52:45Z,-38.554,41.863,-41.863,-38.554,false
a9439867-afe8-413f-acd1-ae79592234ab,2026-07-26T08:52:45.070389Z,2026-07-26T08:52:45Z,2026-07-26T08:52:45.090881Z,2026-07-26T08:52:45Z,-70.389,90.881,-90.881,-70.389,false
84d5f804-eda4-4ac3-a805-f91a6b3d2d71,2026-07-26T08:52:45.104558Z,2026-07-26T08:52:45Z,2026-07-26T08:52:45.107292Z,2026-07-26T08:52:45Z,-104.558,107.292,-107.292,-104.558,false
9a1cafff-8309-4236-b00a-f13ff9095720,2026-07-26T08:52:45.13869Z,2026-07-26T08:52:45Z,2026-07-26T08:52:45.140633Z,2026-07-26T08:52:45Z,-138.690,140.633,-140.633,-138.690,false
5821746e-baa4-4042-9977-8d88ca2344b8,2026-07-26T08:52:45.173197Z,2026-07-26T08:52:45Z,2026-07-26T08:52:45.175344Z,2026-07-26T08:52:45Z,-173.197,175.344,-175.344,-173.197,false
1fc29080-7070-43fd-a4f4-64983590aa45,2026-07-26T08:52:45.207449Z,2026-07-26T08:52:45Z,2026-07-26T08:52:45.209947Z,2026-07-26T08:52:45Z,-207.449,209.947,-209.947,-207.449,false
5beffc1f-fd62-423f-9101-cbe445f01dbc,2026-07-26T08:52:45.24262Z,2026-07-26T08:52:45Z,2026-07-26T08:52:45.244774Z,2026-07-26T08:52:45Z,-242.620,244.774,-244.774,-242.620,false
f2bd3eb1-8b42-4120-ba1b-6a199d07ab4b,2026-07-26T08:52:45.276178Z,2026-07-26T08:52:45Z,2026-07-26T08:52:45.279676Z,2026-07-26T08:52:45Z,-276.178,279.676,-279.676,-276.178,false
4006830b-764d-4d45-b0c9-947187b3c736,2026-07-26T08:52:45.312444Z,2026-07-26T08:52:45Z,2026-07-26T08:52:45.315937Z,2026-07-26T08:52:45Z,-312.444,315.937,-315.937,-312.444,false
caf65263-af70-4c5b-812b-40a4e2c945d8,2026-07-26T08:52:45.345163Z,2026-07-26T08:52:45Z,2026-07-26T08:52:45.34836Z,2026-07-26T08:52:45Z,-345.163,348.360,-348.360,-345.163,false
68205fed-8b44-4a5f-a993-1aed1eaca4c9,2026-07-26T08:52:45.380044Z,2026-07-26T08:52:45Z,2026-07-26T08:52:45.383644Z,2026-07-26T08:52:45Z,-380.044,383.644,-383.644,-380.044,false
349bf543-b669-4a9a-9c92-8fbdfac10a7b,2026-07-26T08:52:45.414993Z,2026-07-26T08:52:45Z,2026-07-26T08:52:45.418595Z,2026-07-26T08:52:45Z,-414.993,418.595,-418.595,-414.993,false
883e2bb1-ba35-475a-9fa6-8fc78ec6bdc3,2026-07-26T08:52:45.448563Z,2026-07-26T08:52:45Z,2026-07-26T08:52:45.451299Z,2026-07-26T08:52:45Z,-448.563,451.299,-451.299,-448.563,false
11636063-e594-45e9-a680-d1382f0d29f6,2026-07-26T08:52:45.483719Z,2026-07-26T08:52:45Z,2026-07-26T08:52:45.48646Z,2026-07-26T08:52:45Z,-483.719,486.460,-486.460,-483.719,false
5d075abb-0bdf-4c51-b88b-832e1fd39b93,2026-07-26T08:52:45.517328Z,2026-07-26T08:52:45Z,2026-07-26T08:52:45.519978Z,2026-07-26T08:52:45Z,-517.328,519.978,-519.978,-517.328,false
4a86d588-e1a5-4acc-b550-5949666585c8,2026-07-26T08:52:45.554232Z,2026-07-26T08:52:45Z,2026-07-26T08:52:45.557252Z,2026-07-26T08:52:45Z,-554.232,557.252,-557.252,-554.232,false
f7893c3e-5eb7-4e80-9104-0345317e0351,2026-07-26T08:52:45.587547Z,2026-07-26T08:52:45Z,2026-07-26T08:52:45.590583Z,2026-07-26T08:52:45Z,-587.547,590.583,-590.583,-587.547,false
6012c05b-bc6d-4f8b-b3b4-911d4653a0a0,2026-07-26T08:52:45.620303Z,2026-07-26T08:52:45Z,2026-07-26T08:52:45.622895Z,2026-07-26T08:52:45Z,-620.303,622.895,-622.895,-620.303,false
3378777c-5da6-4d48-81fc-f6d5e3fe2bf5,2026-07-26T08:52:45.654618Z,2026-07-26T08:52:45Z,2026-07-26T08:52:45.65847Z,2026-07-26T08:52:45Z,-654.618,658.470,-658.470,-654.618,false
46c3a174-9068-4cae-8ca9-d33e3f57c4ca,2026-07-26T08:52:45.691331Z,2026-07-26T08:52:45Z,2026-07-26T08:52:45.694757Z,2026-07-26T08:52:45Z,-691.331,694.757,-694.757,-691.331,false
d0398c34-8929-4d48-826c-ed49f8486211,2026-07-26T08:52:45.722704Z,2026-07-26T08:52:45Z,2026-07-26T08:52:45.726763Z,2026-07-26T08:52:45Z,-722.704,726.763,-726.763,-722.704,false
902e0fe2-9715-4261-b68b-a776d1b7613b,2026-07-26T08:52:45.758111Z,2026-07-26T08:52:45Z,2026-07-26T08:52:45.761544Z,2026-07-26T08:52:45Z,-758.111,761.544,-761.544,-758.111,false
438b942c-8fb0-45a1-bff9-3aec8776598d,2026-07-26T08:52:45.794356Z,2026-07-26T08:52:45Z,2026-07-26T08:52:45.798925Z,2026-07-26T08:52:45Z,-794.356,798.925,-798.925,-794.356,false
88bef7f9-3da3-4b90-b2e1-fc5741999fd8,2026-07-26T08:52:45.827195Z,2026-07-26T08:52:45Z,2026-07-26T08:52:45.830233Z,2026-07-26T08:52:45Z,-827.195,830.233,-830.233,-827.195,false
08e93d86-406b-44e0-8584-6600cc9454e0,2026-07-26T08:52:45.861265Z,2026-07-26T08:52:45Z,2026-07-26T08:52:45.864396Z,2026-07-26T08:52:45Z,-861.265,864.396,-864.396,-861.265,false
6fd2a092-a1f0-45d5-8136-2760ee075b16,2026-07-26T08:52:45.896903Z,2026-07-26T08:52:45Z,2026-07-26T08:52:45.899533Z,2026-07-26T08:52:45Z,-896.903,899.533,-899.533,-896.903,false
031b17dc-73e3-4c77-b62f-b092db512fe3,2026-07-26T08:52:45.928669Z,2026-07-26T08:52:45Z,2026-07-26T08:52:45.933312Z,2026-07-26T08:52:45Z,-928.669,933.312,-933.312,-928.669,false
5fa89031-1e09-432c-a52e-996114b5e194,2026-07-26T08:52:45.963238Z,2026-07-26T08:52:45Z,2026-07-26T08:52:45.966072Z,2026-07-26T08:52:45Z,-963.238,966.072,-966.072,-963.238,false
61cde3a1-36d7-445e-8fa6-7374438ffe97,2026-07-26T08:52:45.998793Z,2026-07-26T08:52:45Z,2026-07-26T08:52:46.002038Z,2026-07-26T08:52:46Z,-998.793,1002.038,-2.038,1.207,false
4d3df1eb-a164-4a53-be01-1c7ff9287d54,2026-07-26T08:52:46.032909Z,2026-07-26T08:52:46Z,2026-07-26T08:52:46.036861Z,2026-07-26T08:52:46Z,-32.909,36.861,-36.861,-32.909,false
590d46c8-59c3-4be4-ad1c-389bb321dad3,2026-07-26T08:52:46.065458Z,2026-07-26T08:52:46Z,2026-07-26T08:52:46.068308Z,2026-07-26T08:52:46Z,-65.458,68.308,-68.308,-65.458,false
add2b21c-a924-4ed5-897d-d4f932480319,2026-07-26T08:52:46.100513Z,2026-07-26T08:52:46Z,2026-07-26T08:52:46.103286Z,2026-07-26T08:52:46Z,-100.513,103.286,-103.286,-100.513,false
ce6407da-0c0c-4e18-98a3-9ec1e27be383,2026-07-26T08:52:46.13436Z,2026-07-26T08:52:46Z,2026-07-26T08:52:46.137153Z,2026-07-26T08:52:46Z,-134.360,137.153,-137.153,-134.360,false
aa05bb9a-d27b-4da7-917d-fa70b5a1cdea,2026-07-26T08:52:46.167948Z,2026-07-26T08:52:46Z,2026-07-26T08:52:46.170302Z,2026-07-26T08:52:46Z,-167.948,170.302,-170.302,-167.948,false
7e134bc8-560a-44cb-a66c-687067a59ee6,2026-07-26T08:52:46.203227Z,2026-07-26T08:52:46Z,2026-07-26T08:52:46.20588Z,2026-07-26T08:52:46Z,-203.227,205.880,-205.880,-203.227,false
b9bb3ec9-b580-45cd-8769-089891732bb0,2026-07-26T08:52:46.236831Z,2026-07-26T08:52:46Z,2026-07-26T08:52:46.239256Z,2026-07-26T08:52:46Z,-236.831,239.256,-239.256,-236.831,false
e59e67fd-0e3c-406f-870f-6f598fd65d74,2026-07-26T08:52:46.272157Z,2026-07-26T08:52:46Z,2026-07-26T08:52:46.274994Z,2026-07-26T08:52:46Z,-272.157,274.994,-274.994,-272.157,false
b2dc5a6a-5da3-45ea-a7b5-8679eee463b6,2026-07-26T08:52:46.30823Z,2026-07-26T08:52:46Z,2026-07-26T08:52:46.310147Z,2026-07-26T08:52:46Z,-308.230,310.147,-310.147,-308.230,false
70c2fa20-0520-457a-a0ca-1e4ee0c5636b,2026-07-26T08:52:46.340796Z,2026-07-26T08:52:46Z,2026-07-26T08:52:46.345084Z,2026-07-26T08:52:46Z,-340.796,345.084,-345.084,-340.796,false
afbd9fd3-a0ce-4be2-9a8b-6a5b57cf6511,2026-07-26T08:52:46.375171Z,2026-07-26T08:52:46Z,2026-07-26T08:52:46.378887Z,2026-07-26T08:52:46Z,-375.171,378.887,-378.887,-375.171,false
299671c0-e722-40e6-80cd-f3f94c62f132,2026-07-26T08:52:46.410656Z,2026-07-26T08:52:46Z,2026-07-26T08:52:46.413689Z,2026-07-26T08:52:46Z,-410.656,413.689,-413.689,-410.656,false
9e2c846d-cbd0-4511-aeb9-c057a3c0fb4d,2026-07-26T08:52:46.444474Z,2026-07-26T08:52:46Z,2026-07-26T08:52:46.449131Z,2026-07-26T08:52:46Z,-444.474,449.131,-449.131,-444.474,false
d4758e7f-24e3-4de9-8f4d-3055aff794ea,2026-07-26T08:52:46.479569Z,2026-07-26T08:52:46Z,2026-07-26T08:52:46.484735Z,2026-07-26T08:52:46Z,-479.569,484.735,-484.735,-479.569,false
be9c75e9-4ba6-4d59-bab6-31afea8f0b8d,2026-07-26T08:52:46.515097Z,2026-07-26T08:52:46Z,2026-07-26T08:52:46.522646Z,2026-07-26T08:52:46Z,-515.097,522.646,-522.646,-515.097,false
d8c0cd79-10af-474a-b2a0-17bbcf6209ff,2026-07-26T08:52:46.548511Z,2026-07-26T08:52:46Z,2026-07-26T08:52:46.55099Z,2026-07-26T08:52:46Z,-548.511,550.990,-550.990,-548.511,false
6df595f2-ed41-4b3b-8926-7fd3e73d0e2a,2026-07-26T08:52:46.579807Z,2026-07-26T08:52:46Z,2026-07-26T08:52:46.582526Z,2026-07-26T08:52:46Z,-579.807,582.526,-582.526,-579.807,false
49a62cab-69a3-48c0-b2f6-18c5efdcd0e3,2026-07-26T08:52:46.615519Z,2026-07-26T08:52:46Z,2026-07-26T08:52:46.618233Z,2026-07-26T08:52:46Z,-615.519,618.233,-618.233,-615.519,false
6cd5473b-4228-4c40-8572-fab660d3b43b,2026-07-26T08:52:46.649772Z,2026-07-26T08:52:46Z,2026-07-26T08:52:46.652267Z,2026-07-26T08:52:46Z,-649.772,652.267,-652.267,-649.772,false
2b4954f2-5145-4411-b9dd-687cf400d70d,2026-07-26T08:52:46.683842Z,2026-07-26T08:52:46Z,2026-07-26T08:52:46.687152Z,2026-07-26T08:52:46Z,-683.842,687.152,-687.152,-683.842,false
3e09a96a-27ad-4c3e-baac-03750091cb23,2026-07-26T08:52:46.718602Z,2026-07-26T08:52:46Z,2026-07-26T08:52:46.721163Z,2026-07-26T08:52:46Z,-718.602,721.163,-721.163,-718.602,false
9af75630-2bfe-471c-b2eb-5edc70187368,2026-07-26T08:52:46.752318Z,2026-07-26T08:52:46Z,2026-07-26T08:52:46.755516Z,2026-07-26T08:52:46Z,-752.318,755.516,-755.516,-752.318,false
0689879d-5149-4359-ae6d-f32ebc695fdd,2026-07-26T08:52:46.787536Z,2026-07-26T08:52:46Z,2026-07-26T08:52:46.791126Z,2026-07-26T08:52:46Z,-787.536,791.126,-791.126,-787.536,false
8cc63e9e-67ce-413e-a47d-10574eb1b665,2026-07-26T08:52:46.822308Z,2026-07-26T08:52:46Z,2026-07-26T08:52:46.829353Z,2026-07-26T08:52:46Z,-822.308,829.353,-829.353,-822.308,false
7e1ad60e-afdb-446b-b34b-c96528ab2d86,2026-07-26T08:52:46.856978Z,2026-07-26T08:52:46Z,2026-07-26T08:52:46.859555Z,2026-07-26T08:52:46Z,-856.978,859.555,-859.555,-856.978,false
7338cb06-7173-4d77-bdaa-99a5ed6131b8,2026-07-26T08:52:46.890325Z,2026-07-26T08:52:46Z,2026-07-26T08:52:46.894074Z,2026-07-26T08:52:46Z,-890.325,894.074,-894.074,-890.325,false
e35ec483-c2f4-49b4-861a-ab4e922f78af,2026-07-26T08:52:46.924924Z,2026-07-26T08:52:46Z,2026-07-26T08:52:46.928185Z,2026-07-26T08:52:46Z,-924.924,928.185,-928.185,-924.924,false
60f45588-8d52-4098-957c-79c0e4e96324,2026-07-26T08:52:46.959029Z,2026-07-26T08:52:46Z,2026-07-26T08:52:46.962966Z,2026-07-26T08:52:46Z,-959.029,962.966,-962.966,-959.029,false
ace96873-a9d4-4c76-b9ec-0605670c7202,2026-07-26T08:52:46.993448Z,2026-07-26T08:52:46Z,2026-07-26T08:52:46.996321Z,2026-07-26T08:52:46Z,-993.448,996.321,-996.321,-993.448,false
9f86ed92-1500-46e8-babb-3c33a5d6597a,2026-07-26T08:52:47.028254Z,2026-07-26T08:52:47Z,2026-07-26T08:52:47.032364Z,2026-07-26T08:52:47Z,-28.254,32.364,-32.364,-28.254,false
464fbbfc-1377-4417-a7f4-857e33c4c0aa,2026-07-26T08:52:47.065549Z,2026-07-26T08:52:47Z,2026-07-26T08:52:47.070845Z,2026-07-26T08:52:47Z,-65.549,70.845,-70.845,-65.549,false
2ddda0ba-f49d-4199-b979-b5e3aff2cdb1,2026-07-26T08:52:47.096267Z,2026-07-26T08:52:47Z,2026-07-26T08:52:47.099163Z,2026-07-26T08:52:47Z,-96.267,99.163,-99.163,-96.267,false
dbd7b7d9-acbd-4e73-bd30-81bb7c1635da,2026-07-26T08:52:47.129999Z,2026-07-26T08:52:47Z,2026-07-26T08:52:47.132677Z,2026-07-26T08:52:47Z,-129.999,132.677,-132.677,-129.999,false
bb0ece5b-52f6-4638-96c2-e151ed06caa6,2026-07-26T08:52:47.165634Z,2026-07-26T08:52:47Z,2026-07-26T08:52:47.168369Z,2026-07-26T08:52:47Z,-165.634,168.369,-168.369,-165.634,false
9f0c9fbd-9ab6-4fe5-a316-1e100e116af5,2026-07-26T08:52:47.198935Z,2026-07-26T08:52:47Z,2026-07-26T08:52:47.201305Z,2026-07-26T08:52:47Z,-198.935,201.305,-201.305,-198.935,false
0c5a2d68-a95e-4596-9e81-234145a7efb3,2026-07-26T08:52:47.233667Z,2026-07-26T08:52:47Z,2026-07-26T08:52:47.236028Z,2026-07-26T08:52:47Z,-233.667,236.028,-236.028,-233.667,false
7deab838-2885-4abd-8471-7366697c1d91,2026-07-26T08:52:47.268001Z,2026-07-26T08:52:47Z,2026-07-26T08:52:47.270694Z,2026-07-26T08:52:47Z,-268.001,270.694,-270.694,-268.001,false
9e2e8dd5-d65d-463a-b5a7-163621ea1379,2026-07-26T08:52:47.303214Z,2026-07-26T08:52:47Z,2026-07-26T08:52:47.306553Z,2026-07-26T08:52:47Z,-303.214,306.553,-306.553,-303.214,false
0ef592b6-6e60-4832-bc3c-2133544eb975,2026-07-26T08:52:47.337828Z,2026-07-26T08:52:47Z,2026-07-26T08:52:47.341367Z,2026-07-26T08:52:47Z,-337.828,341.367,-341.367,-337.828,false
0b8c1462-f38d-4ffe-8c71-d8b8276dc676,2026-07-26T08:52:47.371869Z,2026-07-26T08:52:47Z,2026-07-26T08:52:47.374901Z,2026-07-26T08:52:47Z,-371.869,374.901,-374.901,-371.869,false
dbbbb531-7109-4b87-9c77-1176e62fa75f,2026-07-26T08:52:47.406442Z,2026-07-26T08:52:47Z,2026-07-26T08:52:47.410061Z,2026-07-26T08:52:47Z,-406.442,410.061,-410.061,-406.442,false
6ceed306-6f3d-4a2a-9277-5cc38a2a1146,2026-07-26T08:52:47.441127Z,2026-07-26T08:52:47Z,2026-07-26T08:52:47.443778Z,2026-07-26T08:52:47Z,-441.127,443.778,-443.778,-441.127,false
8ba177b5-e049-4bb9-89c2-ea857ea6dde5,2026-07-26T08:52:47.47471Z,2026-07-26T08:52:47Z,2026-07-26T08:52:47.478456Z,2026-07-26T08:52:47Z,-474.710,478.456,-478.456,-474.710,false
e59d7631-f2ab-434c-8eb4-0ca2a94a52d0,2026-07-26T08:52:47.50965Z,2026-07-26T08:52:47Z,2026-07-26T08:52:47.512837Z,2026-07-26T08:52:47Z,-509.650,512.837,-512.837,-509.650,false
b947e6b5-c422-46a6-b5a4-eacc13e33e81,2026-07-26T08:52:47.544661Z,2026-07-26T08:52:47Z,2026-07-26T08:52:47.549008Z,2026-07-26T08:52:47Z,-544.661,549.008,-549.008,-544.661,false
d517c243-2eb2-4d83-8888-e96d12f5d63b,2026-07-26T08:52:47.578505Z,2026-07-26T08:52:47Z,2026-07-26T08:52:47.581568Z,2026-07-26T08:52:47Z,-578.505,581.568,-581.568,-578.505,false
b4c90584-026d-4a0c-892b-1e727fc665dd,2026-07-26T08:52:47.612349Z,2026-07-26T08:52:47Z,2026-07-26T08:52:47.615224Z,2026-07-26T08:52:47Z,-612.349,615.224,-615.224,-612.349,false
9502f355-14c3-493f-b328-d88bbc871c72,2026-07-26T08:52:47.649625Z,2026-07-26T08:52:47Z,2026-07-26T08:52:47.654829Z,2026-07-26T08:52:47Z,-649.625,654.829,-654.829,-649.625,false
e1a43f22-9af1-479a-882b-63cc35107f8d,2026-07-26T08:52:47.681201Z,2026-07-26T08:52:47Z,2026-07-26T08:52:47.683898Z,2026-07-26T08:52:47Z,-681.201,683.898,-683.898,-681.201,false
4a12a9d2-1bb6-410f-9d9a-1e4af4f8cb62,2026-07-26T08:52:47.71613Z,2026-07-26T08:52:47Z,2026-07-26T08:52:47.720028Z,2026-07-26T08:52:47Z,-716.130,720.028,-720.028,-716.130,false
275d9e34-f8c8-4ee8-92a1-f001e289c53f,2026-07-26T08:52:47.750269Z,2026-07-26T08:52:47Z,2026-07-26T08:52:47.752952Z,2026-07-26T08:52:47Z,-750.269,752.952,-752.952,-750.269,false
e18c3b07-34dd-4693-b101-df627e950082,2026-07-26T08:52:47.782982Z,2026-07-26T08:52:47Z,2026-07-26T08:52:47.785617Z,2026-07-26T08:52:47Z,-782.982,785.617,-785.617,-782.982,false
55a74bb8-9a7b-4ee2-a70a-821339883693,2026-07-26T08:52:47.817726Z,2026-07-26T08:52:47Z,2026-07-26T08:52:47.821378Z,2026-07-26T08:52:47Z,-817.726,821.378,-821.378,-817.726,false
28da06d7-3fc3-4fd7-936c-3d2ae81ee0bc,2026-07-26T08:52:47.853129Z,2026-07-26T08:52:47Z,2026-07-26T08:52:47.856103Z,2026-07-26T08:52:47Z,-853.129,856.103,-856.103,-853.129,false
b2ef7461-d3fa-4784-9278-f76c2c06ed03,2026-07-26T08:52:47.887803Z,2026-07-26T08:52:47Z,2026-07-26T08:52:47.900924Z,2026-07-26T08:52:47Z,-887.803,900.924,-900.924,-887.803,false
3bc03207-d792-4e85-aa71-ec7447f1a4be,2026-07-26T08:52:47.920662Z,2026-07-26T08:52:47Z,2026-07-26T08:52:47.93146Z,2026-07-26T08:52:47Z,-920.662,931.460,-931.460,-920.662,false
36b12205-18ef-4ea5-aeed-4395afc3833a,2026-07-26T08:52:47.959204Z,2026-07-26T08:52:47Z,2026-07-26T08:52:47.959712Z,2026-07-26T08:52:47Z,-959.204,959.712,-959.712,-959.204,false
277f3a7c-fc0e-4e64-ade7-568e76fee5b1,2026-07-26T08:52:47.99035Z,2026-07-26T08:52:47Z,2026-07-26T08:52:47.994196Z,2026-07-26T08:52:47Z,-990.350,994.196,-994.196,-990.350,false
eca7f7ef-2d54-467d-957a-36a4dc38c7f4,2026-07-26T08:52:48.023971Z,2026-07-26T08:52:48Z,2026-07-26T08:52:48.027127Z,2026-07-26T08:52:48Z,-23.971,27.127,-27.127,-23.971,false
f552bf78-ccb3-4991-b792-6a097a3a85cc,2026-07-26T08:52:48.057349Z,2026-07-26T08:52:48Z,2026-07-26T08:52:48.060522Z,2026-07-26T08:52:48Z,-57.349,60.522,-60.522,-57.349,false
b66b10a9-c42f-4696-9826-8ee92e0065a2,2026-07-26T08:52:48.093539Z,2026-07-26T08:52:48Z,2026-07-26T08:52:48.099036Z,2026-07-26T08:52:48Z,-93.539,99.036,-99.036,-93.539,false
2adecd5e-1b9e-4923-8477-c3897c58a2c4,2026-07-26T08:52:48.125609Z,2026-07-26T08:52:48Z,2026-07-26T08:52:48.128512Z,2026-07-26T08:52:48Z,-125.609,128.512,-128.512,-125.609,false
6bda5986-4d0b-4a78-9152-46fae3359c18,2026-07-26T08:52:48.16123Z,2026-07-26T08:52:48Z,2026-07-26T08:52:48.168089Z,2026-07-26T08:52:48Z,-161.230,168.089,-168.089,-161.230,false
98754c70-88b1-42ba-8e29-926609130659,2026-07-26T08:52:48.194692Z,2026-07-26T08:52:48Z,2026-07-26T08:52:48.198109Z,2026-07-26T08:52:48Z,-194.692,198.109,-198.109,-194.692,false
89292ba2-b346-4532-b80c-3a2d50a90513,2026-07-26T08:52:48.22943Z,2026-07-26T08:52:48Z,2026-07-26T08:52:48.232796Z,2026-07-26T08:52:48Z,-229.430,232.796,-232.796,-229.430,false
a13274ad-19e5-4090-96a7-b1d63c4d6fed,2026-07-26T08:52:48.262401Z,2026-07-26T08:52:48Z,2026-07-26T08:52:48.265391Z,2026-07-26T08:52:48Z,-262.401,265.391,-265.391,-262.401,false
e6408a32-2bb0-4605-8b8d-87c3359299f5,2026-07-26T08:52:48.297678Z,2026-07-26T08:52:48Z,2026-07-26T08:52:48.300804Z,2026-07-26T08:52:48Z,-297.678,300.804,-300.804,-297.678,false
683de9b3-5fe4-4caf-a608-128d089c15c4,2026-07-26T08:52:48.331594Z,2026-07-26T08:52:48Z,2026-07-26T08:52:48.335402Z,2026-07-26T08:52:48Z,-331.594,335.402,-335.402,-331.594,false
6d18c957-7ea2-41cb-8d0f-7658922e1c63,2026-07-26T08:52:48.366249Z,2026-07-26T08:52:48Z,2026-07-26T08:52:48.369111Z,2026-07-26T08:52:48Z,-366.249,369.111,-369.111,-366.249,false
e17b1d57-aede-44c4-b718-183af62d45c0,2026-07-26T08:52:48.40026Z,2026-07-26T08:52:48Z,2026-07-26T08:52:48.404091Z,2026-07-26T08:52:48Z,-400.260,404.091,-404.091,-400.260,false
36106b8e-2a80-411e-b2c1-2e13bb7f4e0a,2026-07-26T08:52:48.434926Z,2026-07-26T08:52:48Z,2026-07-26T08:52:48.437631Z,2026-07-26T08:52:48Z,-434.926,437.631,-437.631,-434.926,false
cfe35ae4-d8c5-4198-99b7-11e708cf4789,2026-07-26T08:52:48.47085Z,2026-07-26T08:52:48Z,2026-07-26T08:52:48.473618Z,2026-07-26T08:52:48Z,-470.850,473.618,-473.618,-470.850,false
d120ccd4-afe6-4d08-a5b7-bc163e0954be,2026-07-26T08:52:48.503819Z,2026-07-26T08:52:48Z,2026-07-26T08:52:48.5121Z,2026-07-26T08:52:48Z,-503.819,512.100,-512.100,-503.819,false
57c95872-31dc-4954-8367-de900d937bcd,2026-07-26T08:52:48.540172Z,2026-07-26T08:52:48Z,2026-07-26T08:52:48.552796Z,2026-07-26T08:52:48Z,-540.172,552.796,-552.796,-540.172,false
b87236b1-8f37-45cb-83bd-48e411e82a75,2026-07-26T08:52:48.572245Z,2026-07-26T08:52:48Z,2026-07-26T08:52:48.575757Z,2026-07-26T08:52:48Z,-572.245,575.757,-575.757,-572.245,false
a3c257e5-193f-418f-8ea6-61a913b0bf95,2026-07-26T08:52:48.606169Z,2026-07-26T08:52:48Z,2026-07-26T08:52:48.608748Z,2026-07-26T08:52:48Z,-606.169,608.748,-608.748,-606.169,false
57cc97a9-656c-4c91-a951-12822d4fb695,2026-07-26T08:52:48.639552Z,2026-07-26T08:52:48Z,2026-07-26T08:52:48.643182Z,2026-07-26T08:52:48Z,-639.552,643.182,-643.182,-639.552,false
28ea278e-4638-4a62-8c01-d291e9acad6f,2026-07-26T08:52:48.674988Z,2026-07-26T08:52:48Z,2026-07-26T08:52:48.677923Z,2026-07-26T08:52:48Z,-674.988,677.923,-677.923,-674.988,false
de34aabf-e53f-4225-a524-8fae7e62db79,2026-07-26T08:52:48.70781Z,2026-07-26T08:52:48Z,2026-07-26T08:52:48.710938Z,2026-07-26T08:52:48Z,-707.810,710.938,-710.938,-707.810,false
a39a9b92-a362-454f-ac87-235495150671,2026-07-26T08:52:48.742074Z,2026-07-26T08:52:48Z,2026-07-26T08:52:48.74682Z,2026-07-26T08:52:48Z,-742.074,746.820,-746.820,-742.074,false
72087e29-cf18-4d1a-9971-888a89cc3e83,2026-07-26T08:52:48.776396Z,2026-07-26T08:52:48Z,2026-07-26T08:52:48.780556Z,2026-07-26T08:52:48Z,-776.396,780.556,-780.556,-776.396,false
778b18f5-dc91-455d-a3f6-3aa0475f2e71,2026-07-26T08:52:48.810705Z,2026-07-26T08:52:48Z,2026-07-26T08:52:48.813789Z,2026-07-26T08:52:48Z,-810.705,813.789,-813.789,-810.705,false
e7d0c21a-eb0d-4938-b269-e2a0092c14a1,2026-07-26T08:52:48.84558Z,2026-07-26T08:52:48Z,2026-07-26T08:52:48.849156Z,2026-07-26T08:52:48Z,-845.580,849.156,-849.156,-845.580,false
40eac54c-278f-4fe8-96d7-80683f841c79,2026-07-26T08:52:48.87874Z,2026-07-26T08:52:48Z,2026-07-26T08:52:48.881818Z,2026-07-26T08:52:48Z,-878.740,881.818,-881.818,-878.740,false
b64afa98-fa67-4d2a-ba8d-d3b0a339f789,2026-07-26T08:52:48.913745Z,2026-07-26T08:52:48Z,2026-07-26T08:52:48.916727Z,2026-07-26T08:52:48Z,-913.745,916.727,-916.727,-913.745,false
80eed8fa-c465-42ad-ba92-ff0efa9b19fb,2026-07-26T08:52:48.94699Z,2026-07-26T08:52:48Z,2026-07-26T08:52:48.949771Z,2026-07-26T08:52:48Z,-946.990,949.771,-949.771,-946.990,false
204e4a8c-4c2c-49a5-b4c2-ba4e4faa3711,2026-07-26T08:52:48.982297Z,2026-07-26T08:52:48Z,2026-07-26T08:52:48.986689Z,2026-07-26T08:52:48Z,-982.297,986.689,-986.689,-982.297,false
777f1306-9058-44ca-988a-009a652ea1fa,2026-07-26T08:52:49.014875Z,2026-07-26T08:52:49Z,2026-07-26T08:52:49.018577Z,2026-07-26T08:52:49Z,-14.875,18.577,-18.577,-14.875,false
9529292b-9cd4-4ef9-bc66-18a825f10e91,2026-07-26T08:52:49.050615Z,2026-07-26T08:52:49Z,2026-07-26T08:52:49.053619Z,2026-07-26T08:52:49Z,-50.615,53.619,-53.619,-50.615,false
f887b2e3-e30a-46f8-a12b-be1fe7be5cb3,2026-07-26T08:52:49.084302Z,2026-07-26T08:52:49Z,2026-07-26T08:52:49.087612Z,2026-07-26T08:52:49Z,-84.302,87.612,-87.612,-84.302,false
f9ca071d-5f48-4166-8efe-5ddbf56d76cc,2026-07-26T08:52:49.119018Z,2026-07-26T08:52:49Z,2026-07-26T08:52:49.12221Z,2026-07-26T08:52:49Z,-119.018,122.210,-122.210,-119.018,false
95614e57-3243-4400-bc37-65b089399596,2026-07-26T08:52:49.153153Z,2026-07-26T08:52:49Z,2026-07-26T08:52:49.157233Z,2026-07-26T08:52:49Z,-153.153,157.233,-157.233,-153.153,false
738b0775-4d1b-4640-be18-1d6bbc14aaf8,2026-07-26T08:52:49.187849Z,2026-07-26T08:52:49Z,2026-07-26T08:52:49.190676Z,2026-07-26T08:52:49Z,-187.849,190.676,-190.676,-187.849,false
022b739f-f64b-4d3b-adce-5d3357cef60a,2026-07-26T08:52:49.221619Z,2026-07-26T08:52:49Z,2026-07-26T08:52:49.22821Z,2026-07-26T08:52:49Z,-221.619,228.210,-228.210,-221.619,false
65f22418-26a4-440d-b2a1-f542bede23a1,2026-07-26T08:52:49.256862Z,2026-07-26T08:52:49Z,2026-07-26T08:52:49.260264Z,2026-07-26T08:52:49Z,-256.862,260.264,-260.264,-256.862,false
1838dba5-195b-47fe-9dfc-c40dd9156b6e,2026-07-26T08:52:49.290919Z,2026-07-26T08:52:49Z,2026-07-26T08:52:49.294654Z,2026-07-26T08:52:49Z,-290.919,294.654,-294.654,-290.919,false
ab42089c-cd0c-4f1d-a6bd-fab6a7b9c966,2026-07-26T08:52:49.325903Z,2026-07-26T08:52:49Z,2026-07-26T08:52:49.329074Z,2026-07-26T08:52:49Z,-325.903,329.074,-329.074,-325.903,false
6256464e-4a00-4efb-87a9-25be39ed5fdb,2026-07-26T08:52:49.359652Z,2026-07-26T08:52:49Z,2026-07-26T08:52:49.36358Z,2026-07-26T08:52:49Z,-359.652,363.580,-363.580,-359.652,false
24897c5e-f550-4499-968b-e499c69984ee,2026-07-26T08:52:49.393944Z,2026-07-26T08:52:49Z,2026-07-26T08:52:49.396734Z,2026-07-26T08:52:49Z,-393.944,396.734,-396.734,-393.944,false
a65057dc-997b-4575-a50c-6f7b76b5e018,2026-07-26T08:52:49.427918Z,2026-07-26T08:52:49Z,2026-07-26T08:52:49.431378Z,2026-07-26T08:52:49Z,-427.918,431.378,-431.378,-427.918,false
3d63f907-3221-4385-b847-852bcb47d1ff,2026-07-26T08:52:49.462837Z,2026-07-26T08:52:49Z,2026-07-26T08:52:49.4652Z,2026-07-26T08:52:49Z,-462.837,465.200,-465.200,-462.837,false
69c3ce12-6bb0-40c9-a1a3-b203f45a2564,2026-07-26T08:52:49.497276Z,2026-07-26T08:52:49Z,2026-07-26T08:52:49.501183Z,2026-07-26T08:52:49Z,-497.276,501.183,-501.183,-497.276,false
427139a7-7cae-45d0-8f87-b44527f5d49e,2026-07-26T08:52:49.53146Z,2026-07-26T08:52:49Z,2026-07-26T08:52:49.534353Z,2026-07-26T08:52:49Z,-531.460,534.353,-534.353,-531.460,false
2f3e5a85-7acd-44c7-ad75-8ed3d1ae5a6f,2026-07-26T08:52:49.566368Z,2026-07-26T08:52:49Z,2026-07-26T08:52:49.569778Z,2026-07-26T08:52:49Z,-566.368,569.778,-569.778,-566.368,false
f54a3a4a-1bce-47a6-94bf-893409f117ca,2026-07-26T08:52:49.599899Z,2026-07-26T08:52:49Z,2026-07-26T08:52:49.603244Z,2026-07-26T08:52:49Z,-599.899,603.244,-603.244,-599.899,false
2880a9d1-4189-4270-a1ac-924092d8ebf5,2026-07-26T08:52:49.63464Z,2026-07-26T08:52:49Z,2026-07-26T08:52:49.637967Z,2026-07-26T08:52:49Z,-634.640,637.967,-637.967,-634.640,false
b4d36950-b094-45fb-9de6-3d20dffd4020,2026-07-26T08:52:49.668561Z,2026-07-26T08:52:49Z,2026-07-26T08:52:49.673126Z,2026-07-26T08:52:49Z,-668.561,673.126,-673.126,-668.561,false
bc4339e9-7d65-4dff-80ba-215d3fcf188d,2026-07-26T08:52:49.703879Z,2026-07-26T08:52:49Z,2026-07-26T08:52:49.707914Z,2026-07-26T08:52:49Z,-703.879,707.914,-707.914,-703.879,false
1b3c9c4a-6b87-4dec-8f58-385287d44238,2026-07-26T08:52:49.736735Z,2026-07-26T08:52:49Z,2026-07-26T08:52:49.739678Z,2026-07-26T08:52:49Z,-736.735,739.678,-739.678,-736.735,false
d291c385-a204-4374-a502-a3da41e1d762,2026-07-26T08:52:49.771344Z,2026-07-26T08:52:49Z,2026-07-26T08:52:49.774379Z,2026-07-26T08:52:49Z,-771.344,774.379,-774.379,-771.344,false
9b617921-80e3-470c-a504-b57a430bcfa5,2026-07-26T08:52:49.806566Z,2026-07-26T08:52:49Z,2026-07-26T08:52:49.809867Z,2026-07-26T08:52:49Z,-806.566,809.867,-809.867,-806.566,false
0b7c5e1e-5d3e-4fb7-abdc-5467cfc6f9cb,2026-07-26T08:52:49.839472Z,2026-07-26T08:52:49Z,2026-07-26T08:52:49.842216Z,2026-07-26T08:52:49Z,-839.472,842.216,-842.216,-839.472,false
56be4565-cde8-422f-bed9-4ae3f978bfc0,2026-07-26T08:52:49.874029Z,2026-07-26T08:52:49Z,2026-07-26T08:52:49.876843Z,2026-07-26T08:52:49Z,-874.029,876.843,-876.843,-874.029,false
897bd788-abdd-4235-9e1b-8624236d31a7,2026-07-26T08:52:49.908136Z,2026-07-26T08:52:49Z,2026-07-26T08:52:49.911218Z,2026-07-26T08:52:49Z,-908.136,911.218,-911.218,-908.136,false
e0679130-7b11-41e6-8822-7ac6add87d2f,2026-07-26T08:52:49.9423Z,2026-07-26T08:52:49Z,2026-07-26T08:52:49.946497Z,2026-07-26T08:52:49Z,-942.300,946.497,-946.497,-942.300,false
a5db13c1-06bc-4608-bf4c-f658b57ae4ac,2026-07-26T08:52:49.976681Z,2026-07-26T08:52:49Z,2026-07-26T08:52:49.980399Z,2026-07-26T08:52:49Z,-976.681,980.399,-980.399,-976.681,false
a1349bcf-1d90-42f9-b2e6-da0535a35799,2026-07-26T08:52:50.011385Z,2026-07-26T08:52:50Z,2026-07-26T08:52:50.015345Z,2026-07-26T08:52:50Z,-11.385,15.345,-15.345,-11.385,false
7ec1b1ba-7979-4c2c-9044-adc7ebbffda5,2026-07-26T08:52:50.045982Z,2026-07-26T08:52:50Z,2026-07-26T08:52:50.051044Z,2026-07-26T08:52:50Z,-45.982,51.044,-51.044,-45.982,false
d7155899-6c70-4b5d-896e-3e9f7b1bc2c6,2026-07-26T08:52:50.079931Z,2026-07-26T08:52:50Z,2026-07-26T08:52:50.082908Z,2026-07-26T08:52:50Z,-79.931,82.908,-82.908,-79.931,false
14396e99-4722-4a39-8bd4-03bedc2f2782,2026-07-26T08:52:50.113381Z,2026-07-26T08:52:50Z,2026-07-26T08:52:50.11677Z,2026-07-26T08:52:50Z,-113.381,116.770,-116.770,-113.381,false
43eb3fe1-f348-4de3-9f0a-6c8013844f81,2026-07-26T08:52:50.146154Z,2026-07-26T08:52:50Z,2026-07-26T08:52:50.148207Z,2026-07-26T08:52:50Z,-146.154,148.207,-148.207,-146.154,false
1a7de6bd-8223-4acf-94a3-5686b1922ea3,2026-07-26T08:52:50.180855Z,2026-07-26T08:52:50Z,2026-07-26T08:52:50.184045Z,2026-07-26T08:52:50Z,-180.855,184.045,-184.045,-180.855,false
543a7103-5104-4b88-aa54-6ea9dc001b03,2026-07-26T08:52:50.215071Z,2026-07-26T08:52:50Z,2026-07-26T08:52:50.217818Z,2026-07-26T08:52:50Z,-215.071,217.818,-217.818,-215.071,false
6fc0c100-97f3-44ee-83f8-3e6432bfe576,2026-07-26T08:52:50.249651Z,2026-07-26T08:52:50Z,2026-07-26T08:52:50.253181Z,2026-07-26T08:52:50Z,-249.651,253.181,-253.181,-249.651,false
cdf653f8-f58d-49ca-9d0f-4a9d9b21de0b,2026-07-26T08:52:50.284669Z,2026-07-26T08:52:50Z,2026-07-26T08:52:50.288611Z,2026-07-26T08:52:50Z,-284.669,288.611,-288.611,-284.669,false
c31a22aa-fdc2-4d43-8194-5824d3e61588,2026-07-26T08:52:50.320071Z,2026-07-26T08:52:50Z,2026-07-26T08:52:50.323385Z,2026-07-26T08:52:50Z,-320.071,323.385,-323.385,-320.071,false
e1e7c638-4dd1-4b11-88e9-1058c90f255b,2026-07-26T08:52:50.353447Z,2026-07-26T08:52:50Z,2026-07-26T08:52:50.357193Z,2026-07-26T08:52:50Z,-353.447,357.193,-357.193,-353.447,false
86d22b4a-0d86-479c-be66-991ee6611d2d,2026-07-26T08:52:50.388353Z,2026-07-26T08:52:50Z,2026-07-26T08:52:50.394364Z,2026-07-26T08:52:50Z,-388.353,394.364,-394.364,-388.353,false
9399557c-613e-468c-8517-a6664216d096,2026-07-26T08:52:50.421451Z,2026-07-26T08:52:50Z,2026-07-26T08:52:50.424699Z,2026-07-26T08:52:50Z,-421.451,424.699,-424.699,-421.451,false
2171b992-6ae7-457d-9f03-715faea2756f,2026-07-26T08:52:50.455398Z,2026-07-26T08:52:50Z,2026-07-26T08:52:50.45736Z,2026-07-26T08:52:50Z,-455.398,457.360,-457.360,-455.398,false
ea38f238-880f-4e3b-a6a2-9b7af49bd60a,2026-07-26T08:52:50.490111Z,2026-07-26T08:52:50Z,2026-07-26T08:52:50.492883Z,2026-07-26T08:52:50Z,-490.111,492.883,-492.883,-490.111,false
41bd47d1-6114-493f-a967-a6fe44891d60,2026-07-26T08:52:50.524593Z,2026-07-26T08:52:50Z,2026-07-26T08:52:50.526606Z,2026-07-26T08:52:50Z,-524.593,526.606,-526.606,-524.593,false
398d2fc8-d7c5-430b-b4bc-834dd6aedb1a,2026-07-26T08:52:50.558211Z,2026-07-26T08:52:50Z,2026-07-26T08:52:50.560878Z,2026-07-26T08:52:50Z,-558.211,560.878,-560.878,-558.211,false
08520e2a-5328-4a7c-9312-960104e59178,2026-07-26T08:52:50.593141Z,2026-07-26T08:52:50Z,2026-07-26T08:52:50.596997Z,2026-07-26T08:52:50Z,-593.141,596.997,-596.997,-593.141,false
4e97aab4-d739-4ad7-8183-ad341bd9f9fc,2026-07-26T08:52:50.627922Z,2026-07-26T08:52:50Z,2026-07-26T08:52:50.631482Z,2026-07-26T08:52:50Z,-627.922,631.482,-631.482,-627.922,false
a9e264b0-5e6f-4012-ba1a-49674d80552b,2026-07-26T08:52:50.661948Z,2026-07-26T08:52:50Z,2026-07-26T08:52:50.682824Z,2026-07-26T08:52:50Z,-661.948,682.824,-682.824,-661.948,false
b971018b-e6b5-440d-b080-bf3e1e491aaa,2026-07-26T08:52:50.695922Z,2026-07-26T08:52:50Z,2026-07-26T08:52:50.698217Z,2026-07-26T08:52:50Z,-695.922,698.217,-698.217,-695.922,false
df52d6f4-6a01-4d88-a90c-50d5e3ae6aaf,2026-07-26T08:52:50.729937Z,2026-07-26T08:52:50Z,2026-07-26T08:52:50.733065Z,2026-07-26T08:52:50Z,-729.937,733.065,-733.065,-729.937,false
5933dfa2-7c76-46f0-94d7-413b18c0cdb7,2026-07-26T08:52:50.764949Z,2026-07-26T08:52:50Z,2026-07-26T08:52:50.76816Z,2026-07-26T08:52:50Z,-764.949,768.160,-768.160,-764.949,false
aea13fd3-10e9-4ef5-a5bd-25562109b8f4,2026-07-26T08:52:50.798935Z,2026-07-26T08:52:50Z,2026-07-26T08:52:50.801571Z,2026-07-26T08:52:50Z,-798.935,801.571,-801.571,-798.935,false
db069363-8421-4e09-a071-aa6921507f18,2026-07-26T08:52:50.84083Z,2026-07-26T08:52:50Z,2026-07-26T08:52:50.843836Z,2026-07-26T08:52:50Z,-840.830,843.836,-843.836,-840.830,false
f7f62d9b-35b6-4743-9258-2cc4e008d023,2026-07-26T08:52:50.867258Z,2026-07-26T08:52:50Z,2026-07-26T08:52:50.870167Z,2026-07-26T08:52:50Z,-867.258,870.167,-870.167,-867.258,false
741986e4-7e2a-46d6-8ef7-a1f6aa206115,2026-07-26T08:52:50.902007Z,2026-07-26T08:52:50Z,2026-07-26T08:52:50.904629Z,2026-07-26T08:52:50Z,-902.007,904.629,-904.629,-902.007,false
9578cc6f-1786-4130-be1b-ab868b14c3ec,2026-07-26T08:52:50.936394Z,2026-07-26T08:52:50Z,2026-07-26T08:52:50.939454Z,2026-07-26T08:52:50Z,-936.394,939.454,-939.454,-936.394,false
b6ce4713-2c25-4bbf-b855-1b79eb4370b0,2026-07-26T08:52:50.970795Z,2026-07-26T08:52:50Z,2026-07-26T08:52:50.973394Z,2026-07-26T08:52:50Z,-970.795,973.394,-973.394,-970.795,false
36021d81-d05e-4ff3-8c8c-cd04b2188663,2026-07-26T08:52:51.004224Z,2026-07-26T08:52:51Z,2026-07-26T08:52:51.007756Z,2026-07-26T08:52:51Z,-4.224,7.756,-7.756,-4.224,false
86e96768-c398-4df0-89ac-909c027807e7,2026-07-26T08:52:51.039925Z,2026-07-26T08:52:51Z,2026-07-26T08:52:51.046278Z,2026-07-26T08:52:51Z,-39.925,46.278,-46.278,-39.925,false
be47eaf7-bfa1-4968-9638-5400030f9388,2026-07-26T08:52:51.073438Z,2026-07-26T08:52:51Z,2026-07-26T08:52:51.077685Z,2026-07-26T08:52:51Z,-73.438,77.685,-77.685,-73.438,false
9b0e76d5-c810-4068-9b80-96d33f8a425c,2026-07-26T08:52:51.107989Z,2026-07-26T08:52:51Z,2026-07-26T08:52:51.111045Z,2026-07-26T08:52:51Z,-107.989,111.045,-111.045,-107.989,false
1d418ac8-8976-493c-9887-91418273524d,2026-07-26T08:52:51.142199Z,2026-07-26T08:52:51Z,2026-07-26T08:52:51.144882Z,2026-07-26T08:52:51Z,-142.199,144.882,-144.882,-142.199,false
e0b9f2ef-2778-40c5-8cff-2d1d8ec19369,2026-07-26T08:52:51.176427Z,2026-07-26T08:52:51Z,2026-07-26T08:52:51.179071Z,2026-07-26T08:52:51Z,-176.427,179.071,-179.071,-176.427,false
672fca71-9003-4434-9ecb-e4c1e90f472c,2026-07-26T08:52:51.211365Z,2026-07-26T08:52:51Z,2026-07-26T08:52:51.214051Z,2026-07-26T08:52:51Z,-211.365,214.051,-214.051,-211.365,false
c7a9eedc-96be-4f3a-ba80-6ffa6ca659a0,2026-07-26T08:52:51.245492Z,2026-07-26T08:52:51Z,2026-07-26T08:52:51.24862Z,2026-07-26T08:52:51Z,-245.492,248.620,-248.620,-245.492,false
1d2b9cef-1eba-4119-94ad-688db21b8b58,2026-07-26T08:52:51.280749Z,2026-07-26T08:52:51Z,2026-07-26T08:52:51.283651Z,2026-07-26T08:52:51Z,-280.749,283.651,-283.651,-280.749,false
0b5bb169-d5e5-4d9f-9b72-dee5e6bae8de,2026-07-26T08:52:51.314635Z,2026-07-26T08:52:51Z,2026-07-26T08:52:51.318709Z,2026-07-26T08:52:51Z,-314.635,318.709,-318.709,-314.635,false
0cb0d20d-333c-4d1e-bd48-fe25b631e443,2026-07-26T08:52:51.351732Z,2026-07-26T08:52:51Z,2026-07-26T08:52:51.355379Z,2026-07-26T08:52:51Z,-351.732,355.379,-355.379,-351.732,false
ed129942-1340-4038-854a-ceef6b1b4bef,2026-07-26T08:52:51.383588Z,2026-07-26T08:52:51Z,2026-07-26T08:52:51.387247Z,2026-07-26T08:52:51Z,-383.588,387.247,-387.247,-383.588,false
49f54817-cadb-45ca-b000-c5d631f3cc9b,2026-07-26T08:52:51.419141Z,2026-07-26T08:52:51Z,2026-07-26T08:52:51.422547Z,2026-07-26T08:52:51Z,-419.141,422.547,-422.547,-419.141,false
b5b6d9dc-e3a2-4cca-b2b1-2f01d2c4386a,2026-07-26T08:52:51.452577Z,2026-07-26T08:52:51Z,2026-07-26T08:52:51.456489Z,2026-07-26T08:52:51Z,-452.577,456.489,-456.489,-452.577,false
86f457cd-0c65-4acd-b807-c11c1b829827,2026-07-26T08:52:51.488866Z,2026-07-26T08:52:51Z,2026-07-26T08:52:51.493133Z,2026-07-26T08:52:51Z,-488.866,493.133,-493.133,-488.866,false
308653f3-5d79-4d2a-9253-152f625a09b7,2026-07-26T08:52:51.523552Z,2026-07-26T08:52:51Z,2026-07-26T08:52:51.529747Z,2026-07-26T08:52:51Z,-523.552,529.747,-529.747,-523.552,false
beb7a758-fd25-4cdf-806e-a647a53a91d0,2026-07-26T08:52:51.557569Z,2026-07-26T08:52:51Z,2026-07-26T08:52:51.56752Z,2026-07-26T08:52:51Z,-557.569,567.520,-567.520,-557.569,false
d4fe02bc-fed4-4dd6-ad0e-e79b5beebb38,2026-07-26T08:52:51.588343Z,2026-07-26T08:52:51Z,2026-07-26T08:52:51.591328Z,2026-07-26T08:52:51Z,-588.343,591.328,-591.328,-588.343,false
721eca15-6246-4654-8617-062bb7648950,2026-07-26T08:52:51.622955Z,2026-07-26T08:52:51Z,2026-07-26T08:52:51.626313Z,2026-07-26T08:52:51Z,-622.955,626.313,-626.313,-622.955,false
ad1b1e0e-435c-4540-8ef1-3fe3f44014af,2026-07-26T08:52:51.656845Z,2026-07-26T08:52:51Z,2026-07-26T08:52:51.660442Z,2026-07-26T08:52:51Z,-656.845,660.442,-660.442,-656.845,false
d3f17303-5730-4dcd-8550-43c8285a68db,2026-07-26T08:52:51.691688Z,2026-07-26T08:52:51Z,2026-07-26T08:52:51.694604Z,2026-07-26T08:52:51Z,-691.688,694.604,-694.604,-691.688,false
a1f876df-9339-484e-955a-517301faa9bf,2026-07-26T08:52:51.725751Z,2026-07-26T08:52:51Z,2026-07-26T08:52:51.729497Z,2026-07-26T08:52:51Z,-725.751,729.497,-729.497,-725.751,false
072fbe51-5f84-44ed-adeb-98c63b563298,2026-07-26T08:52:51.76393Z,2026-07-26T08:52:51Z,2026-07-26T08:52:51.767039Z,2026-07-26T08:52:51Z,-763.930,767.039,-767.039,-763.930,false
04be4a9d-df16-4c36-9e21-1c3b11fc495e,2026-07-26T08:52:51.797213Z,2026-07-26T08:52:51Z,2026-07-26T08:52:51.801893Z,2026-07-26T08:52:51Z,-797.213,801.893,-801.893,-797.213,false
22f8615c-2331-48a7-8bbd-6c3e1df0971f,2026-07-26T08:52:51.828706Z,2026-07-26T08:52:51Z,2026-07-26T08:52:51.83098Z,2026-07-26T08:52:51Z,-828.706,830.980,-830.980,-828.706,false
a87a71d3-28a1-4423-8b0a-5470eaa8abc0,2026-07-26T08:52:51.862497Z,2026-07-26T08:52:51Z,2026-07-26T08:52:51.867396Z,2026-07-26T08:52:51Z,-862.497,867.396,-867.396,-862.497,false
4a30ef13-23e0-4665-9ae5-17be210e2cff,2026-07-26T08:52:51.897135Z,2026-07-26T08:52:51Z,2026-07-26T08:52:51.902812Z,2026-07-26T08:52:51Z,-897.135,902.812,-902.812,-897.135,false
79cdcadf-0642-44b5-900b-22e6421dfeb0,2026-07-26T08:52:51.93183Z,2026-07-26T08:52:51Z,2026-07-26T08:52:51.934223Z,2026-07-26T08:52:51Z,-931.830,934.223,-934.223,-931.830,false
d82f4eaf-f508-4e4d-8db1-2a52fd8d71e0,2026-07-26T08:52:51.965895Z,2026-07-26T08:52:51Z,2026-07-26T08:52:51.968289Z,2026-07-26T08:52:51Z,-965.895,968.289,-968.289,-965.895,false
acf8b4c1-cefa-4835-b117-917dd1bb8264,2026-07-26T08:52:52.001119Z,2026-07-26T08:52:52Z,2026-07-26T08:52:52.003984Z,2026-07-26T08:52:52Z,-1.119,3.984,-3.984,-1.119,false
71923cbb-3345-46d2-b540-7a3192a1f91c,2026-07-26T08:52:52.0343Z,2026-07-26T08:52:52Z,2026-07-26T08:52:52.039019Z,2026-07-26T08:52:52Z,-34.300,39.019,-39.019,-34.300,false
c27ad260-78ef-4c65-9e34-3661dbedb8e8,2026-07-26T08:52:52.069814Z,2026-07-26T08:52:52Z,2026-07-26T08:52:52.072882Z,2026-07-26T08:52:52Z,-69.814,72.882,-72.882,-69.814,false
0e0a025e-5a95-4c5e-b70b-e581e33b981d,2026-07-26T08:52:52.102877Z,2026-07-26T08:52:52Z,2026-07-26T08:52:52.106423Z,2026-07-26T08:52:52Z,-102.877,106.423,-106.423,-102.877,false
6f0b15d4-0c2a-4a5a-ab6c-8ac2035a5649,2026-07-26T08:52:52.138056Z,2026-07-26T08:52:52Z,2026-07-26T08:52:52.141272Z,2026-07-26T08:52:52Z,-138.056,141.272,-141.272,-138.056,false
209dd338-40e7-4f83-a4ad-d704e43fce26,2026-07-26T08:52:52.171494Z,2026-07-26T08:52:52Z,2026-07-26T08:52:52.175401Z,2026-07-26T08:52:52Z,-171.494,175.401,-175.401,-171.494,false
68713c2f-1665-4c01-8e0f-85cadfbfcf2b,2026-07-26T08:52:52.205988Z,2026-07-26T08:52:52Z,2026-07-26T08:52:52.208564Z,2026-07-26T08:52:52Z,-205.988,208.564,-208.564,-205.988,false
4c85902a-3867-469b-bab8-8d34fe169321,2026-07-26T08:52:52.240654Z,2026-07-26T08:52:52Z,2026-07-26T08:52:52.244228Z,2026-07-26T08:52:52Z,-240.654,244.228,-244.228,-240.654,false
616bbcaa-1887-4ddd-997c-36e97eea3b09,2026-07-26T08:52:52.275874Z,2026-07-26T08:52:52Z,2026-07-26T08:52:52.280682Z,2026-07-26T08:52:52Z,-275.874,280.682,-280.682,-275.874,false
60e613d9-48f5-40b9-8560-bdccbdc899d5,2026-07-26T08:52:52.308875Z,2026-07-26T08:52:52Z,2026-07-26T08:52:52.312608Z,2026-07-26T08:52:52Z,-308.875,312.608,-312.608,-308.875,false
342d181b-8d03-4023-9cfc-87d28bce3d19,2026-07-26T08:52:52.343324Z,2026-07-26T08:52:52Z,2026-07-26T08:52:52.346814Z,2026-07-26T08:52:52Z,-343.324,346.814,-346.814,-343.324,false
eb4c5520-7662-4c32-a9aa-74843bb59dc7,2026-07-26T08:52:52.378459Z,2026-07-26T08:52:52Z,2026-07-26T08:52:52.382836Z,2026-07-26T08:52:52Z,-378.459,382.836,-382.836,-378.459,false
dce28a8c-2526-4bff-994e-86b29d177601,2026-07-26T08:52:52.417077Z,2026-07-26T08:52:52Z,2026-07-26T08:52:52.420508Z,2026-07-26T08:52:52Z,-417.077,420.508,-420.508,-417.077,false
749f3529-d5ff-44f7-84ba-8d8a97fe7a7d,2026-07-26T08:52:52.445401Z,2026-07-26T08:52:52Z,2026-07-26T08:52:52.449368Z,2026-07-26T08:52:52Z,-445.401,449.368,-449.368,-445.401,false
c0184c66-836d-4299-ac9c-c3cd651c1652,2026-07-26T08:52:52.479874Z,2026-07-26T08:52:52Z,2026-07-26T08:52:52.483002Z,2026-07-26T08:52:52Z,-479.874,483.002,-483.002,-479.874,false
90237009-b5f1-4159-807f-fe51dd23cb85,2026-07-26T08:52:52.513956Z,2026-07-26T08:52:52Z,2026-07-26T08:52:52.517582Z,2026-07-26T08:52:52Z,-513.956,517.582,-517.582,-513.956,false
18929f03-d45f-4bd0-a21a-0189fe8a1d95,2026-07-26T08:52:52.547953Z,2026-07-26T08:52:52Z,2026-07-26T08:52:52.551082Z,2026-07-26T08:52:52Z,-547.953,551.082,-551.082,-547.953,false
d7ff2a3a-6e6e-4052-aa68-49970078058f,2026-07-26T08:52:52.582852Z,2026-07-26T08:52:52Z,2026-07-26T08:52:52.586765Z,2026-07-26T08:52:52Z,-582.852,586.765,-586.765,-582.852,false
43c93037-05e3-4c2b-9a75-33bb355b1013,2026-07-26T08:52:52.617563Z,2026-07-26T08:52:52Z,2026-07-26T08:52:52.621013Z,2026-07-26T08:52:52Z,-617.563,621.013,-621.013,-617.563,false
2990e756-b236-4cf6-8441-8aaa57e53783,2026-07-26T08:52:52.651082Z,2026-07-26T08:52:52Z,2026-07-26T08:52:52.654182Z,2026-07-26T08:52:52Z,-651.082,654.182,-654.182,-651.082,false
a8062303-819d-4fc9-b7ea-22d08534523b,2026-07-26T08:52:52.685533Z,2026-07-26T08:52:52Z,2026-07-26T08:52:52.688792Z,2026-07-26T08:52:52Z,-685.533,688.792,-688.792,-685.533,false
6c5dbe97-9537-4658-9174-c13cf87fe398,2026-07-26T08:52:52.71972Z,2026-07-26T08:52:52Z,2026-07-26T08:52:52.722676Z,2026-07-26T08:52:52Z,-719.720,722.676,-722.676,-719.720,false
9ca3964c-bf30-483d-bc48-a23d7af5081d,2026-07-26T08:52:52.754038Z,2026-07-26T08:52:52Z,2026-07-26T08:52:52.757953Z,2026-07-26T08:52:52Z,-754.038,757.953,-757.953,-754.038,false
efb402fd-d70e-4373-bc0a-43a1a9d76aae,2026-07-26T08:52:52.787932Z,2026-07-26T08:52:52Z,2026-07-26T08:52:52.790965Z,2026-07-26T08:52:52Z,-787.932,790.965,-790.965,-787.932,false
ecbad028-70e7-4100-9fc2-23b62b0d4022,2026-07-26T08:52:52.822811Z,2026-07-26T08:52:52Z,2026-07-26T08:52:52.826343Z,2026-07-26T08:52:52Z,-822.811,826.343,-826.343,-822.811,false
1ae5fcaf-d90c-4c99-a01d-debaa8456cae,2026-07-26T08:52:52.856205Z,2026-07-26T08:52:52Z,2026-07-26T08:52:52.859259Z,2026-07-26T08:52:52Z,-856.205,859.259,-859.259,-856.205,false
c543107b-8991-40c9-a20b-ef93b5a2b261,2026-07-26T08:52:52.891594Z,2026-07-26T08:52:52Z,2026-07-26T08:52:52.895059Z,2026-07-26T08:52:52Z,-891.594,895.059,-895.059,-891.594,false
89a0300c-0d7e-4d63-b15d-e28bd2c45e6c,2026-07-26T08:52:52.92481Z,2026-07-26T08:52:52Z,2026-07-26T08:52:52.927904Z,2026-07-26T08:52:52Z,-924.810,927.904,-927.904,-924.810,false
fb5ef63a-d990-445d-8cde-2179a5a4f067,2026-07-26T08:52:52.962851Z,2026-07-26T08:52:52Z,2026-07-26T08:52:52.966526Z,2026-07-26T08:52:52Z,-962.851,966.526,-966.526,-962.851,false
7cee37ba-80bd-45ef-9f33-0d88704262a4,2026-07-26T08:52:53.004241Z,2026-07-26T08:52:53Z,2026-07-26T08:52:53.013254Z,2026-07-26T08:52:53Z,-4.241,13.254,-13.254,-4.241,false
3122ead1-1221-4dc0-bdf2-5cb0cfb0e739,2026-07-26T08:52:53.02805Z,2026-07-26T08:52:53Z,2026-07-26T08:52:53.030954Z,2026-07-26T08:52:53Z,-28.050,30.954,-30.954,-28.050,false
1d6bffec-bceb-49fe-a8b2-bef87e88e9c7,2026-07-26T08:52:53.06007Z,2026-07-26T08:52:53Z,2026-07-26T08:52:53.063463Z,2026-07-26T08:52:53Z,-60.070,63.463,-63.463,-60.070,false
a9568ea4-7e5e-46b6-86ff-3aec1cf646ec,2026-07-26T08:52:53.100249Z,2026-07-26T08:52:53Z,2026-07-26T08:52:53.104831Z,2026-07-26T08:52:53Z,-100.249,104.831,-104.831,-100.249,false
7edf4beb-6955-49b3-8442-fd791604e361,2026-07-26T08:52:53.12967Z,2026-07-26T08:52:53Z,2026-07-26T08:52:53.134848Z,2026-07-26T08:52:53Z,-129.670,134.848,-134.848,-129.670,false
abcb7865-fb78-4c9d-bf13-3f32886f6642,2026-07-26T08:52:53.164477Z,2026-07-26T08:52:53Z,2026-07-26T08:52:53.169022Z,2026-07-26T08:52:53Z,-164.477,169.022,-169.022,-164.477,false
ce936d7d-9c8a-40b0-83c9-58453e53916f,2026-07-26T08:52:53.196785Z,2026-07-26T08:52:53Z,2026-07-26T08:52:53.202169Z,2026-07-26T08:52:53Z,-196.785,202.169,-202.169,-196.785,false
9df1d28f-a40e-4ba4-afa9-4da51a621f82,2026-07-26T08:52:53.23237Z,2026-07-26T08:52:53Z,2026-07-26T08:52:53.23397Z,2026-07-26T08:52:53Z,-232.370,233.970,-233.970,-232.370,false
f596c6fe-fbb6-49e1-b486-7f20b2cec36a,2026-07-26T08:52:53.265965Z,2026-07-26T08:52:53Z,2026-07-26T08:52:53.269467Z,2026-07-26T08:52:53Z,-265.965,269.467,-269.467,-265.965,false
2ba178e6-17f2-4a7a-a0b7-73c563b6d177,2026-07-26T08:52:53.301107Z,2026-07-26T08:52:53Z,2026-07-26T08:52:53.305465Z,2026-07-26T08:52:53Z,-301.107,305.465,-305.465,-301.107,false
6b4825b6-9a01-491d-b21a-3c0a950e59b9,2026-07-26T08:52:53.335908Z,2026-07-26T08:52:53Z,2026-07-26T08:52:53.354317Z,2026-07-26T08:52:53Z,-335.908,354.317,-354.317,-335.908,false
35da3ef6-b90f-4cb7-8918-701aa80ec459,2026-07-26T08:52:53.36902Z,2026-07-26T08:52:53Z,2026-07-26T08:52:53.371722Z,2026-07-26T08:52:53Z,-369.020,371.722,-371.722,-369.020,false
6b0035a3-ff57-4b04-8055-d4543605067d,2026-07-26T08:52:53.404186Z,2026-07-26T08:52:53Z,2026-07-26T08:52:53.407681Z,2026-07-26T08:52:53Z,-404.186,407.681,-407.681,-404.186,false
3181a0ce-574b-4a8c-b38e-953e5726c9bc,2026-07-26T08:52:53.439588Z,2026-07-26T08:52:53Z,2026-07-26T08:52:53.444744Z,2026-07-26T08:52:53Z,-439.588,444.744,-444.744,-439.588,false
3e56b169-c97e-4b8d-83a9-afd540062f28,2026-07-26T08:52:53.471931Z,2026-07-26T08:52:53Z,2026-07-26T08:52:53.476601Z,2026-07-26T08:52:53Z,-471.931,476.601,-476.601,-471.931,false
c18d31c3-7fc7-44a9-82a9-8b09a5e8d89f,2026-07-26T08:52:53.507642Z,2026-07-26T08:52:53Z,2026-07-26T08:52:53.511036Z,2026-07-26T08:52:53Z,-507.642,511.036,-511.036,-507.642,false
9c93f9c3-87e3-498e-a8b3-86c6ab9cc745,2026-07-26T08:52:53.541284Z,2026-07-26T08:52:53Z,2026-07-26T08:52:53.545102Z,2026-07-26T08:52:53Z,-541.284,545.102,-545.102,-541.284,false
31ddda55-8c0e-46a0-8310-754cf4468290,2026-07-26T08:52:53.574804Z,2026-07-26T08:52:53Z,2026-07-26T08:52:53.577853Z,2026-07-26T08:52:53Z,-574.804,577.853,-577.853,-574.804,false
d9847a5b-22b7-4e09-8559-b2ca974918c1,2026-07-26T08:52:53.610935Z,2026-07-26T08:52:53Z,2026-07-26T08:52:53.613924Z,2026-07-26T08:52:53Z,-610.935,613.924,-613.924,-610.935,false
94f9edee-aae6-402f-95fb-c1b1f88c908e,2026-07-26T08:52:53.646027Z,2026-07-26T08:52:53Z,2026-07-26T08:52:53.648821Z,2026-07-26T08:52:53Z,-646.027,648.821,-648.821,-646.027,false
d618eb3f-a56c-454f-b765-abe729f324d9,2026-07-26T08:52:53.680075Z,2026-07-26T08:52:53Z,2026-07-26T08:52:53.690975Z,2026-07-26T08:52:53Z,-680.075,690.975,-690.975,-680.075,false
71b345f9-8522-4d20-a978-548ca3b04571,2026-07-26T08:52:53.715276Z,2026-07-26T08:52:53Z,2026-07-26T08:52:53.723364Z,2026-07-26T08:52:53Z,-715.276,723.364,-723.364,-715.276,false
e285c75b-2462-461a-afde-0ec77550a750,2026-07-26T08:52:53.747836Z,2026-07-26T08:52:53Z,2026-07-26T08:52:53.751501Z,2026-07-26T08:52:53Z,-747.836,751.501,-751.501,-747.836,false
eaee2cfc-5652-41ed-9df6-3bc98f070da7,2026-07-26T08:52:53.781512Z,2026-07-26T08:52:53Z,2026-07-26T08:52:53.784701Z,2026-07-26T08:52:53Z,-781.512,784.701,-784.701,-781.512,false
83e765fb-0c48-4895-9927-226bc69ef990,2026-07-26T08:52:53.817114Z,2026-07-26T08:52:53Z,2026-07-26T08:52:53.818543Z,2026-07-26T08:52:53Z,-817.114,818.543,-818.543,-817.114,false
f53ef422-d206-4f7b-a7b7-9b475267eafa,2026-07-26T08:52:53.848738Z,2026-07-26T08:52:53Z,2026-07-26T08:52:53.852245Z,2026-07-26T08:52:53Z,-848.738,852.245,-852.245,-848.738,false
f2200cc7-ec0a-4df9-8bba-de71d92c8c47,2026-07-26T08:52:53.883089Z,2026-07-26T08:52:53Z,2026-07-26T08:52:53.885587Z,2026-07-26T08:52:53Z,-883.089,885.587,-885.587,-883.089,false
46d43bd5-fad0-43c5-b849-84bbb346959e,2026-07-26T08:52:53.917081Z,2026-07-26T08:52:53Z,2026-07-26T08:52:53.920003Z,2026-07-26T08:52:53Z,-917.081,920.003,-920.003,-917.081,false
60c83008-8f66-40fa-ac7b-aa768b380a31,2026-07-26T08:52:53.952336Z,2026-07-26T08:52:53Z,2026-07-26T08:52:53.954903Z,2026-07-26T08:52:53Z,-952.336,954.903,-954.903,-952.336,false
13cb9e70-c678-4f65-92dd-98903c8dde34,2026-07-26T08:52:53.985976Z,2026-07-26T08:52:53Z,2026-07-26T08:52:53.989438Z,2026-07-26T08:52:53Z,-985.976,989.438,-989.438,-985.976,false
26c12968-6399-4f51-8818-d8ee208ec9a5,2026-07-26T08:52:54.021237Z,2026-07-26T08:52:54Z,2026-07-26T08:52:54.024754Z,2026-07-26T08:52:54Z,-21.237,24.754,-24.754,-21.237,false
35be414d-decb-4d6a-8872-ca09b109d1c3,2026-07-26T08:52:54.056564Z,2026-07-26T08:52:54Z,2026-07-26T08:52:54.061148Z,2026-07-26T08:52:54Z,-56.564,61.148,-61.148,-56.564,false
ac38ec81-915a-46e1-9b73-add2169e271a,2026-07-26T08:52:54.090534Z,2026-07-26T08:52:54Z,2026-07-26T08:52:54.093632Z,2026-07-26T08:52:54Z,-90.534,93.632,-93.632,-90.534,false
109f4f07-ea47-46df-ba81-ad8779e1a7e2,2026-07-26T08:52:54.123801Z,2026-07-26T08:52:54Z,2026-07-26T08:52:54.127024Z,2026-07-26T08:52:54Z,-123.801,127.024,-127.024,-123.801,false
17568876-38e3-4268-83d4-ee6b4d8bfb8e,2026-07-26T08:52:54.160727Z,2026-07-26T08:52:54Z,2026-07-26T08:52:54.164419Z,2026-07-26T08:52:54Z,-160.727,164.419,-164.419,-160.727,false
76ef38e0-a573-4b79-9d36-24cdf1b61f2b,2026-07-26T08:52:54.194503Z,2026-07-26T08:52:54Z,2026-07-26T08:52:54.197433Z,2026-07-26T08:52:54Z,-194.503,197.433,-197.433,-194.503,false
c56b8e80-b1ae-4165-9cbe-8417328ec906,2026-07-26T08:52:54.228267Z,2026-07-26T08:52:54Z,2026-07-26T08:52:54.232154Z,2026-07-26T08:52:54Z,-228.267,232.154,-232.154,-228.267,false
3934f3c6-9e78-4736-9cca-bc64db25b070,2026-07-26T08:52:54.261843Z,2026-07-26T08:52:54Z,2026-07-26T08:52:54.264769Z,2026-07-26T08:52:54Z,-261.843,264.769,-264.769,-261.843,false
0efdfee0-79a1-446d-8da2-ccecb5facae4,2026-07-26T08:52:54.295771Z,2026-07-26T08:52:54Z,2026-07-26T08:52:54.299026Z,2026-07-26T08:52:54Z,-295.771,299.026,-299.026,-295.771,false
aa0ec387-fe66-4c5d-8426-508e44bbaab6,2026-07-26T08:52:54.331364Z,2026-07-26T08:52:54Z,2026-07-26T08:52:54.334357Z,2026-07-26T08:52:54Z,-331.364,334.357,-334.357,-331.364,false
9a57c529-f344-496f-8133-ab115ebe7861,2026-07-26T08:52:54.364758Z,2026-07-26T08:52:54Z,2026-07-26T08:52:54.368014Z,2026-07-26T08:52:54Z,-364.758,368.014,-368.014,-364.758,false
bdf5a5fd-4cab-47ea-837f-b0f2a55e49b7,2026-07-26T08:52:54.399425Z,2026-07-26T08:52:54Z,2026-07-26T08:52:54.402229Z,2026-07-26T08:52:54Z,-399.425,402.229,-402.229,-399.425,false
20d55780-b856-499e-a874-cca8861e717e,2026-07-26T08:52:54.433505Z,2026-07-26T08:52:54Z,2026-07-26T08:52:54.436851Z,2026-07-26T08:52:54Z,-433.505,436.851,-436.851,-433.505,false
92a914c2-c908-4568-9ffb-286e1d005bfe,2026-07-26T08:52:54.467355Z,2026-07-26T08:52:54Z,2026-07-26T08:52:54.470409Z,2026-07-26T08:52:54Z,-467.355,470.409,-470.409,-467.355,false
59a40f2f-9ece-429f-a560-97ccf9ff8553,2026-07-26T08:52:54.502909Z,2026-07-26T08:52:54Z,2026-07-26T08:52:54.506628Z,2026-07-26T08:52:54Z,-502.909,506.628,-506.628,-502.909,false
d2c26df2-0751-4fe7-ab76-5cffe035d4ce,2026-07-26T08:52:54.536454Z,2026-07-26T08:52:54Z,2026-07-26T08:52:54.540379Z,2026-07-26T08:52:54Z,-536.454,540.379,-540.379,-536.454,false
f7f24508-3069-4f2c-855d-c03a30f30e83,2026-07-26T08:52:54.569866Z,2026-07-26T08:52:54Z,2026-07-26T08:52:54.573727Z,2026-07-26T08:52:54Z,-569.866,573.727,-573.727,-569.866,false
b95006ce-ad6c-48a9-8aa7-51a9ef0f6c92,2026-07-26T08:52:54.604042Z,2026-07-26T08:52:54Z,2026-07-26T08:52:54.607144Z,2026-07-26T08:52:54Z,-604.042,607.144,-607.144,-604.042,false
31d3c1e8-a2dc-4256-b61d-cd2606b358db,2026-07-26T08:52:54.637861Z,2026-07-26T08:52:54Z,2026-07-26T08:52:54.64159Z,2026-07-26T08:52:54Z,-637.861,641.590,-641.590,-637.861,false
dbb4d051-4382-4c67-b377-9789e279eee2,2026-07-26T08:52:54.672113Z,2026-07-26T08:52:54Z,2026-07-26T08:52:54.675566Z,2026-07-26T08:52:54Z,-672.113,675.566,-675.566,-672.113,false
c57721e5-8afd-4879-ab7c-ce73af5307c8,2026-07-26T08:52:54.707533Z,2026-07-26T08:52:54Z,2026-07-26T08:52:54.711517Z,2026-07-26T08:52:54Z,-707.533,711.517,-711.517,-707.533,false
4a0b178c-1c3d-4928-86ec-2283f0ead535,2026-07-26T08:52:54.739909Z,2026-07-26T08:52:54Z,2026-07-26T08:52:54.744618Z,2026-07-26T08:52:54Z,-739.909,744.618,-744.618,-739.909,false
9285392c-bcba-4ca6-a782-bfcc197a1998,2026-07-26T08:52:54.774587Z,2026-07-26T08:52:54Z,2026-07-26T08:52:54.779417Z,2026-07-26T08:52:54Z,-774.587,779.417,-779.417,-774.587,false
0b75c3bb-85fa-4d01-b896-0d9dbf54b528,2026-07-26T08:52:54.810319Z,2026-07-26T08:52:54Z,2026-07-26T08:52:54.813979Z,2026-07-26T08:52:54Z,-810.319,813.979,-813.979,-810.319,false
04c8e4b6-bece-445b-b904-50283978369d,2026-07-26T08:52:54.8457Z,2026-07-26T08:52:54Z,2026-07-26T08:52:54.848809Z,2026-07-26T08:52:54Z,-845.700,848.809,-848.809,-845.700,false
0317aa52-c6e8-424b-8331-6a102fbd7e29,2026-07-26T08:52:54.877245Z,2026-07-26T08:52:54Z,2026-07-26T08:52:54.883706Z,2026-07-26T08:52:54Z,-877.245,883.706,-883.706,-877.245,false
a4d117a2-45c5-4c23-a65d-9c87e0f0d9bb,2026-07-26T08:52:54.912146Z,2026-07-26T08:52:54Z,2026-07-26T08:52:54.915135Z,2026-07-26T08:52:54Z,-912.146,915.135,-915.135,-912.146,false
843df1fb-dec6-4f2a-a6d8-4089a4e5806b,2026-07-26T08:52:54.945183Z,2026-07-26T08:52:54Z,2026-07-26T08:52:54.948463Z,2026-07-26T08:52:54Z,-945.183,948.463,-948.463,-945.183,false
0b8f7fd2-ad13-47a2-b7be-39f39d5f33c5,2026-07-26T08:52:54.979818Z,2026-07-26T08:52:54Z,2026-07-26T08:52:54.986169Z,2026-07-26T08:52:54Z,-979.818,986.169,-986.169,-979.818,false
c4cb7286-8453-44f7-90b7-685f2a9415e3,2026-07-26T08:52:55.014101Z,2026-07-26T08:52:55Z,2026-07-26T08:52:55.017182Z,2026-07-26T08:52:55Z,-14.101,17.182,-17.182,-14.101,false
6d407ad8-105e-4c0e-8e81-93e8e93e4fcb,2026-07-26T08:52:55.047414Z,2026-07-26T08:52:55Z,2026-07-26T08:52:55.049638Z,2026-07-26T08:52:55Z,-47.414,49.638,-49.638,-47.414,false
0dbf6943-1229-42d6-9801-5b790208508b,2026-07-26T08:52:55.081973Z,2026-07-26T08:52:55Z,2026-07-26T08:52:55.086489Z,2026-07-26T08:52:55Z,-81.973,86.489,-86.489,-81.973,false
92c5e4f8-4826-49ec-b209-5afb5dc06f89,2026-07-26T08:52:55.117939Z,2026-07-26T08:52:55Z,2026-07-26T08:52:55.120976Z,2026-07-26T08:52:55Z,-117.939,120.976,-120.976,-117.939,false
9b8c6b87-2ca0-450e-868d-1d4857d92783,2026-07-26T08:52:55.151546Z,2026-07-26T08:52:55Z,2026-07-26T08:52:55.154Z,2026-07-26T08:52:55Z,-151.546,154.000,-154.000,-151.546,false
c1684c58-025f-403c-a133-83ff59b6c8b5,2026-07-26T08:52:55.185162Z,2026-07-26T08:52:55Z,2026-07-26T08:52:55.192175Z,2026-07-26T08:52:55Z,-185.162,192.175,-192.175,-185.162,false
6fcc4837-65fa-49ae-8c35-9ac54dc2429e,2026-07-26T08:52:55.220785Z,2026-07-26T08:52:55Z,2026-07-26T08:52:55.224303Z,2026-07-26T08:52:55Z,-220.785,224.303,-224.303,-220.785,false
1cf40b23-146f-4f42-870d-136bb86dde02,2026-07-26T08:52:55.254275Z,2026-07-26T08:52:55Z,2026-07-26T08:52:55.257581Z,2026-07-26T08:52:55Z,-254.275,257.581,-257.581,-254.275,false
d8ca1380-8613-40a1-9d8c-c21f898bf903,2026-07-26T08:52:55.293309Z,2026-07-26T08:52:55Z,2026-07-26T08:52:55.295959Z,2026-07-26T08:52:55Z,-293.309,295.959,-295.959,-293.309,false
b3b7d707-e322-43a3-ade9-34ad923adf26,2026-07-26T08:52:55.339986Z,2026-07-26T08:52:55Z,2026-07-26T08:52:55.377699Z,2026-07-26T08:52:55Z,-339.986,377.699,-377.699,-339.986,false
69ed63d6-6411-4ae3-855e-3a1ef4d8f631,2026-07-26T08:52:55.375794Z,2026-07-26T08:52:55Z,2026-07-26T08:52:55.4028Z,2026-07-26T08:52:55Z,-375.794,402.800,-402.800,-375.794,false
c56909bd-5a98-4a4c-93e5-9d4482a9a56a,2026-07-26T08:52:55.405517Z,2026-07-26T08:52:55Z,2026-07-26T08:52:55.433319Z,2026-07-26T08:52:55Z,-405.517,433.319,-433.319,-405.517,false
21b59073-b197-4ef6-9544-e8d06dc8714e,2026-07-26T08:52:55.430534Z,2026-07-26T08:52:55Z,2026-07-26T08:52:55.449112Z,2026-07-26T08:52:55Z,-430.534,449.112,-449.112,-430.534,false
d6b33af5-e515-4636-8ffd-e3476a0e2e76,2026-07-26T08:52:55.465711Z,2026-07-26T08:52:55Z,2026-07-26T08:52:55.491334Z,2026-07-26T08:52:55Z,-465.711,491.334,-491.334,-465.711,false
fa59726b-f1ba-4c5a-8834-cf46227d70df,2026-07-26T08:52:55.496758Z,2026-07-26T08:52:55Z,2026-07-26T08:52:55.50249Z,2026-07-26T08:52:55Z,-496.758,502.490,-502.490,-496.758,false
e111f2d8-6eef-449e-b723-050d2b5ea57d,2026-07-26T08:52:55.525836Z,2026-07-26T08:52:55Z,2026-07-26T08:52:55.529007Z,2026-07-26T08:52:55Z,-525.836,529.007,-529.007,-525.836,false
7205d706-481a-4268-b581-87dd3d5f67db,2026-07-26T08:52:55.559942Z,2026-07-26T08:52:55Z,2026-07-26T08:52:55.561911Z,2026-07-26T08:52:55Z,-559.942,561.911,-561.911,-559.942,false
9f1f98b4-ab7a-41ba-bbb8-253edc51b7ed,2026-07-26T08:52:55.594414Z,2026-07-26T08:52:55Z,2026-07-26T08:52:55.596628Z,2026-07-26T08:52:55Z,-594.414,596.628,-596.628,-594.414,false
17603b74-2fc4-4752-8974-c909cfe83de3,2026-07-26T08:52:55.628568Z,2026-07-26T08:52:55Z,2026-07-26T08:52:55.631588Z,2026-07-26T08:52:55Z,-628.568,631.588,-631.588,-628.568,false
6b1dd39b-83c8-4062-bb02-b2b921b60081,2026-07-26T08:52:55.663868Z,2026-07-26T08:52:55Z,2026-07-26T08:52:55.669709Z,2026-07-26T08:52:55Z,-663.868,669.709,-669.709,-663.868,false
b6d89088-233b-440d-86b2-96a603e9445a,2026-07-26T08:52:55.698079Z,2026-07-26T08:52:55Z,2026-07-26T08:52:55.701679Z,2026-07-26T08:52:55Z,-698.079,701.679,-701.679,-698.079,false
1353b54e-084e-4b87-acd9-735cb54ddcd4,2026-07-26T08:52:55.732228Z,2026-07-26T08:52:55Z,2026-07-26T08:52:55.735848Z,2026-07-26T08:52:55Z,-732.228,735.848,-735.848,-732.228,false
edb3bb4b-ee2c-4ad6-953f-798e43cc7b8a,2026-07-26T08:52:55.766663Z,2026-07-26T08:52:55Z,2026-07-26T08:52:55.769475Z,2026-07-26T08:52:55Z,-766.663,769.475,-769.475,-766.663,false
e3f600ca-0b1b-41d9-82cb-0cb17b5a4a7a,2026-07-26T08:52:55.800693Z,2026-07-26T08:52:55Z,2026-07-26T08:52:55.803708Z,2026-07-26T08:52:55Z,-800.693,803.708,-803.708,-800.693,false
a061e6a9-f9de-497e-8de3-b6b3bf860b8e,2026-07-26T08:52:55.834789Z,2026-07-26T08:52:55Z,2026-07-26T08:52:55.837589Z,2026-07-26T08:52:55Z,-834.789,837.589,-837.589,-834.789,false
c390b6e0-5b93-47c1-9164-a49e98f07ace,2026-07-26T08:52:55.872369Z,2026-07-26T08:52:55Z,2026-07-26T08:52:55.876498Z,2026-07-26T08:52:55Z,-872.369,876.498,-876.498,-872.369,false
857af198-2a15-4039-92a3-8d1a12f09cde,2026-07-26T08:52:55.903453Z,2026-07-26T08:52:55Z,2026-07-26T08:52:55.921171Z,2026-07-26T08:52:55Z,-903.453,921.171,-921.171,-903.453,false
05368bad-5892-496d-bc0d-1667d79abaa2,2026-07-26T08:52:55.939501Z,2026-07-26T08:52:55Z,2026-07-26T08:52:55.942783Z,2026-07-26T08:52:55Z,-939.501,942.783,-942.783,-939.501,false
ba960924-71ad-4e81-8463-bcb2b97836c4,2026-07-26T08:52:55.971529Z,2026-07-26T08:52:55Z,2026-07-26T08:52:55.975475Z,2026-07-26T08:52:55Z,-971.529,975.475,-975.475,-971.529,false
603f0220-4387-49c2-8f04-4b44377c7c83,2026-07-26T08:52:56.007296Z,2026-07-26T08:52:56Z,2026-07-26T08:52:56.010245Z,2026-07-26T08:52:56Z,-7.296,10.245,-10.245,-7.296,false
07db4cc8-eb15-40ed-999e-cda134e9086d,2026-07-26T08:52:56.039945Z,2026-07-26T08:52:56Z,2026-07-26T08:52:56.043062Z,2026-07-26T08:52:56Z,-39.945,43.062,-43.062,-39.945,false
2c9475f3-1e11-41da-a492-77f7c6fea2b2,2026-07-26T08:52:56.074602Z,2026-07-26T08:52:56Z,2026-07-26T08:52:56.077204Z,2026-07-26T08:52:56Z,-74.602,77.204,-77.204,-74.602,false
8a3de788-9bf4-4638-8663-b655eca0bb31,2026-07-26T08:52:56.108345Z,2026-07-26T08:52:56Z,2026-07-26T08:52:56.11179Z,2026-07-26T08:52:56Z,-108.345,111.790,-111.790,-108.345,false
ff03f0e4-290a-4b02-bb92-f747eace117b,2026-07-26T08:52:56.143192Z,2026-07-26T08:52:56Z,2026-07-26T08:52:56.145714Z,2026-07-26T08:52:56Z,-143.192,145.714,-145.714,-143.192,false
3c7218ea-33a0-4235-8e6f-a0617240570c,2026-07-26T08:52:56.177616Z,2026-07-26T08:52:56Z,2026-07-26T08:52:56.18158Z,2026-07-26T08:52:56Z,-177.616,181.580,-181.580,-177.616,false
9ad4b627-8a93-4559-9411-867377e69379,2026-07-26T08:52:56.212575Z,2026-07-26T08:52:56Z,2026-07-26T08:52:56.215295Z,2026-07-26T08:52:56Z,-212.575,215.295,-215.295,-212.575,false
bddde88e-710f-44b9-833d-3a126e153428,2026-07-26T08:52:56.247029Z,2026-07-26T08:52:56Z,2026-07-26T08:52:56.249812Z,2026-07-26T08:52:56Z,-247.029,249.812,-249.812,-247.029,false
a3f21bf4-803b-46c7-a735-202c832a7ee1,2026-07-26T08:52:56.280042Z,2026-07-26T08:52:56Z,2026-07-26T08:52:56.283154Z,2026-07-26T08:52:56Z,-280.042,283.154,-283.154,-280.042,false
f21aa847-3aac-4052-95ec-2f71e7b7a6f2,2026-07-26T08:52:56.314437Z,2026-07-26T08:52:56Z,2026-07-26T08:52:56.320092Z,2026-07-26T08:52:56Z,-314.437,320.092,-320.092,-314.437,false
448655c3-e7fd-4936-8b3a-6cb40af46b7b,2026-07-26T08:52:56.348933Z,2026-07-26T08:52:56Z,2026-07-26T08:52:56.351977Z,2026-07-26T08:52:56Z,-348.933,351.977,-351.977,-348.933,false
e0c8c63f-3291-4f0d-9570-6d4d62a5b9af,2026-07-26T08:52:56.383813Z,2026-07-26T08:52:56Z,2026-07-26T08:52:56.387602Z,2026-07-26T08:52:56Z,-383.813,387.602,-387.602,-383.813,false
4dd6a4bc-9a1f-4b80-8783-1d6c389f06ff,2026-07-26T08:52:56.418244Z,2026-07-26T08:52:56Z,2026-07-26T08:52:56.421911Z,2026-07-26T08:52:56Z,-418.244,421.911,-421.911,-418.244,false
5aa40017-996d-44f9-8009-af072c9a6ca1,2026-07-26T08:52:56.452219Z,2026-07-26T08:52:56Z,2026-07-26T08:52:56.455786Z,2026-07-26T08:52:56Z,-452.219,455.786,-455.786,-452.219,false
ef489803-ad40-4e8f-b17b-2bc0eca7eb95,2026-07-26T08:52:56.488917Z,2026-07-26T08:52:56Z,2026-07-26T08:52:56.490614Z,2026-07-26T08:52:56Z,-488.917,490.614,-490.614,-488.917,false
8e687b05-edb4-433b-afab-29bab6be88d5,2026-07-26T08:52:56.521372Z,2026-07-26T08:52:56Z,2026-07-26T08:52:56.524938Z,2026-07-26T08:52:56Z,-521.372,524.938,-524.938,-521.372,false
c87940b5-db43-4bff-9ea7-3c824a177ffa,2026-07-26T08:52:56.554065Z,2026-07-26T08:52:56Z,2026-07-26T08:52:56.560883Z,2026-07-26T08:52:56Z,-554.065,560.883,-560.883,-554.065,false
964f29e8-0b23-42d7-b6f6-71c7ac1907dd,2026-07-26T08:52:56.589117Z,2026-07-26T08:52:56Z,2026-07-26T08:52:56.592321Z,2026-07-26T08:52:56Z,-589.117,592.321,-592.321,-589.117,false
a2f5b19d-9cf7-4853-b935-19d595ae0acc,2026-07-26T08:52:56.623552Z,2026-07-26T08:52:56Z,2026-07-26T08:52:56.628501Z,2026-07-26T08:52:56Z,-623.552,628.501,-628.501,-623.552,false
bc05b18a-17e7-4156-8971-ad5aa31093a6,2026-07-26T08:52:56.657248Z,2026-07-26T08:52:56Z,2026-07-26T08:52:56.659983Z,2026-07-26T08:52:56Z,-657.248,659.983,-659.983,-657.248,false
97118707-2223-4829-b778-44406b7d9614,2026-07-26T08:52:56.691938Z,2026-07-26T08:52:56Z,2026-07-26T08:52:56.695087Z,2026-07-26T08:52:56Z,-691.938,695.087,-695.087,-691.938,false
1985bf7c-5d4c-48aa-976a-f14026d4dc64,2026-07-26T08:52:56.727488Z,2026-07-26T08:52:56Z,2026-07-26T08:52:56.732202Z,2026-07-26T08:52:56Z,-727.488,732.202,-732.202,-727.488,false
d9e45150-a67f-4471-b030-d2b2048b287e,2026-07-26T08:52:56.761845Z,2026-07-26T08:52:56Z,2026-07-26T08:52:56.764841Z,2026-07-26T08:52:56Z,-761.845,764.841,-764.841,-761.845,false
04afc0f0-886a-4946-8f23-ffc30f10c173,2026-07-26T08:52:56.795476Z,2026-07-26T08:52:56Z,2026-07-26T08:52:56.798446Z,2026-07-26T08:52:56Z,-795.476,798.446,-798.446,-795.476,false
d597e0c0-c87f-42b7-a863-d3c31d389bab,2026-07-26T08:52:56.830746Z,2026-07-26T08:52:56Z,2026-07-26T08:52:56.83497Z,2026-07-26T08:52:56Z,-830.746,834.970,-834.970,-830.746,false
fbb73915-1465-42b7-b51f-87410d01b9a7,2026-07-26T08:52:56.863255Z,2026-07-26T08:52:56Z,2026-07-26T08:52:56.869474Z,2026-07-26T08:52:56Z,-863.255,869.474,-869.474,-863.255,false
e3161360-7218-410a-b1fa-44161fb11dc9,2026-07-26T08:52:56.905801Z,2026-07-26T08:52:56Z,2026-07-26T08:52:56.909585Z,2026-07-26T08:52:56Z,-905.801,909.585,-909.585,-905.801,false
e404c80b-0ab8-408f-b48e-ac1ed3b085a8,2026-07-26T08:52:56.931627Z,2026-07-26T08:52:56Z,2026-07-26T08:52:56.937239Z,2026-07-26T08:52:56Z,-931.627,937.239,-937.239,-931.627,false
2bdeb1ee-325e-45ef-b01e-cb4773be6d14,2026-07-26T08:52:56.965816Z,2026-07-26T08:52:56Z,2026-07-26T08:52:56.969026Z,2026-07-26T08:52:56Z,-965.816,969.026,-969.026,-965.816,false
0ef5a4fd-c889-4f59-af15-b76819b856c2,2026-07-26T08:52:56.999065Z,2026-07-26T08:52:56Z,2026-07-26T08:52:57.002288Z,2026-07-26T08:52:56Z,-999.065,1002.288,-1002.288,-999.065,false
f38d1493-ae75-4bd6-9ca8-4653d96acdc8,2026-07-26T08:52:57.034521Z,2026-07-26T08:52:57Z,2026-07-26T08:52:57.038885Z,2026-07-26T08:52:57Z,-34.521,38.885,-38.885,-34.521,false
85a8194d-4497-4765-ba6c-0d70d9bc8bf5,2026-07-26T08:52:57.066753Z,2026-07-26T08:52:57Z,2026-07-26T08:52:57.071052Z,2026-07-26T08:52:57Z,-66.753,71.052,-71.052,-66.753,false
34e6bd9d-0098-4091-85b0-fced210c13ae,2026-07-26T08:52:57.101816Z,2026-07-26T08:52:57Z,2026-07-26T08:52:57.104955Z,2026-07-26T08:52:57Z,-101.816,104.955,-104.955,-101.816,false
48cf73f3-149c-4d3e-bb6c-9f5f0d930fa4,2026-07-26T08:52:57.135239Z,2026-07-26T08:52:57Z,2026-07-26T08:52:57.138266Z,2026-07-26T08:52:57Z,-135.239,138.266,-138.266,-135.239,false
8c0f8aea-06ad-4cf7-817c-cdf3c8481314,2026-07-26T08:52:57.170927Z,2026-07-26T08:52:57Z,2026-07-26T08:52:57.174104Z,2026-07-26T08:52:57Z,-170.927,174.104,-174.104,-170.927,false
6dd2832c-9705-4ca1-8b00-29717f34e475,2026-07-26T08:52:57.204305Z,2026-07-26T08:52:57Z,2026-07-26T08:52:57.208723Z,2026-07-26T08:52:57Z,-204.305,208.723,-208.723,-204.305,false
211d3c30-010d-436c-a44f-42a90f47098d,2026-07-26T08:52:57.239428Z,2026-07-26T08:52:57Z,2026-07-26T08:52:57.244492Z,2026-07-26T08:52:57Z,-239.428,244.492,-244.492,-239.428,false
176b79eb-0f7d-4304-a7ba-f3aef77ad27c,2026-07-26T08:52:57.272767Z,2026-07-26T08:52:57Z,2026-07-26T08:52:57.276107Z,2026-07-26T08:52:57Z,-272.767,276.107,-276.107,-272.767,false
16815869-0bf0-404f-8512-bee1ba851ccf,2026-07-26T08:52:57.308042Z,2026-07-26T08:52:57Z,2026-07-26T08:52:57.311244Z,2026-07-26T08:52:57Z,-308.042,311.244,-311.244,-308.042,false
a35c57a3-d0ce-4b81-85f2-d57342b896a6,2026-07-26T08:52:57.342011Z,2026-07-26T08:52:57Z,2026-07-26T08:52:57.345603Z,2026-07-26T08:52:57Z,-342.011,345.603,-345.603,-342.011,false
e595e517-7d64-419e-b12e-c1a29d595758,2026-07-26T08:52:57.377148Z,2026-07-26T08:52:57Z,2026-07-26T08:52:57.380759Z,2026-07-26T08:52:57Z,-377.148,380.759,-380.759,-377.148,false
6ee2793f-3cf4-48d7-9d73-4855ae71e1ad,2026-07-26T08:52:57.416447Z,2026-07-26T08:52:57Z,2026-07-26T08:52:57.422965Z,2026-07-26T08:52:57Z,-416.447,422.965,-422.965,-416.447,false
3d402416-c8ae-4f5d-b357-1969a4867411,2026-07-26T08:52:57.445388Z,2026-07-26T08:52:57Z,2026-07-26T08:52:57.448326Z,2026-07-26T08:52:57Z,-445.388,448.326,-448.326,-445.388,false
2292c128-f8e4-47ca-9259-51155333375d,2026-07-26T08:52:57.47892Z,2026-07-26T08:52:57Z,2026-07-26T08:52:57.482867Z,2026-07-26T08:52:57Z,-478.920,482.867,-482.867,-478.920,false
edd3130d-a3df-488d-92e2-2a1c2d6e1119,2026-07-26T08:52:57.516581Z,2026-07-26T08:52:57Z,2026-07-26T08:52:57.523078Z,2026-07-26T08:52:57Z,-516.581,523.078,-523.078,-516.581,false
73e5109f-ff8b-4357-a7b9-bc322a148f9c,2026-07-26T08:52:57.547401Z,2026-07-26T08:52:57Z,2026-07-26T08:52:57.550733Z,2026-07-26T08:52:57Z,-547.401,550.733,-550.733,-547.401,false
e3b5531e-f967-4c84-bf49-0a2e41ebd4b6,2026-07-26T08:52:57.58068Z,2026-07-26T08:52:57Z,2026-07-26T08:52:57.583425Z,2026-07-26T08:52:57Z,-580.680,583.425,-583.425,-580.680,false
49067792-a9fb-4015-a355-444a6d5120f2,2026-07-26T08:52:57.614735Z,2026-07-26T08:52:57Z,2026-07-26T08:52:57.61793Z,2026-07-26T08:52:57Z,-614.735,617.930,-617.930,-614.735,false
69860018-7de5-47ad-98b6-0b29d83c904b,2026-07-26T08:52:57.649943Z,2026-07-26T08:52:57Z,2026-07-26T08:52:57.65262Z,2026-07-26T08:52:57Z,-649.943,652.620,-652.620,-649.943,false
96958357-4199-4041-bfa7-ae22ed5e4a83,2026-07-26T08:52:57.684244Z,2026-07-26T08:52:57Z,2026-07-26T08:52:57.688348Z,2026-07-26T08:52:57Z,-684.244,688.348,-688.348,-684.244,false
fd27f27d-6f85-4840-b8c8-060bd985006e,2026-07-26T08:52:57.719169Z,2026-07-26T08:52:57Z,2026-07-26T08:52:57.723152Z,2026-07-26T08:52:57Z,-719.169,723.152,-723.152,-719.169,false
fbf5e120-d063-4af2-bbfb-31ffaec44ef4,2026-07-26T08:52:57.753237Z,2026-07-26T08:52:57Z,2026-07-26T08:52:57.756778Z,2026-07-26T08:52:57Z,-753.237,756.778,-756.778,-753.237,false
04b4edd8-d4a1-4e0d-8083-4ed98aedd2b1,2026-07-26T08:52:57.790097Z,2026-07-26T08:52:57Z,2026-07-26T08:52:57.79288Z,2026-07-26T08:52:57Z,-790.097,792.880,-792.880,-790.097,false
a4d6cf31-6813-4fa5-8fa8-4df9072a570c,2026-07-26T08:52:57.824697Z,2026-07-26T08:52:57Z,2026-07-26T08:52:57.82722Z,2026-07-26T08:52:57Z,-824.697,827.220,-827.220,-824.697,false
f346f437-6c78-4a9f-b20b-8943a3647cc7,2026-07-26T08:52:57.856682Z,2026-07-26T08:52:57Z,2026-07-26T08:52:57.860945Z,2026-07-26T08:52:57Z,-856.682,860.945,-860.945,-856.682,false
9d7f27ba-a22d-4a05-b5a2-6bb91907fc2c,2026-07-26T08:52:57.891611Z,2026-07-26T08:52:57Z,2026-07-26T08:52:57.895725Z,2026-07-26T08:52:57Z,-891.611,895.725,-895.725,-891.611,false
c4240e79-e1b8-4dae-80db-67809eb8978f,2026-07-26T08:52:57.925131Z,2026-07-26T08:52:57Z,2026-07-26T08:52:57.928487Z,2026-07-26T08:52:57Z,-925.131,928.487,-928.487,-925.131,false
b6a21a1d-ae84-43e3-83a4-a27cd780944f,2026-07-26T08:52:57.960234Z,2026-07-26T08:52:57Z,2026-07-26T08:52:57.963413Z,2026-07-26T08:52:57Z,-960.234,963.413,-963.413,-960.234,false
c8852abe-260d-47d4-b6ea-50d727917022,2026-07-26T08:52:57.993084Z,2026-07-26T08:52:57Z,2026-07-26T08:52:57.996745Z,2026-07-26T08:52:57Z,-993.084,996.745,-996.745,-993.084,false
24728426-9e19-4630-b049-c407d7e5895d,2026-07-26T08:52:58.028152Z,2026-07-26T08:52:58Z,2026-07-26T08:52:58.032682Z,2026-07-26T08:52:58Z,-28.152,32.682,-32.682,-28.152,false
05f36452-e3b0-49c4-ac7d-45e1134e841a,2026-07-26T08:52:58.061068Z,2026-07-26T08:52:58Z,2026-07-26T08:52:58.06459Z,2026-07-26T08:52:58Z,-61.068,64.590,-64.590,-61.068,false
391b0a6a-4299-4192-bc5c-d1a61f12c55a,2026-07-26T08:52:58.097298Z,2026-07-26T08:52:58Z,2026-07-26T08:52:58.100528Z,2026-07-26T08:52:58Z,-97.298,100.528,-100.528,-97.298,false
95c8d9e1-8ebd-4d5f-95c6-8a36f58ddda2,2026-07-26T08:52:58.130475Z,2026-07-26T08:52:58Z,2026-07-26T08:52:58.135002Z,2026-07-26T08:52:58Z,-130.475,135.002,-135.002,-130.475,false
5b69674f-89a8-471f-8b0e-53a1480d7e2d,2026-07-26T08:52:58.165262Z,2026-07-26T08:52:58Z,2026-07-26T08:52:58.168534Z,2026-07-26T08:52:58Z,-165.262,168.534,-168.534,-165.262,false
29a8fea7-c692-4b8b-b3ab-f0acfdcfd7e3,2026-07-26T08:52:58.198699Z,2026-07-26T08:52:58Z,2026-07-26T08:52:58.204687Z,2026-07-26T08:52:58Z,-198.699,204.687,-204.687,-198.699,false
3cbc47fc-10aa-47b3-af8f-941a0324edd6,2026-07-26T08:52:58.234413Z,2026-07-26T08:52:58Z,2026-07-26T08:52:58.237997Z,2026-07-26T08:52:58Z,-234.413,237.997,-237.997,-234.413,false
ed709969-fd54-4f51-9309-ba85de687203,2026-07-26T08:52:58.267756Z,2026-07-26T08:52:58Z,2026-07-26T08:52:58.281177Z,2026-07-26T08:52:58Z,-267.756,281.177,-281.177,-267.756,false
f8d398e4-8150-439b-8975-2b5399a316b8,2026-07-26T08:52:58.302516Z,2026-07-26T08:52:58Z,2026-07-26T08:52:58.304968Z,2026-07-26T08:52:58Z,-302.516,304.968,-304.968,-302.516,false
9b9ece90-04be-4b0c-a7a8-7fe99ff815da,2026-07-26T08:52:58.336489Z,2026-07-26T08:52:58Z,2026-07-26T08:52:58.340901Z,2026-07-26T08:52:58Z,-336.489,340.901,-340.901,-336.489,false
65b5dc1d-3509-44b6-9287-41e967653625,2026-07-26T08:52:58.369838Z,2026-07-26T08:52:58Z,2026-07-26T08:52:58.372391Z,2026-07-26T08:52:58Z,-369.838,372.391,-372.391,-369.838,false
491dca8a-5d62-4377-8df9-45569af8966a,2026-07-26T08:52:58.404182Z,2026-07-26T08:52:58Z,2026-07-26T08:52:58.40709Z,2026-07-26T08:52:58Z,-404.182,407.090,-407.090,-404.182,false
9c3a00c2-b526-4583-87d0-0795c23368a0,2026-07-26T08:52:58.439244Z,2026-07-26T08:52:58Z,2026-07-26T08:52:58.443064Z,2026-07-26T08:52:58Z,-439.244,443.064,-443.064,-439.244,false
17918425-8845-4d79-b6c8-8f16466efc86,2026-07-26T08:52:58.473653Z,2026-07-26T08:52:58Z,2026-07-26T08:52:58.477565Z,2026-07-26T08:52:58Z,-473.653,477.565,-477.565,-473.653,false
ea3681dd-4661-4d60-9aa8-d7d50b5b4de9,2026-07-26T08:52:58.507638Z,2026-07-26T08:52:58Z,2026-07-26T08:52:58.510903Z,2026-07-26T08:52:58Z,-507.638,510.903,-510.903,-507.638,false
32c83757-e793-424d-b3b5-430464da0f32,2026-07-26T08:52:58.544082Z,2026-07-26T08:52:58Z,2026-07-26T08:52:58.547875Z,2026-07-26T08:52:58Z,-544.082,547.875,-547.875,-544.082,false
3c3f3106-b68e-4be5-b6f8-4a492f427fd7,2026-07-26T08:52:58.576294Z,2026-07-26T08:52:58Z,2026-07-26T08:52:58.580102Z,2026-07-26T08:52:58Z,-576.294,580.102,-580.102,-576.294,false
feecc0a4-9975-4711-9f96-1000c04b91e4,2026-07-26T08:52:58.611638Z,2026-07-26T08:52:58Z,2026-07-26T08:52:58.614645Z,2026-07-26T08:52:58Z,-611.638,614.645,-614.645,-611.638,false
df3e6825-c327-4fd9-9935-d7f48aff5395,2026-07-26T08:52:58.648439Z,2026-07-26T08:52:58Z,2026-07-26T08:52:58.651046Z,2026-07-26T08:52:58Z,-648.439,651.046,-651.046,-648.439,false
9aa6c736-3dfe-406f-970a-0ca1e6ec9be0,2026-07-26T08:52:58.68017Z,2026-07-26T08:52:58Z,2026-07-26T08:52:58.683126Z,2026-07-26T08:52:58Z,-680.170,683.126,-683.126,-680.170,false
84970c51-b473-4dae-ac14-c99c9182954f,2026-07-26T08:52:58.715597Z,2026-07-26T08:52:58Z,2026-07-26T08:52:58.719672Z,2026-07-26T08:52:58Z,-715.597,719.672,-719.672,-715.597,false
47f25620-984c-4def-98ea-77957ddcb5dd,2026-07-26T08:52:58.748771Z,2026-07-26T08:52:58Z,2026-07-26T08:52:58.751534Z,2026-07-26T08:52:58Z,-748.771,751.534,-751.534,-748.771,false
f4a30c4f-9846-4787-9e91-54a3940d5e0d,2026-07-26T08:52:58.783563Z,2026-07-26T08:52:58Z,2026-07-26T08:52:58.787099Z,2026-07-26T08:52:58Z,-783.563,787.099,-787.099,-783.563,false
985b6dab-d35b-44bd-8702-48a5960e9cda,2026-07-26T08:52:58.819047Z,2026-07-26T08:52:58Z,2026-07-26T08:52:58.824947Z,2026-07-26T08:52:58Z,-819.047,824.947,-824.947,-819.047,false
b1f913cb-4c66-4e9b-9b37-cc779befd8b4,2026-07-26T08:52:58.859999Z,2026-07-26T08:52:58Z,2026-07-26T08:52:58.864985Z,2026-07-26T08:52:58Z,-859.999,864.985,-864.985,-859.999,false
aaac597c-986f-46c1-b9f9-d9f6ed8adef5,2026-07-26T08:52:58.886408Z,2026-07-26T08:52:58Z,2026-07-26T08:52:58.889828Z,2026-07-26T08:52:58Z,-886.408,889.828,-889.828,-886.408,false
6b03f618-3e24-4808-a481-36905b76820f,2026-07-26T08:52:58.921124Z,2026-07-26T08:52:58Z,2026-07-26T08:52:58.923805Z,2026-07-26T08:52:58Z,-921.124,923.805,-923.805,-921.124,false
a4640e66-b1ab-4515-b77c-8af21f68622a,2026-07-26T08:52:58.954992Z,2026-07-26T08:52:58Z,2026-07-26T08:52:58.958409Z,2026-07-26T08:52:58Z,-954.992,958.409,-958.409,-954.992,false
183438ca-0fd6-429c-add9-59eec32e40cb,2026-07-26T08:52:58.989842Z,2026-07-26T08:52:58Z,2026-07-26T08:52:58.993031Z,2026-07-26T08:52:58Z,-989.842,993.031,-993.031,-989.842,false
636cc06c-0df4-4bbd-a885-376a8036d868,2026-07-26T08:52:59.0238Z,2026-07-26T08:52:59Z,2026-07-26T08:52:59.027383Z,2026-07-26T08:52:59Z,-23.800,27.383,-27.383,-23.800,false
a1a32dad-81ca-4758-b062-0d2c3a2aa5b3,2026-07-26T08:52:59.05834Z,2026-07-26T08:52:59Z,2026-07-26T08:52:59.061647Z,2026-07-26T08:52:59Z,-58.340,61.647,-61.647,-58.340,false
f7a914c1-6cf5-48ce-9754-31eadc258a94,2026-07-26T08:52:59.093344Z,2026-07-26T08:52:59Z,2026-07-26T08:52:59.097262Z,2026-07-26T08:52:59Z,-93.344,97.262,-97.262,-93.344,false
13028f79-3e50-489f-97d9-7f80e237d5e1,2026-07-26T08:52:59.133083Z,2026-07-26T08:52:59Z,2026-07-26T08:52:59.136354Z,2026-07-26T08:52:59Z,-133.083,136.354,-136.354,-133.083,false
a8749e7b-19a4-4af6-a193-339cd435c564,2026-07-26T08:52:59.167509Z,2026-07-26T08:52:59Z,2026-07-26T08:52:59.171342Z,2026-07-26T08:52:59Z,-167.509,171.342,-171.342,-167.509,false
7d37425b-2b2e-4048-8bbd-bbf177648f73,2026-07-26T08:52:59.201007Z,2026-07-26T08:52:59Z,2026-07-26T08:52:59.204323Z,2026-07-26T08:52:59Z,-201.007,204.323,-204.323,-201.007,false
78d32a79-c5ee-47e8-866e-7cc5a974890e,2026-07-26T08:52:59.239017Z,2026-07-26T08:52:59Z,2026-07-26T08:52:59.240716Z,2026-07-26T08:52:59Z,-239.017,240.716,-240.716,-239.017,false
51c672b9-a88f-4bad-98a7-fab6e83d3e0a,2026-07-26T08:52:59.269095Z,2026-07-26T08:52:59Z,2026-07-26T08:52:59.272246Z,2026-07-26T08:52:59Z,-269.095,272.246,-272.246,-269.095,false
5a84b9c7-c2f9-434c-9c3a-c3c0d3a6c09f,2026-07-26T08:52:59.304121Z,2026-07-26T08:52:59Z,2026-07-26T08:52:59.307772Z,2026-07-26T08:52:59Z,-304.121,307.772,-307.772,-304.121,false
4f13819c-a7a2-4fdf-85a9-9fd3ae46260c,2026-07-26T08:52:59.338895Z,2026-07-26T08:52:59Z,2026-07-26T08:52:59.343005Z,2026-07-26T08:52:59Z,-338.895,343.005,-343.005,-338.895,false
700c7fa5-df9b-4a0c-9fc7-221a25eed3ad,2026-07-26T08:52:59.372927Z,2026-07-26T08:52:59Z,2026-07-26T08:52:59.375811Z,2026-07-26T08:52:59Z,-372.927,375.811,-375.811,-372.927,false
7cdb7a91-0de7-4e7c-9b3f-0e51cd33f39f,2026-07-26T08:52:59.406071Z,2026-07-26T08:52:59Z,2026-07-26T08:52:59.410103Z,2026-07-26T08:52:59Z,-406.071,410.103,-410.103,-406.071,false
05ddeb0b-1c2d-429a-9221-89e329ba6cda,2026-07-26T08:52:59.44073Z,2026-07-26T08:52:59Z,2026-07-26T08:52:59.444255Z,2026-07-26T08:52:59Z,-440.730,444.255,-444.255,-440.730,false
7ac9a9c8-1403-472f-88bb-856e18f8c508,2026-07-26T08:52:59.475059Z,2026-07-26T08:52:59Z,2026-07-26T08:52:59.482216Z,2026-07-26T08:52:59Z,-475.059,482.216,-482.216,-475.059,false
5e45a6bc-e63a-4da7-8c7c-ce4797bcf199,2026-07-26T08:52:59.537633Z,2026-07-26T08:52:59Z,2026-07-26T08:52:59.542394Z,2026-07-26T08:52:59Z,-537.633,542.394,-542.394,-537.633,false
30afe2b9-d193-4892-9c66-20a46077fec9,2026-07-26T08:52:59.543553Z,2026-07-26T08:52:59Z,2026-07-26T08:52:59.546799Z,2026-07-26T08:52:59Z,-543.553,546.799,-546.799,-543.553,false
6ed51cb6-1969-4de4-ba2d-0375a14fbda6,2026-07-26T08:52:59.577482Z,2026-07-26T08:52:59Z,2026-07-26T08:52:59.580944Z,2026-07-26T08:52:59Z,-577.482,580.944,-580.944,-577.482,false
ab612962-596d-408a-9945-ce47b0914338,2026-07-26T08:52:59.611137Z,2026-07-26T08:52:59Z,2026-07-26T08:52:59.615153Z,2026-07-26T08:52:59Z,-611.137,615.153,-615.153,-611.137,false
5a45c6bb-08ac-491e-bf3a-370b91e11a2d,2026-07-26T08:52:59.645102Z,2026-07-26T08:52:59Z,2026-07-26T08:52:59.648381Z,2026-07-26T08:52:59Z,-645.102,648.381,-648.381,-645.102,false
6e86ab10-08ff-435a-9b8b-1fb91f14dab1,2026-07-26T08:52:59.679892Z,2026-07-26T08:52:59Z,2026-07-26T08:52:59.682727Z,2026-07-26T08:52:59Z,-679.892,682.727,-682.727,-679.892,false
4422cf7c-e694-4b82-9114-712295e29156,2026-07-26T08:52:59.714193Z,2026-07-26T08:52:59Z,2026-07-26T08:52:59.717119Z,2026-07-26T08:52:59Z,-714.193,717.119,-717.119,-714.193,false
43f79a7e-2c90-43f7-975f-e54111bb7cf0,2026-07-26T08:52:59.748486Z,2026-07-26T08:52:59Z,2026-07-26T08:52:59.751718Z,2026-07-26T08:52:59Z,-748.486,751.718,-751.718,-748.486,false
af2e5f14-7ea7-4b94-8af0-312938f9f860,2026-07-26T08:52:59.782971Z,2026-07-26T08:52:59Z,2026-07-26T08:52:59.786163Z,2026-07-26T08:52:59Z,-782.971,786.163,-786.163,-782.971,false
0f75c7c8-bdc7-4068-b876-7c46a0a868df,2026-07-26T08:52:59.818187Z,2026-07-26T08:52:59Z,2026-07-26T08:52:59.821622Z,2026-07-26T08:52:59Z,-818.187,821.622,-821.622,-818.187,false
f20c600b-b3c6-4633-a392-6281164745fc,2026-07-26T08:52:59.852861Z,2026-07-26T08:52:59Z,2026-07-26T08:52:59.861379Z,2026-07-26T08:52:59Z,-852.861,861.379,-861.379,-852.861,false
e787f06f-304b-4d2d-8729-8d6c44200b5b,2026-07-26T08:52:59.888259Z,2026-07-26T08:52:59Z,2026-07-26T08:52:59.89114Z,2026-07-26T08:52:59Z,-888.259,891.140,-891.140,-888.259,false
45a6646c-8b78-428e-829c-998b3bf34948,2026-07-26T08:52:59.922819Z,2026-07-26T08:52:59Z,2026-07-26T08:52:59.92907Z,2026-07-26T08:52:59Z,-922.819,929.070,-929.070,-922.819,false
5c01f12d-5da1-4f68-a6f6-cbc95bf99480,2026-07-26T08:52:59.955036Z,2026-07-26T08:52:59Z,2026-07-26T08:52:59.957901Z,2026-07-26T08:52:59Z,-955.036,957.901,-957.901,-955.036,false
18b151a3-396d-47bd-a8db-20cea4efe82f,2026-07-26T08:52:59.98918Z,2026-07-26T08:52:59Z,2026-07-26T08:52:59.992743Z,2026-07-26T08:52:59Z,-989.180,992.743,-992.743,-989.180,false
40f8710a-f909-4382-a2b8-ccbe4bede06c,2026-07-26T08:53:00.024139Z,2026-07-26T08:53:00Z,2026-07-26T08:53:00.027892Z,2026-07-26T08:53:00Z,-24.139,27.892,-27.892,-24.139,false
9fb2fbd0-1a84-421b-8059-8082033b0402,2026-07-26T08:53:00.059039Z,2026-07-26T08:53:00Z,2026-07-26T08:53:00.06513Z,2026-07-26T08:53:00Z,-59.039,65.130,-65.130,-59.039,false
e74103cc-0221-4352-a28e-4ecef8f65c3f,2026-07-26T08:53:00.093027Z,2026-07-26T08:53:00Z,2026-07-26T08:53:00.098061Z,2026-07-26T08:53:00Z,-93.027,98.061,-98.061,-93.027,false
67a74cbc-8900-4de4-b0c2-ac1010ae28ca,2026-07-26T08:53:00.12646Z,2026-07-26T08:53:00Z,2026-07-26T08:53:00.12937Z,2026-07-26T08:53:00Z,-126.460,129.370,-129.370,-126.460,false
a97e97fc-4c88-455b-9e8b-0de9bcf73e96,2026-07-26T08:53:00.164357Z,2026-07-26T08:53:00Z,2026-07-26T08:53:00.16789Z,2026-07-26T08:53:00Z,-164.357,167.890,-167.890,-164.357,false
debfcfe5-bb81-4e09-9653-52aaf274a205,2026-07-26T08:53:00.194187Z,2026-07-26T08:53:00Z,2026-07-26T08:53:00.197339Z,2026-07-26T08:53:00Z,-194.187,197.339,-197.339,-194.187,false
a9a99fef-cb75-434c-af8f-4657a92facef,2026-07-26T08:53:00.229311Z,2026-07-26T08:53:00Z,2026-07-26T08:53:00.233881Z,2026-07-26T08:53:00Z,-229.311,233.881,-233.881,-229.311,false
6763f731-e6d2-4944-a18b-92127ff887d8,2026-07-26T08:53:00.295823Z,2026-07-26T08:53:00Z,2026-07-26T08:53:00.310416Z,2026-07-26T08:53:00Z,-295.823,310.416,-310.416,-295.823,false
1149185b-cf8d-4e13-84af-cb17649d5df7,2026-07-26T08:53:00.311815Z,2026-07-26T08:53:00Z,2026-07-26T08:53:00.315894Z,2026-07-26T08:53:00Z,-311.815,315.894,-315.894,-311.815,false
15620d04-aeff-4be6-bab6-a5592b427bc8,2026-07-26T08:53:00.334243Z,2026-07-26T08:53:00Z,2026-07-26T08:53:00.337765Z,2026-07-26T08:53:00Z,-334.243,337.765,-337.765,-334.243,false
c1231e93-826c-4b9e-931f-d499a1430d93,2026-07-26T08:53:00.36886Z,2026-07-26T08:53:00Z,2026-07-26T08:53:00.37208Z,2026-07-26T08:53:00Z,-368.860,372.080,-372.080,-368.860,false
c135bed4-5854-4206-8842-f6093d082545,2026-07-26T08:53:00.40325Z,2026-07-26T08:53:00Z,2026-07-26T08:53:00.409209Z,2026-07-26T08:53:00Z,-403.250,409.209,-409.209,-403.250,false
c305f88d-942b-408a-b6f2-9659bd23c0a5,2026-07-26T08:53:00.437398Z,2026-07-26T08:53:00Z,2026-07-26T08:53:00.44511Z,2026-07-26T08:53:00Z,-437.398,445.110,-445.110,-437.398,false
647c6c02-ba1e-44f5-b81f-83f8fa0c3054,2026-07-26T08:53:00.471085Z,2026-07-26T08:53:00Z,2026-07-26T08:53:00.506482Z,2026-07-26T08:53:00Z,-471.085,506.482,-506.482,-471.085,false
9dfb4fdf-2897-4cc3-b3a6-e71e274198b6,2026-07-26T08:53:00.511129Z,2026-07-26T08:53:00Z,2026-07-26T08:53:00.521514Z,2026-07-26T08:53:00Z,-511.129,521.514,-521.514,-511.129,false
51c6f438-5070-436f-a47f-c243ad6a2b34,2026-07-26T08:53:00.539076Z,2026-07-26T08:53:00Z,2026-07-26T08:53:00.542747Z,2026-07-26T08:53:00Z,-539.076,542.747,-542.747,-539.076,false
cda7d42d-00aa-40b5-b832-633c1f5b1955,2026-07-26T08:53:00.574332Z,2026-07-26T08:53:00Z,2026-07-26T08:53:00.577827Z,2026-07-26T08:53:00Z,-574.332,577.827,-577.827,-574.332,false
f991030a-ff78-49ee-ba24-aa240ff561ef,2026-07-26T08:53:00.608099Z,2026-07-26T08:53:00Z,2026-07-26T08:53:00.613604Z,2026-07-26T08:53:00Z,-608.099,613.604,-613.604,-608.099,false
0e40043e-28fa-4312-ae93-0725bae5bc78,2026-07-26T08:53:00.643044Z,2026-07-26T08:53:00Z,2026-07-26T08:53:00.646008Z,2026-07-26T08:53:00Z,-643.044,646.008,-646.008,-643.044,false
491609b7-779b-4374-9691-0677a83408d7,2026-07-26T08:53:00.67636Z,2026-07-26T08:53:00Z,2026-07-26T08:53:00.67974Z,2026-07-26T08:53:00Z,-676.360,679.740,-679.740,-676.360,false
d0706441-f9e7-405c-87e6-64a801ecdc1c,2026-07-26T08:53:00.710427Z,2026-07-26T08:53:00Z,2026-07-26T08:53:00.713277Z,2026-07-26T08:53:00Z,-710.427,713.277,-713.277,-710.427,false
bc5ce28e-a7c0-4726-a4ba-88b90d33df95,2026-07-26T08:53:00.74494Z,2026-07-26T08:53:00Z,2026-07-26T08:53:00.749028Z,2026-07-26T08:53:00Z,-744.940,749.028,-749.028,-744.940,false
d84073a9-2fed-4d12-80e0-a01f4e25a41b,2026-07-26T08:53:00.778536Z,2026-07-26T08:53:00Z,2026-07-26T08:53:00.782033Z,2026-07-26T08:53:00Z,-778.536,782.033,-782.033,-778.536,false
af945db8-e569-4d0b-b167-654174981c49,2026-07-26T08:53:00.813874Z,2026-07-26T08:53:00Z,2026-07-26T08:53:00.817179Z,2026-07-26T08:53:00Z,-813.874,817.179,-817.179,-813.874,false
3e1312c2-41c4-4d96-89c3-375dd067e59c,2026-07-26T08:53:00.847202Z,2026-07-26T08:53:00Z,2026-07-26T08:53:00.850007Z,2026-07-26T08:53:00Z,-847.202,850.007,-850.007,-847.202,false
b3a3a9b7-2585-4c52-9455-85bc7331383a,2026-07-26T08:53:00.881218Z,2026-07-26T08:53:00Z,2026-07-26T08:53:00.884104Z,2026-07-26T08:53:00Z,-881.218,884.104,-884.104,-881.218,false
8836fd9b-7285-4be1-9e1f-84d57f641fbc,2026-07-26T08:53:00.915091Z,2026-07-26T08:53:00Z,2026-07-26T08:53:00.918654Z,2026-07-26T08:53:00Z,-915.091,918.654,-918.654,-915.091,false
0eec9d9e-dbe6-437b-bc99-87dca246c862,2026-07-26T08:53:00.951822Z,2026-07-26T08:53:00Z,2026-07-26T08:53:00.954976Z,2026-07-26T08:53:00Z,-951.822,954.976,-954.976,-951.822,false
b39a841d-574d-4c19-9119-5000d1f7e684,2026-07-26T08:53:00.983775Z,2026-07-26T08:53:00Z,2026-07-26T08:53:00.988002Z,2026-07-26T08:53:00Z,-983.775,988.002,-988.002,-983.775,false
52ba1b04-1e5e-4f99-9117-2619f66824ff,2026-07-26T08:53:01.019619Z,2026-07-26T08:53:01Z,2026-07-26T08:53:01.022149Z,2026-07-26T08:53:01Z,-19.619,22.149,-22.149,-19.619,false
d44fec60-d819-4ee9-9749-70b6b65ebcb0,2026-07-26T08:53:01.052496Z,2026-07-26T08:53:01Z,2026-07-26T08:53:01.056532Z,2026-07-26T08:53:01Z,-52.496,56.532,-56.532,-52.496,false
02a7d9ac-8af1-4d49-b539-d3d8ff4c0ddc,2026-07-26T08:53:01.087254Z,2026-07-26T08:53:01Z,2026-07-26T08:53:01.089708Z,2026-07-26T08:53:01Z,-87.254,89.708,-89.708,-87.254,false
33fd358f-dfb7-41f0-b27b-2d0d4f25f6ae,2026-07-26T08:53:01.120508Z,2026-07-26T08:53:01Z,2026-07-26T08:53:01.123547Z,2026-07-26T08:53:01Z,-120.508,123.547,-123.547,-120.508,false
b1c2cb77-958f-4a9b-a578-0e81e0994563,2026-07-26T08:53:01.154909Z,2026-07-26T08:53:01Z,2026-07-26T08:53:01.158132Z,2026-07-26T08:53:01Z,-154.909,158.132,-158.132,-154.909,false
87d974af-0fc7-4856-af66-bd56c8a61885,2026-07-26T08:53:01.190027Z,2026-07-26T08:53:01Z,2026-07-26T08:53:01.193389Z,2026-07-26T08:53:01Z,-190.027,193.389,-193.389,-190.027,false
6a8488d2-281b-4927-9a02-cd417117d8b2,2026-07-26T08:53:01.223279Z,2026-07-26T08:53:01Z,2026-07-26T08:53:01.226779Z,2026-07-26T08:53:01Z,-223.279,226.779,-226.779,-223.279,false
65799bf8-1481-4594-8701-d3b9fbc45ab9,2026-07-26T08:53:01.258853Z,2026-07-26T08:53:01Z,2026-07-26T08:53:01.263819Z,2026-07-26T08:53:01Z,-258.853,263.819,-263.819,-258.853,false
3f0de74c-6ce0-49f0-89af-fa12e6a30849,2026-07-26T08:53:01.29151Z,2026-07-26T08:53:01Z,2026-07-26T08:53:01.296361Z,2026-07-26T08:53:01Z,-291.510,296.361,-296.361,-291.510,false
7f4a4933-f8d6-493e-a6ee-421f1b908426,2026-07-26T08:53:01.328766Z,2026-07-26T08:53:01Z,2026-07-26T08:53:01.332998Z,2026-07-26T08:53:01Z,-328.766,332.998,-332.998,-328.766,false
7b8a6a8d-12a0-48d0-bca2-642e1294977f,2026-07-26T08:53:01.36022Z,2026-07-26T08:53:01Z,2026-07-26T08:53:01.364081Z,2026-07-26T08:53:01Z,-360.220,364.081,-364.081,-360.220,false
5bb11467-5c8e-447a-b83c-924d4849bdf2,2026-07-26T08:53:01.395107Z,2026-07-26T08:53:01Z,2026-07-26T08:53:01.398866Z,2026-07-26T08:53:01Z,-395.107,398.866,-398.866,-395.107,false
a3c86b62-ed1e-4c1c-a155-6a42e3e34d23,2026-07-26T08:53:01.429874Z,2026-07-26T08:53:01Z,2026-07-26T08:53:01.433551Z,2026-07-26T08:53:01Z,-429.874,433.551,-433.551,-429.874,false
2ccc66e3-88bc-45d0-bf3f-7ddea1fefb53,2026-07-26T08:53:01.462424Z,2026-07-26T08:53:01Z,2026-07-26T08:53:01.465934Z,2026-07-26T08:53:01Z,-462.424,465.934,-465.934,-462.424,false
a4fc235d-8649-4066-b283-11dac7ebee13,2026-07-26T08:53:01.497027Z,2026-07-26T08:53:01Z,2026-07-26T08:53:01.500576Z,2026-07-26T08:53:01Z,-497.027,500.576,-500.576,-497.027,false
a38e6a9e-2a27-48c9-a133-a774967d7057,2026-07-26T08:53:01.530557Z,2026-07-26T08:53:01Z,2026-07-26T08:53:01.533525Z,2026-07-26T08:53:01Z,-530.557,533.525,-533.525,-530.557,false
f524b1ff-38f0-4adf-913b-10e43a255e85,2026-07-26T08:53:01.565751Z,2026-07-26T08:53:01Z,2026-07-26T08:53:01.570677Z,2026-07-26T08:53:01Z,-565.751,570.677,-570.677,-565.751,false
af3ea556-661a-478d-a3bd-6e376f11cfad,2026-07-26T08:53:01.599484Z,2026-07-26T08:53:01Z,2026-07-26T08:53:01.603944Z,2026-07-26T08:53:01Z,-599.484,603.944,-603.944,-599.484,false
323f730c-a2a9-4e1c-bbda-06c977e74a73,2026-07-26T08:53:01.633353Z,2026-07-26T08:53:01Z,2026-07-26T08:53:01.637658Z,2026-07-26T08:53:01Z,-633.353,637.658,-637.658,-633.353,false
188a6767-c1b7-4881-bfcc-9a5638292928,2026-07-26T08:53:01.666955Z,2026-07-26T08:53:01Z,2026-07-26T08:53:01.671035Z,2026-07-26T08:53:01Z,-666.955,671.035,-671.035,-666.955,false
f6f62b95-5f32-41b3-a880-c00491f70a26,2026-07-26T08:53:01.706786Z,2026-07-26T08:53:01Z,2026-07-26T08:53:01.711399Z,2026-07-26T08:53:01Z,-706.786,711.399,-711.399,-706.786,false
27cbba4a-3a8a-49f9-b70e-f1af603e81cf,2026-07-26T08:53:01.736851Z,2026-07-26T08:53:01Z,2026-07-26T08:53:01.739775Z,2026-07-26T08:53:01Z,-736.851,739.775,-739.775,-736.851,false
e1b15337-a93c-46a5-952b-7b5e7111e41f,2026-07-26T08:53:01.771011Z,2026-07-26T08:53:01Z,2026-07-26T08:53:01.774249Z,2026-07-26T08:53:01Z,-771.011,774.249,-774.249,-771.011,false
36f8776a-1866-42f4-aaae-1a8de3380033,2026-07-26T08:53:01.804897Z,2026-07-26T08:53:01Z,2026-07-26T08:53:01.810323Z,2026-07-26T08:53:01Z,-804.897,810.323,-810.323,-804.897,false
3bc6341c-9687-4e16-abf0-ddfcd609ad37,2026-07-26T08:53:01.840264Z,2026-07-26T08:53:01Z,2026-07-26T08:53:01.843639Z,2026-07-26T08:53:01Z,-840.264,843.639,-843.639,-840.264,false
08ce275d-2a63-4197-9853-cd0c435a5bdd,2026-07-26T08:53:01.875621Z,2026-07-26T08:53:01Z,2026-07-26T08:53:01.881335Z,2026-07-26T08:53:01Z,-875.621,881.335,-881.335,-875.621,false
6234f994-db29-4356-81cd-bf2f6ea67402,2026-07-26T08:53:01.908601Z,2026-07-26T08:53:01Z,2026-07-26T08:53:01.912132Z,2026-07-26T08:53:01Z,-908.601,912.132,-912.132,-908.601,false
c82082ad-b2c7-42df-86a9-a8ed2c629724,2026-07-26T08:53:01.942723Z,2026-07-26T08:53:01Z,2026-07-26T08:53:01.946757Z,2026-07-26T08:53:01Z,-942.723,946.757,-946.757,-942.723,false
f19f85ba-5d14-454a-838c-08084b5c3aff,2026-07-26T08:53:01.975461Z,2026-07-26T08:53:01Z,2026-07-26T08:53:01.978667Z,2026-07-26T08:53:01Z,-975.461,978.667,-978.667,-975.461,false
8387e82d-55d4-47ac-a20e-e282f4508f6f,2026-07-26T08:53:02.00921Z,2026-07-26T08:53:02Z,2026-07-26T08:53:02.013203Z,2026-07-26T08:53:02Z,-9.210,13.203,-13.203,-9.210,false
bfbe090e-f0c3-42af-9253-bd0d7099af83,2026-07-26T08:53:02.043714Z,2026-07-26T08:53:02Z,2026-07-26T08:53:02.046989Z,2026-07-26T08:53:02Z,-43.714,46.989,-46.989,-43.714,false
f5f4932d-a7f9-4157-b3ff-7373068d0cd6,2026-07-26T08:53:02.078525Z,2026-07-26T08:53:02Z,2026-07-26T08:53:02.083053Z,2026-07-26T08:53:02Z,-78.525,83.053,-83.053,-78.525,false
c62b1e6c-27bf-41b5-90a8-4b4b411359d4,2026-07-26T08:53:02.11392Z,2026-07-26T08:53:02Z,2026-07-26T08:53:02.118155Z,2026-07-26T08:53:02Z,-113.920,118.155,-118.155,-113.920,false
c2f9f1f0-bd49-4bac-928c-fcd1ee05f5fb,2026-07-26T08:53:02.147213Z,2026-07-26T08:53:02Z,2026-07-26T08:53:02.151042Z,2026-07-26T08:53:02Z,-147.213,151.042,-151.042,-147.213,false
de63ee75-64c9-4a49-9087-7f23639f7381,2026-07-26T08:53:02.181313Z,2026-07-26T08:53:02Z,2026-07-26T08:53:02.185333Z,2026-07-26T08:53:02Z,-181.313,185.333,-185.333,-181.313,false
abaa0d18-d3a9-4f04-8683-7cb7d4415d97,2026-07-26T08:53:02.216537Z,2026-07-26T08:53:02Z,2026-07-26T08:53:02.220888Z,2026-07-26T08:53:02Z,-216.537,220.888,-220.888,-216.537,false
e5c27f6e-8620-472c-bdb0-c30787e1a49f,2026-07-26T08:53:02.25013Z,2026-07-26T08:53:02Z,2026-07-26T08:53:02.254544Z,2026-07-26T08:53:02Z,-250.130,254.544,-254.544,-250.130,false
a782ef12-8fbd-444d-a465-c708ce64adc7,2026-07-26T08:53:02.286353Z,2026-07-26T08:53:02Z,2026-07-26T08:53:02.2928Z,2026-07-26T08:53:02Z,-286.353,292.800,-292.800,-286.353,false
4f6277c8-562c-446e-bec9-a69bedb12d99,2026-07-26T08:53:02.319527Z,2026-07-26T08:53:02Z,2026-07-26T08:53:02.323149Z,2026-07-26T08:53:02Z,-319.527,323.149,-323.149,-319.527,false
9cc8451a-dac4-4e03-9dc6-01aff9404435,2026-07-26T08:53:02.353757Z,2026-07-26T08:53:02Z,2026-07-26T08:53:02.357191Z,2026-07-26T08:53:02Z,-353.757,357.191,-357.191,-353.757,false
09a511ec-322a-401e-b5bf-5169d90ddb15,2026-07-26T08:53:02.3869Z,2026-07-26T08:53:02Z,2026-07-26T08:53:02.39095Z,2026-07-26T08:53:02Z,-386.900,390.950,-390.950,-386.900,false
66e1e297-67cb-4104-819e-975f71b7d85d,2026-07-26T08:53:02.422812Z,2026-07-26T08:53:02Z,2026-07-26T08:53:02.426373Z,2026-07-26T08:53:02Z,-422.812,426.373,-426.373,-422.812,false
69ecf5a5-9bd9-45fe-bcdb-c7b124f82fee,2026-07-26T08:53:02.462984Z,2026-07-26T08:53:02Z,2026-07-26T08:53:02.468185Z,2026-07-26T08:53:02Z,-462.984,468.185,-468.185,-462.984,false
84931c18-a51c-425f-9ee1-075cefd7b2b9,2026-07-26T08:53:02.490609Z,2026-07-26T08:53:02Z,2026-07-26T08:53:02.493843Z,2026-07-26T08:53:02Z,-490.609,493.843,-493.843,-490.609,false
4616a758-8036-4c75-b8c4-1f1ef97786b4,2026-07-26T08:53:02.524961Z,2026-07-26T08:53:02Z,2026-07-26T08:53:02.528799Z,2026-07-26T08:53:02Z,-524.961,528.799,-528.799,-524.961,false
9543b4c3-b9e2-46db-907e-ea81c3972001,2026-07-26T08:53:02.559697Z,2026-07-26T08:53:02Z,2026-07-26T08:53:02.583738Z,2026-07-26T08:53:02Z,-559.697,583.738,-583.738,-559.697,false
559f5eb0-ae7d-47f1-90e7-ba328559a7b5,2026-07-26T08:53:02.59293Z,2026-07-26T08:53:02Z,2026-07-26T08:53:02.595589Z,2026-07-26T08:53:02Z,-592.930,595.589,-595.589,-592.930,false
fd53cf23-a370-4a3a-ac21-79f2aaaa4338,2026-07-26T08:53:02.632362Z,2026-07-26T08:53:02Z,2026-07-26T08:53:02.644878Z,2026-07-26T08:53:02Z,-632.362,644.878,-644.878,-632.362,false
bcb95eb9-8e29-4363-89c7-20aaad0c2bb7,2026-07-26T08:53:02.661492Z,2026-07-26T08:53:02Z,2026-07-26T08:53:02.664763Z,2026-07-26T08:53:02Z,-661.492,664.763,-664.763,-661.492,false
5562f45f-9610-4496-b835-9ddb80336b97,2026-07-26T08:53:02.695439Z,2026-07-26T08:53:02Z,2026-07-26T08:53:02.698707Z,2026-07-26T08:53:02Z,-695.439,698.707,-698.707,-695.439,false
1af0917c-219f-42b8-b793-76ee223ce5ba,2026-07-26T08:53:02.730983Z,2026-07-26T08:53:02Z,2026-07-26T08:53:02.737891Z,2026-07-26T08:53:02Z,-730.983,737.891,-737.891,-730.983,false
771f1532-2ec5-4e22-a516-4e55d33b53c5,2026-07-26T08:53:02.765438Z,2026-07-26T08:53:02Z,2026-07-26T08:53:02.76905Z,2026-07-26T08:53:02Z,-765.438,769.050,-769.050,-765.438,false
6c90853d-fa8f-4f58-a396-fb01854095b3,2026-07-26T08:53:02.799909Z,2026-07-26T08:53:02Z,2026-07-26T08:53:02.80352Z,2026-07-26T08:53:02Z,-799.909,803.520,-803.520,-799.909,false
2c149da7-3bfa-4e83-bdb3-45f59b8ef30e,2026-07-26T08:53:02.833685Z,2026-07-26T08:53:02Z,2026-07-26T08:53:02.838305Z,2026-07-26T08:53:02Z,-833.685,838.305,-838.305,-833.685,false
893bedb6-003c-4177-bee7-741f716ded49,2026-07-26T08:53:02.870952Z,2026-07-26T08:53:02Z,2026-07-26T08:53:02.874732Z,2026-07-26T08:53:02Z,-870.952,874.732,-874.732,-870.952,false
ecddb4fe-0e51-4678-b89e-ea86825fa81c,2026-07-26T08:53:02.902628Z,2026-07-26T08:53:02Z,2026-07-26T08:53:02.906469Z,2026-07-26T08:53:02Z,-902.628,906.469,-906.469,-902.628,false
289e4ecf-1fc9-426b-bb56-764b63fb52dc,2026-07-26T08:53:02.937086Z,2026-07-26T08:53:02Z,2026-07-26T08:53:02.940035Z,2026-07-26T08:53:02Z,-937.086,940.035,-940.035,-937.086,false
0d68d136-b734-442c-beeb-44b56d6fe4da,2026-07-26T08:53:02.97129Z,2026-07-26T08:53:02Z,2026-07-26T08:53:02.974921Z,2026-07-26T08:53:02Z,-971.290,974.921,-974.921,-971.290,false
9eeac4f5-445d-4d52-ba86-b23bbfcc9a90,2026-07-26T08:53:03.005756Z,2026-07-26T08:53:03Z,2026-07-26T08:53:03.009057Z,2026-07-26T08:53:03Z,-5.756,9.057,-9.057,-5.756,false
6fe3892a-8c33-4379-a061-699247ba7334,2026-07-26T08:53:03.040375Z,2026-07-26T08:53:03Z,2026-07-26T08:53:03.053827Z,2026-07-26T08:53:03Z,-40.375,53.827,-53.827,-40.375,false
d957c4c4-29f3-4eb3-b81a-2f327909453e,2026-07-26T08:53:03.07507Z,2026-07-26T08:53:03Z,2026-07-26T08:53:03.080744Z,2026-07-26T08:53:03Z,-75.070,80.744,-80.744,-75.070,false
e6e3df74-c205-4e67-9881-83b5d819cd12,2026-07-26T08:53:03.110607Z,2026-07-26T08:53:03Z,2026-07-26T08:53:03.114322Z,2026-07-26T08:53:03Z,-110.607,114.322,-114.322,-110.607,false
c897b3ce-eb02-4470-963d-cdd4293a6986,2026-07-26T08:53:03.142944Z,2026-07-26T08:53:03Z,2026-07-26T08:53:03.146803Z,2026-07-26T08:53:03Z,-142.944,146.803,-146.803,-142.944,false
35e43d72-b6cf-402e-9e95-be6859094978,2026-07-26T08:53:03.175886Z,2026-07-26T08:53:03Z,2026-07-26T08:53:03.178985Z,2026-07-26T08:53:03Z,-175.886,178.985,-178.985,-175.886,false
1acd9546-c2b8-48fb-b453-e7aaa565c8c5,2026-07-26T08:53:03.210448Z,2026-07-26T08:53:03Z,2026-07-26T08:53:03.213842Z,2026-07-26T08:53:03Z,-210.448,213.842,-213.842,-210.448,false
c1abf173-3262-44c9-a8c6-e95dbb2f199b,2026-07-26T08:53:03.245114Z,2026-07-26T08:53:03Z,2026-07-26T08:53:03.248094Z,2026-07-26T08:53:03Z,-245.114,248.094,-248.094,-245.114,false
31e62299-b220-4d2c-a41e-f532142134a2,2026-07-26T08:53:03.279014Z,2026-07-26T08:53:03Z,2026-07-26T08:53:03.282288Z,2026-07-26T08:53:03Z,-279.014,282.288,-282.288,-279.014,false
5c426b4e-f517-4dfa-9be7-87c7faebf99c,2026-07-26T08:53:03.316076Z,2026-07-26T08:53:03Z,2026-07-26T08:53:03.323499Z,2026-07-26T08:53:03Z,-316.076,323.499,-323.499,-316.076,false
88645834-5bd8-4131-b811-3981312a8d11,2026-07-26T08:53:03.349807Z,2026-07-26T08:53:03Z,2026-07-26T08:53:03.353755Z,2026-07-26T08:53:03Z,-349.807,353.755,-353.755,-349.807,false
0b0441ae-ecde-41a4-ad0d-22d68a6891e4,2026-07-26T08:53:03.384305Z,2026-07-26T08:53:03Z,2026-07-26T08:53:03.387727Z,2026-07-26T08:53:03Z,-384.305,387.727,-387.727,-384.305,false
a364f343-435a-4c06-bb70-7516eb4f19b9,2026-07-26T08:53:03.42524Z,2026-07-26T08:53:03Z,2026-07-26T08:53:03.429321Z,2026-07-26T08:53:03Z,-425.240,429.321,-429.321,-425.240,false
a5ddf3b3-b4d8-4a2a-bd21-76c81efde36a,2026-07-26T08:53:03.455234Z,2026-07-26T08:53:03Z,2026-07-26T08:53:03.458825Z,2026-07-26T08:53:03Z,-455.234,458.825,-458.825,-455.234,false
cecd1b92-81aa-4538-a0b1-5657780d5eff,2026-07-26T08:53:03.488913Z,2026-07-26T08:53:03Z,2026-07-26T08:53:03.492441Z,2026-07-26T08:53:03Z,-488.913,492.441,-492.441,-488.913,false
5e10b8dd-6d9b-4f47-86f1-80a024cc159f,2026-07-26T08:53:03.522388Z,2026-07-26T08:53:03Z,2026-07-26T08:53:03.526335Z,2026-07-26T08:53:03Z,-522.388,526.335,-526.335,-522.388,false
f4bb67d7-3725-4ed7-abcf-4d1b8f96fbe0,2026-07-26T08:53:03.557146Z,2026-07-26T08:53:03Z,2026-07-26T08:53:03.561133Z,2026-07-26T08:53:03Z,-557.146,561.133,-561.133,-557.146,false
72c12288-85a1-4cc6-9ce9-99dc7141e6ae,2026-07-26T08:53:03.591672Z,2026-07-26T08:53:03Z,2026-07-26T08:53:03.596423Z,2026-07-26T08:53:03Z,-591.672,596.423,-596.423,-591.672,false
4f132ec7-4eae-476d-bee5-b97f3d954b47,2026-07-26T08:53:03.625139Z,2026-07-26T08:53:03Z,2026-07-26T08:53:03.629082Z,2026-07-26T08:53:03Z,-625.139,629.082,-629.082,-625.139,false
29251096-3237-4378-be3b-10e7d00c68b3,2026-07-26T08:53:03.660664Z,2026-07-26T08:53:03Z,2026-07-26T08:53:03.670522Z,2026-07-26T08:53:03Z,-660.664,670.522,-670.522,-660.664,false
fee69538-6ba1-4ce2-828a-bb3424c4a22d,2026-07-26T08:53:03.696474Z,2026-07-26T08:53:03Z,2026-07-26T08:53:03.701556Z,2026-07-26T08:53:03Z,-696.474,701.556,-701.556,-696.474,false
c6f2ba7c-bfc5-4a10-a7cd-643e8cbed2ff,2026-07-26T08:53:03.729163Z,2026-07-26T08:53:03Z,2026-07-26T08:53:03.731743Z,2026-07-26T08:53:03Z,-729.163,731.743,-731.743,-729.163,false
44549e39-ef20-4c2b-8ecd-82c87bc49cc3,2026-07-26T08:53:03.762325Z,2026-07-26T08:53:03Z,2026-07-26T08:53:03.766109Z,2026-07-26T08:53:03Z,-762.325,766.109,-766.109,-762.325,false
619a4c9a-399a-4763-bad7-6bf786bb6b8f,2026-07-26T08:53:03.797617Z,2026-07-26T08:53:03Z,2026-07-26T08:53:03.800786Z,2026-07-26T08:53:03Z,-797.617,800.786,-800.786,-797.617,false
61d0f2a1-5810-43cf-892b-8e4bf7432125,2026-07-26T08:53:03.832028Z,2026-07-26T08:53:03Z,2026-07-26T08:53:03.835189Z,2026-07-26T08:53:03Z,-832.028,835.189,-835.189,-832.028,false
02851187-8825-4710-8bb5-60af9b2ec3a2,2026-07-26T08:53:03.865806Z,2026-07-26T08:53:03Z,2026-07-26T08:53:03.870917Z,2026-07-26T08:53:03Z,-865.806,870.917,-870.917,-865.806,false
b5cae231-4524-42c6-8bc3-5b3315dded04,2026-07-26T08:53:03.899863Z,2026-07-26T08:53:03Z,2026-07-26T08:53:03.903552Z,2026-07-26T08:53:03Z,-899.863,903.552,-903.552,-899.863,false
2b94c1a3-c7cc-4d67-86af-1dc0f76803fd,2026-07-26T08:53:03.934138Z,2026-07-26T08:53:03Z,2026-07-26T08:53:03.938616Z,2026-07-26T08:53:03Z,-934.138,938.616,-938.616,-934.138,false
542d4bb4-35ee-40a8-aa74-b383983eae4d,2026-07-26T08:53:03.968412Z,2026-07-26T08:53:03Z,2026-07-26T08:53:03.972848Z,2026-07-26T08:53:03Z,-968.412,972.848,-972.848,-968.412,false
0cd04713-2bbc-41dd-8133-acda89409e0a,2026-07-26T08:53:04.003124Z,2026-07-26T08:53:04Z,2026-07-26T08:53:04.007455Z,2026-07-26T08:53:04Z,-3.124,7.455,-7.455,-3.124,false
099008bf-b099-4db5-9080-a3803ad62b51,2026-07-26T08:53:04.036153Z,2026-07-26T08:53:04Z,2026-07-26T08:53:04.039179Z,2026-07-26T08:53:04Z,-36.153,39.179,-39.179,-36.153,false
39103947-1ea4-4363-8e18-91f4f04aa903,2026-07-26T08:53:04.072367Z,2026-07-26T08:53:04Z,2026-07-26T08:53:04.077112Z,2026-07-26T08:53:04Z,-72.367,77.112,-77.112,-72.367,false
7c6e8e5b-28b0-4ff1-8e06-0b3092de12c7,2026-07-26T08:53:04.105373Z,2026-07-26T08:53:04Z,2026-07-26T08:53:04.10845Z,2026-07-26T08:53:04Z,-105.373,108.450,-108.450,-105.373,false
285d498d-0025-4554-be76-12779d2b9bf1,2026-07-26T08:53:04.139849Z,2026-07-26T08:53:04Z,2026-07-26T08:53:04.144193Z,2026-07-26T08:53:04Z,-139.849,144.193,-144.193,-139.849,false
44f49bbb-9afa-4e06-9db6-72b138dee049,2026-07-26T08:53:04.173093Z,2026-07-26T08:53:04Z,2026-07-26T08:53:04.175979Z,2026-07-26T08:53:04Z,-173.093,175.979,-175.979,-173.093,false
ea0510e1-36f0-4ff9-9bb5-2645e6c1e3bc,2026-07-26T08:53:04.208575Z,2026-07-26T08:53:04Z,2026-07-26T08:53:04.211096Z,2026-07-26T08:53:04Z,-208.575,211.096,-211.096,-208.575,false
165d1136-c948-40a3-837b-dbab365d950a,2026-07-26T08:53:04.241598Z,2026-07-26T08:53:04Z,2026-07-26T08:53:04.244088Z,2026-07-26T08:53:04Z,-241.598,244.088,-244.088,-241.598,false
99f4381e-e8df-4ed9-8abc-5296fe6703ca,2026-07-26T08:53:04.276893Z,2026-07-26T08:53:04Z,2026-07-26T08:53:04.280197Z,2026-07-26T08:53:04Z,-276.893,280.197,-280.197,-276.893,false
a0240071-a40b-4a3a-ace0-8bb710a1ed25,2026-07-26T08:53:04.311783Z,2026-07-26T08:53:04Z,2026-07-26T08:53:04.315705Z,2026-07-26T08:53:04Z,-311.783,315.705,-315.705,-311.783,false
4d4a3a87-b96f-4045-9430-f62cc81a3bac,2026-07-26T08:53:04.346876Z,2026-07-26T08:53:04Z,2026-07-26T08:53:04.350579Z,2026-07-26T08:53:04Z,-346.876,350.579,-350.579,-346.876,false
f0f7eb93-fcda-4621-b4c5-3d4db4007d91,2026-07-26T08:53:04.380166Z,2026-07-26T08:53:04Z,2026-07-26T08:53:04.384512Z,2026-07-26T08:53:04Z,-380.166,384.512,-384.512,-380.166,false
c5a67e7e-4208-4466-834c-c1d428c18241,2026-07-26T08:53:04.414004Z,2026-07-26T08:53:04Z,2026-07-26T08:53:04.417438Z,2026-07-26T08:53:04Z,-414.004,417.438,-417.438,-414.004,false
fef8b88e-c80e-414a-82e7-6e71af67621d,2026-07-26T08:53:04.448806Z,2026-07-26T08:53:04Z,2026-07-26T08:53:04.452305Z,2026-07-26T08:53:04Z,-448.806,452.305,-452.305,-448.806,false
fee743a6-da85-4ab6-be6c-25664dbef1e6,2026-07-26T08:53:04.481814Z,2026-07-26T08:53:04Z,2026-07-26T08:53:04.485332Z,2026-07-26T08:53:04Z,-481.814,485.332,-485.332,-481.814,false
cd45cd75-ce77-4d4b-b49a-7d3cc6f5b964,2026-07-26T08:53:04.515796Z,2026-07-26T08:53:04Z,2026-07-26T08:53:04.518856Z,2026-07-26T08:53:04Z,-515.796,518.856,-518.856,-515.796,false
0efc028d-a421-4cce-9dfe-a2f2bf606fc7,2026-07-26T08:53:04.549713Z,2026-07-26T08:53:04Z,2026-07-26T08:53:04.555058Z,2026-07-26T08:53:04Z,-549.713,555.058,-555.058,-549.713,false
cf5a9829-3a11-45bd-a487-c2a53876caef,2026-07-26T08:53:04.586923Z,2026-07-26T08:53:04Z,2026-07-26T08:53:04.591699Z,2026-07-26T08:53:04Z,-586.923,591.699,-591.699,-586.923,false
146b942c-cd9b-4250-aa22-39129491fc38,2026-07-26T08:53:04.619737Z,2026-07-26T08:53:04Z,2026-07-26T08:53:04.644723Z,2026-07-26T08:53:04Z,-619.737,644.723,-644.723,-619.737,false
1e5101bc-2047-48c1-9d19-fd77ed6f9537,2026-07-26T08:53:04.654809Z,2026-07-26T08:53:04Z,2026-07-26T08:53:04.661529Z,2026-07-26T08:53:04Z,-654.809,661.529,-661.529,-654.809,false
84580253-6e20-4f64-9c6f-969ede0d6f28,2026-07-26T08:53:04.688649Z,2026-07-26T08:53:04Z,2026-07-26T08:53:04.691905Z,2026-07-26T08:53:04Z,-688.649,691.905,-691.905,-688.649,false
a1c2edff-7731-45ba-a063-0697b9706f69,2026-07-26T08:53:04.721493Z,2026-07-26T08:53:04Z,2026-07-26T08:53:04.725079Z,2026-07-26T08:53:04Z,-721.493,725.079,-725.079,-721.493,false
79b7570d-0214-4545-8f3f-9198ef07da11,2026-07-26T08:53:04.755188Z,2026-07-26T08:53:04Z,2026-07-26T08:53:04.757952Z,2026-07-26T08:53:04Z,-755.188,757.952,-757.952,-755.188,false
24fae3c4-ca35-45db-9d7c-d9bec68ab970,2026-07-26T08:53:04.790653Z,2026-07-26T08:53:04Z,2026-07-26T08:53:04.794922Z,2026-07-26T08:53:04Z,-790.653,794.922,-794.922,-790.653,false
4419b1a0-27bb-4286-ac4f-00c20abf291d,2026-07-26T08:53:04.824824Z,2026-07-26T08:53:04Z,2026-07-26T08:53:04.827839Z,2026-07-26T08:53:04Z,-824.824,827.839,-827.839,-824.824,false
de18ba41-7d38-4fb0-aaea-dcacce3f6d36,2026-07-26T08:53:04.858184Z,2026-07-26T08:53:04Z,2026-07-26T08:53:04.862522Z,2026-07-26T08:53:04Z,-858.184,862.522,-862.522,-858.184,false
bbe941ee-730a-4d9d-947f-25054fd103e9,2026-07-26T08:53:04.894116Z,2026-07-26T08:53:04Z,2026-07-26T08:53:04.897763Z,2026-07-26T08:53:04Z,-894.116,897.763,-897.763,-894.116,false
748b96b6-aa78-4653-851d-bc5215b5db51,2026-07-26T08:53:04.932095Z,2026-07-26T08:53:04Z,2026-07-26T08:53:04.937182Z,2026-07-26T08:53:04Z,-932.095,937.182,-937.182,-932.095,false
bf82b2f5-5116-42ce-a656-6436e8802ccf,2026-07-26T08:53:04.963437Z,2026-07-26T08:53:04Z,2026-07-26T08:53:04.97113Z,2026-07-26T08:53:04Z,-963.437,971.130,-971.130,-963.437,false
f77af218-8881-40e8-9b4c-9cadeea2bae9,2026-07-26T08:53:04.996684Z,2026-07-26T08:53:04Z,2026-07-26T08:53:04.999458Z,2026-07-26T08:53:04Z,-996.684,999.458,-999.458,-996.684,false
18ce9561-8561-42a2-a4d5-615e3dc18e82,2026-07-26T08:53:05.048309Z,2026-07-26T08:53:05Z,2026-07-26T08:53:05.073445Z,2026-07-26T08:53:05Z,-48.309,73.445,-73.445,-48.309,false
833f8f81-76a1-4cb8-a509-dd67aa196fa4,2026-07-26T08:53:05.082535Z,2026-07-26T08:53:05Z,2026-07-26T08:53:05.099901Z,2026-07-26T08:53:05Z,-82.535,99.901,-99.901,-82.535,false
e6fb5e27-6629-4a72-a0fb-e52f704d62ed,2026-07-26T08:53:05.11163Z,2026-07-26T08:53:05Z,2026-07-26T08:53:05.140179Z,2026-07-26T08:53:05Z,-111.630,140.179,-140.179,-111.630,false
b55af549-5e71-4a6c-b353-7dedc3ae0a66,2026-07-26T08:53:05.140146Z,2026-07-26T08:53:05Z,2026-07-26T08:53:05.157772Z,2026-07-26T08:53:05Z,-140.146,157.772,-157.772,-140.146,false
90686c52-0e35-45e1-a825-b73c4ff346ae,2026-07-26T08:53:05.173225Z,2026-07-26T08:53:05Z,2026-07-26T08:53:05.252802Z,2026-07-26T08:53:05Z,-173.225,252.802,-252.802,-173.225,false
96cf42d6-4eb8-4812-beda-edda212e28e1,2026-07-26T08:53:05.248941Z,2026-07-26T08:53:05Z,2026-07-26T08:53:05.295675Z,2026-07-26T08:53:05Z,-248.941,295.675,-295.675,-248.941,false
9cb6bdb2-1d32-4382-a05c-5e466c8b6218,2026-07-26T08:53:05.253014Z,2026-07-26T08:53:05Z,2026-07-26T08:53:05.295795Z,2026-07-26T08:53:05Z,-253.014,295.795,-295.795,-253.014,false
3d427de2-42bd-4781-a2fe-65b0fcd0274e,2026-07-26T08:53:05.294685Z,2026-07-26T08:53:05Z,2026-07-26T08:53:05.314284Z,2026-07-26T08:53:05Z,-294.685,314.284,-314.284,-294.685,false
3bddc54a-64ea-411d-a41d-fe990578c097,2026-07-26T08:53:05.314194Z,2026-07-26T08:53:05Z,2026-07-26T08:53:05.319539Z,2026-07-26T08:53:05Z,-314.194,319.539,-319.539,-314.194,false
8e2b2b7f-c135-4206-b806-d29d6c1725ee,2026-07-26T08:53:05.333999Z,2026-07-26T08:53:05Z,2026-07-26T08:53:05.337233Z,2026-07-26T08:53:05Z,-333.999,337.233,-337.233,-333.999,false
5378f23e-3387-49cf-8011-f3df63e2d602,2026-07-26T08:53:05.370244Z,2026-07-26T08:53:05Z,2026-07-26T08:53:05.374823Z,2026-07-26T08:53:05Z,-370.244,374.823,-374.823,-370.244,false
415bf647-f703-4fce-8993-586292371a1b,2026-07-26T08:53:05.406263Z,2026-07-26T08:53:05Z,2026-07-26T08:53:05.412395Z,2026-07-26T08:53:05Z,-406.263,412.395,-412.395,-406.263,false
aa279e52-cfce-4704-a56b-9eeb087999f9,2026-07-26T08:53:05.437644Z,2026-07-26T08:53:05Z,2026-07-26T08:53:05.440431Z,2026-07-26T08:53:05Z,-437.644,440.431,-440.431,-437.644,false
cbe96999-11ff-42d1-a911-c432e38d3422,2026-07-26T08:53:05.471872Z,2026-07-26T08:53:05Z,2026-07-26T08:53:05.475974Z,2026-07-26T08:53:05Z,-471.872,475.974,-475.974,-471.872,false
e1f636cf-0b27-44f7-8d77-52776110bfa1,2026-07-26T08:53:05.506614Z,2026-07-26T08:53:05Z,2026-07-26T08:53:05.510577Z,2026-07-26T08:53:05Z,-506.614,510.577,-510.577,-506.614,false
5dfc639b-45b1-4cb9-9aaf-809807a3e2ba,2026-07-26T08:53:05.541414Z,2026-07-26T08:53:05Z,2026-07-26T08:53:05.544686Z,2026-07-26T08:53:05Z,-541.414,544.686,-544.686,-541.414,false
45c44884-16c5-4c51-a5fc-7fb67509b084,2026-07-26T08:53:05.574886Z,2026-07-26T08:53:05Z,2026-07-26T08:53:05.578353Z,2026-07-26T08:53:05Z,-574.886,578.353,-578.353,-574.886,false
48dffdf9-de5c-4257-bad3-3e969e84d184,2026-07-26T08:53:05.609968Z,2026-07-26T08:53:05Z,2026-07-26T08:53:05.613212Z,2026-07-26T08:53:05Z,-609.968,613.212,-613.212,-609.968,false
0a225b07-b364-48ac-a5a1-9ace89ecc6ee,2026-07-26T08:53:05.6441Z,2026-07-26T08:53:05Z,2026-07-26T08:53:05.649241Z,2026-07-26T08:53:05Z,-644.100,649.241,-649.241,-644.100,false
8aa639d2-a1e8-43b3-ae0d-71ae1e4bc16d,2026-07-26T08:53:05.68131Z,2026-07-26T08:53:05Z,2026-07-26T08:53:05.686845Z,2026-07-26T08:53:05Z,-681.310,686.845,-686.845,-681.310,false
2355b5ac-e222-49ee-b885-8d48a2b23fbd,2026-07-26T08:53:05.715588Z,2026-07-26T08:53:05Z,2026-07-26T08:53:05.719924Z,2026-07-26T08:53:05Z,-715.588,719.924,-719.924,-715.588,false
5c33dfd9-8686-4748-b250-c507887ecd2d,2026-07-26T08:53:05.748409Z,2026-07-26T08:53:05Z,2026-07-26T08:53:05.753154Z,2026-07-26T08:53:05Z,-748.409,753.154,-753.154,-748.409,false
e176b5f7-f315-4bd7-8f12-7d105c3297a7,2026-07-26T08:53:05.781954Z,2026-07-26T08:53:05Z,2026-07-26T08:53:05.785445Z,2026-07-26T08:53:05Z,-781.954,785.445,-785.445,-781.954,false
cdcbbd05-c456-458b-85f7-8bcaea3fb19f,2026-07-26T08:53:05.815817Z,2026-07-26T08:53:05Z,2026-07-26T08:53:05.819631Z,2026-07-26T08:53:05Z,-815.817,819.631,-819.631,-815.817,false
b441b49a-fb83-40ab-89f3-37ec6524295a,2026-07-26T08:53:05.849935Z,2026-07-26T08:53:05Z,2026-07-26T08:53:05.853822Z,2026-07-26T08:53:05Z,-849.935,853.822,-853.822,-849.935,false
664887a3-4b9b-4902-8402-b864d3e46843,2026-07-26T08:53:05.884021Z,2026-07-26T08:53:05Z,2026-07-26T08:53:05.887517Z,2026-07-26T08:53:05Z,-884.021,887.517,-887.517,-884.021,false
ffce6698-cf40-4671-aa8f-9eb50057c9d0,2026-07-26T08:53:05.918537Z,2026-07-26T08:53:05Z,2026-07-26T08:53:05.921999Z,2026-07-26T08:53:05Z,-918.537,921.999,-921.999,-918.537,false
fe301ead-f403-4e56-a0bf-75a2d0fe9507,2026-07-26T08:53:05.953005Z,2026-07-26T08:53:05Z,2026-07-26T08:53:05.956295Z,2026-07-26T08:53:05Z,-953.005,956.295,-956.295,-953.005,false
d00b122f-d7c6-4f0e-906d-1b88d0163ef0,2026-07-26T08:53:05.991085Z,2026-07-26T08:53:05Z,2026-07-26T08:53:05.996718Z,2026-07-26T08:53:05Z,-991.085,996.718,-996.718,-991.085,false
e61a8e56-334a-4831-b59b-085d06fc7c13,2026-07-26T08:53:06.025543Z,2026-07-26T08:53:06Z,2026-07-26T08:53:06.037045Z,2026-07-26T08:53:06Z,-25.543,37.045,-37.045,-25.543,false
f2b392c4-2449-4644-afe1-01e8a7494d30,2026-07-26T08:53:06.063397Z,2026-07-26T08:53:06Z,2026-07-26T08:53:06.065715Z,2026-07-26T08:53:06Z,-63.397,65.715,-65.715,-63.397,false
948566f1-2c37-4043-be72-4429233c3edf,2026-07-26T08:53:06.089372Z,2026-07-26T08:53:06Z,2026-07-26T08:53:06.093091Z,2026-07-26T08:53:06Z,-89.372,93.091,-93.091,-89.372,false
9b179452-138f-45c9-9a0d-85be37ac1079,2026-07-26T08:53:06.12456Z,2026-07-26T08:53:06Z,2026-07-26T08:53:06.127176Z,2026-07-26T08:53:06Z,-124.560,127.176,-127.176,-124.560,false
c3605bf2-7d99-4e66-bd5a-2257d0cbb208,2026-07-26T08:53:06.158246Z,2026-07-26T08:53:06Z,2026-07-26T08:53:06.161317Z,2026-07-26T08:53:06Z,-158.246,161.317,-161.317,-158.246,false
a892e0ba-d14b-4d4f-932c-adbf83d950cd,2026-07-26T08:53:06.192898Z,2026-07-26T08:53:06Z,2026-07-26T08:53:06.196161Z,2026-07-26T08:53:06Z,-192.898,196.161,-196.161,-192.898,false
1eb8709a-8e02-4ed4-986b-ca866a986057,2026-07-26T08:53:06.228573Z,2026-07-26T08:53:06Z,2026-07-26T08:53:06.233276Z,2026-07-26T08:53:06Z,-228.573,233.276,-233.276,-228.573,false
fe530816-36ff-4efa-947b-83f8557d271b,2026-07-26T08:53:06.262267Z,2026-07-26T08:53:06Z,2026-07-26T08:53:06.266923Z,2026-07-26T08:53:06Z,-262.267,266.923,-266.923,-262.267,false
367a565a-7f2c-4b96-9bd1-5b658aa28abe,2026-07-26T08:53:06.297387Z,2026-07-26T08:53:06Z,2026-07-26T08:53:06.304416Z,2026-07-26T08:53:06Z,-297.387,304.416,-304.416,-297.387,false
582e2427-79c7-4846-9e28-7d055f118654,2026-07-26T08:53:06.330299Z,2026-07-26T08:53:06Z,2026-07-26T08:53:06.332944Z,2026-07-26T08:53:06Z,-330.299,332.944,-332.944,-330.299,false
9f564a09-7dbd-4246-93b1-878fb698bb2d,2026-07-26T08:53:06.366332Z,2026-07-26T08:53:06Z,2026-07-26T08:53:06.369986Z,2026-07-26T08:53:06Z,-366.332,369.986,-369.986,-366.332,false
93ab5cc3-0450-4e7b-96b8-36ab4509f670,2026-07-26T08:53:06.399084Z,2026-07-26T08:53:06Z,2026-07-26T08:53:06.402586Z,2026-07-26T08:53:06Z,-399.084,402.586,-402.586,-399.084,false
5a7c359a-961f-4364-a954-d1b683a88807,2026-07-26T08:53:06.433719Z,2026-07-26T08:53:06Z,2026-07-26T08:53:06.436951Z,2026-07-26T08:53:06Z,-433.719,436.951,-436.951,-433.719,false
8ce9a370-4e52-474e-96e0-84f3462cd5c1,2026-07-26T08:53:06.46773Z,2026-07-26T08:53:06Z,2026-07-26T08:53:06.471602Z,2026-07-26T08:53:06Z,-467.730,471.602,-471.602,-467.730,false
e36615b4-859b-4c59-9e36-d1c7bcc545b9,2026-07-26T08:53:06.502203Z,2026-07-26T08:53:06Z,2026-07-26T08:53:06.504941Z,2026-07-26T08:53:06Z,-502.203,504.941,-504.941,-502.203,false
ed1b12e4-355b-435b-9b68-ada8d2f30420,2026-07-26T08:53:06.536517Z,2026-07-26T08:53:06Z,2026-07-26T08:53:06.548601Z,2026-07-26T08:53:06Z,-536.517,548.601,-548.601,-536.517,false
bda6d5fe-aa19-44ae-843d-4b31ba9558bc,2026-07-26T08:53:06.57033Z,2026-07-26T08:53:06Z,2026-07-26T08:53:06.573493Z,2026-07-26T08:53:06Z,-570.330,573.493,-573.493,-570.330,false
7d5bda07-2362-4948-93f7-fa7432348909,2026-07-26T08:53:06.606093Z,2026-07-26T08:53:06Z,2026-07-26T08:53:06.609685Z,2026-07-26T08:53:06Z,-606.093,609.685,-609.685,-606.093,false
857488d8-fdcd-42a8-a99c-54793afddf1e,2026-07-26T08:53:06.639347Z,2026-07-26T08:53:06Z,2026-07-26T08:53:06.642312Z,2026-07-26T08:53:06Z,-639.347,642.312,-642.312,-639.347,false
c9cb8573-2e3e-4bff-b37c-80b8f9067984,2026-07-26T08:53:06.67301Z,2026-07-26T08:53:06Z,2026-07-26T08:53:06.675335Z,2026-07-26T08:53:06Z,-673.010,675.335,-675.335,-673.010,false
eb4f3f98-ada6-4743-a2a0-c0d00913cd6f,2026-07-26T08:53:06.70862Z,2026-07-26T08:53:06Z,2026-07-26T08:53:06.712018Z,2026-07-26T08:53:06Z,-708.620,712.018,-712.018,-708.620,false
e04fa801-7cfb-44cd-ada9-f4e3633617d7,2026-07-26T08:53:07.155102Z,2026-07-26T08:53:07Z,2026-07-26T08:53:07.186264Z,2026-07-26T08:53:07Z,-155.102,186.264,-186.264,-155.102,false
98a42bf1-badc-4c70-a4a8-7306f69a84ca,2026-07-26T08:53:07.155106Z,2026-07-26T08:53:07Z,2026-07-26T08:53:07.160261Z,2026-07-26T08:53:07Z,-155.106,160.261,-160.261,-155.106,false
3e856852-b5ac-4d12-ba2e-f09d172badb8,2026-07-26T08:53:07.155135Z,2026-07-26T08:53:07Z,2026-07-26T08:53:07.16472Z,2026-07-26T08:53:07Z,-155.135,164.720,-164.720,-155.135,false
4be0ac86-7571-4244-9d21-7449c211b040,2026-07-26T08:53:07.155157Z,2026-07-26T08:53:07Z,2026-07-26T08:53:07.183738Z,2026-07-26T08:53:07Z,-155.157,183.738,-183.738,-155.157,false
6b767ccb-f085-4aa0-95af-cac89ea24beb,2026-07-26T08:53:07.155412Z,2026-07-26T08:53:07Z,2026-07-26T08:53:07.165142Z,2026-07-26T08:53:07Z,-155.412,165.142,-165.142,-155.412,false
c793d7fa-fcbd-4eaf-a7a1-5f2492c75ccc,2026-07-26T08:53:07.15542Z,2026-07-26T08:53:07Z,2026-07-26T08:53:07.166723Z,2026-07-26T08:53:07Z,-155.420,166.723,-166.723,-155.420,false
a2414692-3d44-4694-bf84-700dcc67f7b6,2026-07-26T08:53:07.155425Z,2026-07-26T08:53:07Z,2026-07-26T08:53:07.165044Z,2026-07-26T08:53:07Z,-155.425,165.044,-165.044,-155.425,false
902cde40-c513-4c5a-ae5f-0ac641a149e7,2026-07-26T08:53:07.155484Z,2026-07-26T08:53:07Z,2026-07-26T08:53:07.17279Z,2026-07-26T08:53:07Z,-155.484,172.790,-172.790,-155.484,false
1f2e1b87-f244-4a21-9a99-281ffbe7e00e,2026-07-26T08:53:07.155489Z,2026-07-26T08:53:07Z,2026-07-26T08:53:07.181777Z,2026-07-26T08:53:07Z,-155.489,181.777,-181.777,-155.489,false
a2b46566-c19e-4e55-82f6-763fd42f41c6,2026-07-26T08:53:07.155491Z,2026-07-26T08:53:07Z,2026-07-26T08:53:07.166796Z,2026-07-26T08:53:07Z,-155.491,166.796,-166.796,-155.491,false
8e9debe9-5542-4982-99e7-486e39b8484e,2026-07-26T08:53:07.155527Z,2026-07-26T08:53:07Z,2026-07-26T08:53:07.178491Z,2026-07-26T08:53:07Z,-155.527,178.491,-178.491,-155.527,false
bddb737c-8944-44a5-8fd4-0e2bc4f79de6,2026-07-26T08:53:07.155569Z,2026-07-26T08:53:07Z,2026-07-26T08:53:07.171004Z,2026-07-26T08:53:07Z,-155.569,171.004,-171.004,-155.569,false
eeeae7af-ece9-4bf0-a1da-cff252240f65,2026-07-26T08:53:07.159787Z,2026-07-26T08:53:07Z,2026-07-26T08:53:07.187952Z,2026-07-26T08:53:07Z,-159.787,187.952,-187.952,-159.787,false
5aa5be82-375e-4213-86bc-0a1194c1a04a,2026-07-26T08:53:07.188657Z,2026-07-26T08:53:07Z,2026-07-26T08:53:07.197196Z,2026-07-26T08:53:07Z,-188.657,197.196,-197.196,-188.657,false
987c45ae-2e80-43a7-97cf-25833b738a07,2026-07-26T08:53:07.22095Z,2026-07-26T08:53:07Z,2026-07-26T08:53:07.223597Z,2026-07-26T08:53:07Z,-220.950,223.597,-223.597,-220.950,false
bc4b4a8d-f931-4a43-8854-16cc00144379,2026-07-26T08:53:07.255699Z,2026-07-26T08:53:07Z,2026-07-26T08:53:07.258093Z,2026-07-26T08:53:07Z,-255.699,258.093,-258.093,-255.699,false
159e0160-e003-457d-8cca-b5264ed261ec,2026-07-26T08:53:07.289607Z,2026-07-26T08:53:07Z,2026-07-26T08:53:07.29181Z,2026-07-26T08:53:07Z,-289.607,291.810,-291.810,-289.607,false
57904d19-7097-4cda-ba2e-74a56c3511fc,2026-07-26T08:53:07.324601Z,2026-07-26T08:53:07Z,2026-07-26T08:53:07.327101Z,2026-07-26T08:53:07Z,-324.601,327.101,-327.101,-324.601,false
b2ef72e3-dc0b-4f20-8650-b926ae73267b,2026-07-26T08:53:07.365925Z,2026-07-26T08:53:07Z,2026-07-26T08:53:07.374519Z,2026-07-26T08:53:07Z,-365.925,374.519,-374.519,-365.925,false
3f668ce7-3f4b-4333-a559-e96c926e4aac,2026-07-26T08:53:07.397625Z,2026-07-26T08:53:07Z,2026-07-26T08:53:07.401931Z,2026-07-26T08:53:07Z,-397.625,401.931,-401.931,-397.625,false
94bcedb9-ae0e-4515-83fd-158eb20d9b29,2026-07-26T08:53:07.427239Z,2026-07-26T08:53:07Z,2026-07-26T08:53:07.431432Z,2026-07-26T08:53:07Z,-427.239,431.432,-431.432,-427.239,false
239a73fa-c0a7-4938-832d-406771fc3dc9,2026-07-26T08:53:07.465044Z,2026-07-26T08:53:07Z,2026-07-26T08:53:07.471219Z,2026-07-26T08:53:07Z,-465.044,471.219,-471.219,-465.044,false
3d2a1cc8-a54c-4229-ba16-3aae64292717,2026-07-26T08:53:07.496564Z,2026-07-26T08:53:07Z,2026-07-26T08:53:07.504643Z,2026-07-26T08:53:07Z,-496.564,504.643,-504.643,-496.564,false
36ef87d7-8d31-4ebb-b556-2fdf7478a980,2026-07-26T08:53:07.533176Z,2026-07-26T08:53:07Z,2026-07-26T08:53:07.5395Z,2026-07-26T08:53:07Z,-533.176,539.500,-539.500,-533.176,false
13c808ad-b227-4e5a-9a79-788b646d1ecc,2026-07-26T08:53:07.568873Z,2026-07-26T08:53:07Z,2026-07-26T08:53:07.58105Z,2026-07-26T08:53:07Z,-568.873,581.050,-581.050,-568.873,false
be4a902f-c28c-4789-b22e-d6a823b61e6e,2026-07-26T08:53:07.597012Z,2026-07-26T08:53:07Z,2026-07-26T08:53:07.600205Z,2026-07-26T08:53:07Z,-597.012,600.205,-600.205,-597.012,false
5e88b697-842e-4d25-835b-028c6c7acf11,2026-07-26T08:53:07.634405Z,2026-07-26T08:53:07Z,2026-07-26T08:53:07.638509Z,2026-07-26T08:53:07Z,-634.405,638.509,-638.509,-634.405,false
e6928a59-4481-4362-9947-3ad0916f5f37,2026-07-26T08:53:07.666332Z,2026-07-26T08:53:07Z,2026-07-26T08:53:07.670666Z,2026-07-26T08:53:07Z,-666.332,670.666,-670.666,-666.332,false
99059b2c-6894-4b59-a052-a80d37d41cd6,2026-07-26T08:53:07.702117Z,2026-07-26T08:53:07Z,2026-07-26T08:53:07.707358Z,2026-07-26T08:53:07Z,-702.117,707.358,-707.358,-702.117,false
0571258b-1c30-4b35-bf42-5a42b363d676,2026-07-26T08:53:07.735342Z,2026-07-26T08:53:07Z,2026-07-26T08:53:07.749628Z,2026-07-26T08:53:07Z,-735.342,749.628,-749.628,-735.342,false
a629e8a0-1d11-496b-a49e-498d56eece86,2026-07-26T08:53:07.769265Z,2026-07-26T08:53:07Z,2026-07-26T08:53:07.772321Z,2026-07-26T08:53:07Z,-769.265,772.321,-772.321,-769.265,false
2c50a565-eb8b-46e4-b278-19fb6599ec22,2026-07-26T08:53:07.803971Z,2026-07-26T08:53:07Z,2026-07-26T08:53:07.808261Z,2026-07-26T08:53:07Z,-803.971,808.261,-808.261,-803.971,false
5d84d47d-5cad-4711-9773-1218a8c7ca7f,2026-07-26T08:53:07.83735Z,2026-07-26T08:53:07Z,2026-07-26T08:53:07.843584Z,2026-07-26T08:53:07Z,-837.350,843.584,-843.584,-837.350,false
c986936e-304f-45f6-8bb0-e28fdd5b7542,2026-07-26T08:53:07.870817Z,2026-07-26T08:53:07Z,2026-07-26T08:53:07.874038Z,2026-07-26T08:53:07Z,-870.817,874.038,-874.038,-870.817,false
818ef024-22ab-49a7-9768-d7fcba5317bb,2026-07-26T08:53:07.904516Z,2026-07-26T08:53:07Z,2026-07-26T08:53:07.907072Z,2026-07-26T08:53:07Z,-904.516,907.072,-907.072,-904.516,false
dbb34a69-98f7-4d64-bdff-5ef4c47673ce,2026-07-26T08:53:07.940208Z,2026-07-26T08:53:07Z,2026-07-26T08:53:07.943649Z,2026-07-26T08:53:07Z,-940.208,943.649,-943.649,-940.208,false
adfd31d9-e0e9-4522-b93c-fd36e48a72c3,2026-07-26T08:53:07.973907Z,2026-07-26T08:53:07Z,2026-07-26T08:53:07.978075Z,2026-07-26T08:53:07Z,-973.907,978.075,-978.075,-973.907,false
e46d3d4b-14e6-49e6-889f-6b4b8f2d538a,2026-07-26T08:53:08.008184Z,2026-07-26T08:53:08Z,2026-07-26T08:53:08.011303Z,2026-07-26T08:53:08Z,-8.184,11.303,-11.303,-8.184,false
aabbc0bd-29df-452d-83f6-e3e57dc2a5a4,2026-07-26T08:53:08.042058Z,2026-07-26T08:53:08Z,2026-07-26T08:53:08.047967Z,2026-07-26T08:53:08Z,-42.058,47.967,-47.967,-42.058,false
0c26832f-5f9c-4fee-b5eb-59d18d6e964f,2026-07-26T08:53:08.075591Z,2026-07-26T08:53:08Z,2026-07-26T08:53:08.079457Z,2026-07-26T08:53:08Z,-75.591,79.457,-79.457,-75.591,false
2bd3e798-cef6-472b-8a9a-e6771a227f4f,2026-07-26T08:53:08.109566Z,2026-07-26T08:53:08Z,2026-07-26T08:53:08.113236Z,2026-07-26T08:53:08Z,-109.566,113.236,-113.236,-109.566,false
1c8a0186-52d8-4134-b9dd-fcbf34a38a74,2026-07-26T08:53:08.144227Z,2026-07-26T08:53:08Z,2026-07-26T08:53:08.147292Z,2026-07-26T08:53:08Z,-144.227,147.292,-147.292,-144.227,false
cb94bf43-f78a-439d-badd-e11bb06edd32,2026-07-26T08:53:08.178969Z,2026-07-26T08:53:08Z,2026-07-26T08:53:08.183418Z,2026-07-26T08:53:08Z,-178.969,183.418,-183.418,-178.969,false
f2cd64ea-1c2e-4d1c-a4c5-7bf6d63ca553,2026-07-26T08:53:08.212992Z,2026-07-26T08:53:08Z,2026-07-26T08:53:08.216636Z,2026-07-26T08:53:08Z,-212.992,216.636,-216.636,-212.992,false
c1cb2d7f-3621-46da-9cca-3597822a3544,2026-07-26T08:53:08.248131Z,2026-07-26T08:53:08Z,2026-07-26T08:53:08.252297Z,2026-07-26T08:53:08Z,-248.131,252.297,-252.297,-248.131,false
e7b4a757-0bff-4357-bac6-753af0d38dad,2026-07-26T08:53:08.282892Z,2026-07-26T08:53:08Z,2026-07-26T08:53:08.286924Z,2026-07-26T08:53:08Z,-282.892,286.924,-286.924,-282.892,false
553aac8a-f415-4a7a-b2b3-7c25323997d3,2026-07-26T08:53:08.316276Z,2026-07-26T08:53:08Z,2026-07-26T08:53:08.319694Z,2026-07-26T08:53:08Z,-316.276,319.694,-319.694,-316.276,false
1a9a297f-ff8a-4735-8c4c-61f70c27f7d6,2026-07-26T08:53:08.351208Z,2026-07-26T08:53:08Z,2026-07-26T08:53:08.354351Z,2026-07-26T08:53:08Z,-351.208,354.351,-354.351,-351.208,false
4943ec75-83df-483e-a6cd-6b9d3ae347e4,2026-07-26T08:53:08.383838Z,2026-07-26T08:53:08Z,2026-07-26T08:53:08.387497Z,2026-07-26T08:53:08Z,-383.838,387.497,-387.497,-383.838,false
52c9d622-0864-464d-bee9-f87085c8a66e,2026-07-26T08:53:08.418204Z,2026-07-26T08:53:08Z,2026-07-26T08:53:08.421548Z,2026-07-26T08:53:08Z,-418.204,421.548,-421.548,-418.204,false
83d6589a-af77-4d9a-9850-6f5cedc55a2d,2026-07-26T08:53:08.453679Z,2026-07-26T08:53:08Z,2026-07-26T08:53:08.472304Z,2026-07-26T08:53:08Z,-453.679,472.304,-472.304,-453.679,false
6d95304d-8ca6-4238-a286-058e87c49dcc,2026-07-26T08:53:08.487182Z,2026-07-26T08:53:08Z,2026-07-26T08:53:08.493007Z,2026-07-26T08:53:08Z,-487.182,493.007,-493.007,-487.182,false
1d98f085-df0b-4b20-ba21-3d3ce7679fd6,2026-07-26T08:53:08.520542Z,2026-07-26T08:53:08Z,2026-07-26T08:53:08.523418Z,2026-07-26T08:53:08Z,-520.542,523.418,-523.418,-520.542,false
c3df8868-6c00-489f-a973-2b3952b25d54,2026-07-26T08:53:08.554992Z,2026-07-26T08:53:08Z,2026-07-26T08:53:08.557315Z,2026-07-26T08:53:08Z,-554.992,557.315,-557.315,-554.992,false
e04ab346-bcf8-47f0-bf39-c7523afe03ae,2026-07-26T08:53:08.590612Z,2026-07-26T08:53:08Z,2026-07-26T08:53:08.59417Z,2026-07-26T08:53:08Z,-590.612,594.170,-594.170,-590.612,false
8c962ea4-193b-444a-84ad-ab5b64468acf,2026-07-26T08:53:08.622626Z,2026-07-26T08:53:08Z,2026-07-26T08:53:08.627512Z,2026-07-26T08:53:08Z,-622.626,627.512,-627.512,-622.626,false
04413e0c-3933-498c-aaee-ea2cf2aee186,2026-07-26T08:53:08.657617Z,2026-07-26T08:53:08Z,2026-07-26T08:53:08.660977Z,2026-07-26T08:53:08Z,-657.617,660.977,-660.977,-657.617,false
f993d76a-d6da-40b3-93ad-e2a0ea0812ee,2026-07-26T08:53:08.691642Z,2026-07-26T08:53:08Z,2026-07-26T08:53:08.694178Z,2026-07-26T08:53:08Z,-691.642,694.178,-694.178,-691.642,false
8815c2c2-ab54-4329-911f-31cbaaeac822,2026-07-26T08:53:08.729935Z,2026-07-26T08:53:08Z,2026-07-26T08:53:08.734297Z,2026-07-26T08:53:08Z,-729.935,734.297,-734.297,-729.935,false
9f6f1bff-81fe-4712-9dc5-7342d075b3ea,2026-07-26T08:53:08.761269Z,2026-07-26T08:53:08Z,2026-07-26T08:53:08.763858Z,2026-07-26T08:53:08Z,-761.269,763.858,-763.858,-761.269,false
6222ffa0-eaaf-4b14-b6ef-020d0c074dda,2026-07-26T08:53:08.795438Z,2026-07-26T08:53:08Z,2026-07-26T08:53:08.797843Z,2026-07-26T08:53:08Z,-795.438,797.843,-797.843,-795.438,false
ae686aa5-ef38-4472-a0f2-2ac5ada020b9,2026-07-26T08:53:08.829137Z,2026-07-26T08:53:08Z,2026-07-26T08:53:08.832117Z,2026-07-26T08:53:08Z,-829.137,832.117,-832.117,-829.137,false
6b43d700-bc98-46b1-9813-a28beb442b3f,2026-07-26T08:53:08.864658Z,2026-07-26T08:53:08Z,2026-07-26T08:53:08.867929Z,2026-07-26T08:53:08Z,-864.658,867.929,-867.929,-864.658,false
123801ae-c16f-4fa2-88ec-a12f1a29fd6a,2026-07-26T08:53:08.897279Z,2026-07-26T08:53:08Z,2026-07-26T08:53:08.900442Z,2026-07-26T08:53:08Z,-897.279,900.442,-900.442,-897.279,false
9f2df341-7559-4669-a948-a4b2804db996,2026-07-26T08:53:08.931854Z,2026-07-26T08:53:08Z,2026-07-26T08:53:08.934887Z,2026-07-26T08:53:08Z,-931.854,934.887,-934.887,-931.854,false
a5882827-2051-41ab-a733-6a626b30373c,2026-07-26T08:53:08.967005Z,2026-07-26T08:53:08Z,2026-07-26T08:53:08.969896Z,2026-07-26T08:53:08Z,-967.005,969.896,-969.896,-967.005,false
417f84e3-4771-45f5-8f04-c3d25b5b26e8,2026-07-26T08:53:08.999987Z,2026-07-26T08:53:09Z,2026-07-26T08:53:09.01428Z,2026-07-26T08:53:09Z,0.013,14.280,-14.280,0.013,false
c4642f59-35b2-4a68-a068-24f6ca01e2dc,2026-07-26T08:53:09.036591Z,2026-07-26T08:53:09Z,2026-07-26T08:53:09.041374Z,2026-07-26T08:53:09Z,-36.591,41.374,-41.374,-36.591,false
44da1534-3eaf-4aca-86f3-6665bed46fda,2026-07-26T08:53:09.070303Z,2026-07-26T08:53:09Z,2026-07-26T08:53:09.074532Z,2026-07-26T08:53:09Z,-70.303,74.532,-74.532,-70.303,false
5b4a5d5c-ec81-4d7a-9d97-c8907487d4c5,2026-07-26T08:53:09.103802Z,2026-07-26T08:53:09Z,2026-07-26T08:53:09.106683Z,2026-07-26T08:53:09Z,-103.802,106.683,-106.683,-103.802,false
381c5cc7-1d4a-45e7-a1de-f94e3e6dd9ae,2026-07-26T08:53:09.139496Z,2026-07-26T08:53:09Z,2026-07-26T08:53:09.142387Z,2026-07-26T08:53:09Z,-139.496,142.387,-142.387,-139.496,false
7d370666-d7c1-4bbd-934a-deb86814cd2b,2026-07-26T08:53:09.17339Z,2026-07-26T08:53:09Z,2026-07-26T08:53:09.176497Z,2026-07-26T08:53:09Z,-173.390,176.497,-176.497,-173.390,false
4022947a-6490-4b2d-9324-8862decccfba,2026-07-26T08:53:09.213885Z,2026-07-26T08:53:09Z,2026-07-26T08:53:09.214518Z,2026-07-26T08:53:09Z,-213.885,214.518,-214.518,-213.885,false
a6747d0c-faff-4271-bc95-e10e01299456,2026-07-26T08:53:09.24204Z,2026-07-26T08:53:09Z,2026-07-26T08:53:09.244415Z,2026-07-26T08:53:09Z,-242.040,244.415,-244.415,-242.040,false
cbf0b0b6-996f-4c54-aab1-de839bbcb017,2026-07-26T08:53:09.275893Z,2026-07-26T08:53:09Z,2026-07-26T08:53:09.2793Z,2026-07-26T08:53:09Z,-275.893,279.300,-279.300,-275.893,false
ad21a65c-8332-49ad-81b5-84231b5e5c66,2026-07-26T08:53:09.309591Z,2026-07-26T08:53:09Z,2026-07-26T08:53:09.314317Z,2026-07-26T08:53:09Z,-309.591,314.317,-314.317,-309.591,false
59bfbbbd-e1cc-41cb-8964-65c277a92df2,2026-07-26T08:53:09.344609Z,2026-07-26T08:53:09Z,2026-07-26T08:53:09.348874Z,2026-07-26T08:53:09Z,-344.609,348.874,-348.874,-344.609,false
1aaafdbc-22e4-4a18-bef7-0161ca02d49a,2026-07-26T08:53:09.379398Z,2026-07-26T08:53:09Z,2026-07-26T08:53:09.383677Z,2026-07-26T08:53:09Z,-379.398,383.677,-383.677,-379.398,false
2e13f312-2839-4921-92fe-4b6cef5eb2b9,2026-07-26T08:53:09.411856Z,2026-07-26T08:53:09Z,2026-07-26T08:53:09.414705Z,2026-07-26T08:53:09Z,-411.856,414.705,-414.705,-411.856,false
e13581ae-2218-4801-8f0c-e925c8c22daf,2026-07-26T08:53:09.44693Z,2026-07-26T08:53:09Z,2026-07-26T08:53:09.45095Z,2026-07-26T08:53:09Z,-446.930,450.950,-450.950,-446.930,false
00a8a3aa-c9da-41e9-bf10-ef0fa68fabf7,2026-07-26T08:53:09.480979Z,2026-07-26T08:53:09Z,2026-07-26T08:53:09.483979Z,2026-07-26T08:53:09Z,-480.979,483.979,-483.979,-480.979,false
54c4b3dc-a212-4610-ac0b-5b15cb9543a7,2026-07-26T08:53:09.516301Z,2026-07-26T08:53:09Z,2026-07-26T08:53:09.519413Z,2026-07-26T08:53:09Z,-516.301,519.413,-519.413,-516.301,false
3bc73fbb-3903-40c2-b0a8-475683c2e346,2026-07-26T08:53:09.549334Z,2026-07-26T08:53:09Z,2026-07-26T08:53:09.553438Z,2026-07-26T08:53:09Z,-549.334,553.438,-553.438,-549.334,false
f8d777bb-2f4f-479b-8bb2-6368ac2151eb,2026-07-26T08:53:09.584399Z,2026-07-26T08:53:09Z,2026-07-26T08:53:09.587121Z,2026-07-26T08:53:09Z,-584.399,587.121,-587.121,-584.399,false
81870259-7447-4e75-9462-3ce9d9a7de16,2026-07-26T08:53:09.617991Z,2026-07-26T08:53:09Z,2026-07-26T08:53:09.621222Z,2026-07-26T08:53:09Z,-617.991,621.222,-621.222,-617.991,false
b1ffc42b-2059-441e-ba47-ec3300638818,2026-07-26T08:53:09.652772Z,2026-07-26T08:53:09Z,2026-07-26T08:53:09.655499Z,2026-07-26T08:53:09Z,-652.772,655.499,-655.499,-652.772,false
680d7722-6e0a-4f32-bae7-66df1a7a0cb3,2026-07-26T08:53:09.687733Z,2026-07-26T08:53:09Z,2026-07-26T08:53:09.691697Z,2026-07-26T08:53:09Z,-687.733,691.697,-691.697,-687.733,false
2898a66b-f428-43f8-9f4a-3ef02bfb8bc3,2026-07-26T08:53:09.721752Z,2026-07-26T08:53:09Z,2026-07-26T08:53:09.725297Z,2026-07-26T08:53:09Z,-721.752,725.297,-725.297,-721.752,false
3c0d383e-9104-4661-8960-64152078c459,2026-07-26T08:53:09.755531Z,2026-07-26T08:53:09Z,2026-07-26T08:53:09.758222Z,2026-07-26T08:53:09Z,-755.531,758.222,-758.222,-755.531,false
9481ccec-6123-4a29-9b3e-bb49630b2c81,2026-07-26T08:53:09.79117Z,2026-07-26T08:53:09Z,2026-07-26T08:53:09.79819Z,2026-07-26T08:53:09Z,-791.170,798.190,-798.190,-791.170,false
7b4b0613-1483-4e37-9ce1-3b3587b37b73,2026-07-26T08:53:09.824145Z,2026-07-26T08:53:09Z,2026-07-26T08:53:09.827595Z,2026-07-26T08:53:09Z,-824.145,827.595,-827.595,-824.145,false
f23c1293-92ac-4f7e-894b-a5ca55d554cf,2026-07-26T08:53:09.858558Z,2026-07-26T08:53:09Z,2026-07-26T08:53:09.86216Z,2026-07-26T08:53:09Z,-858.558,862.160,-862.160,-858.558,false
92fe103a-ea6a-4d40-820e-7ac517b6d6e5,2026-07-26T08:53:09.89279Z,2026-07-26T08:53:09Z,2026-07-26T08:53:09.89579Z,2026-07-26T08:53:09Z,-892.790,895.790,-895.790,-892.790,false
a6ce2cbc-cf54-4cc1-93a3-6265c503e1e5,2026-07-26T08:53:09.927401Z,2026-07-26T08:53:09Z,2026-07-26T08:53:09.930581Z,2026-07-26T08:53:09Z,-927.401,930.581,-930.581,-927.401,false
cfc111d9-364d-4e17-a5ed-149a36bf5963,2026-07-26T08:53:09.961513Z,2026-07-26T08:53:09Z,2026-07-26T08:53:09.96501Z,2026-07-26T08:53:09Z,-961.513,965.010,-965.010,-961.513,false
32bcc52e-d387-4077-b50e-5bf71e8a6ee5,2026-07-26T08:53:09.995838Z,2026-07-26T08:53:09Z,2026-07-26T08:53:09.99915Z,2026-07-26T08:53:09Z,-995.838,999.150,-999.150,-995.838,false
46526259-467a-4061-a126-b1ac9ff62216,2026-07-26T08:53:10.030362Z,2026-07-26T08:53:10Z,2026-07-26T08:53:10.033922Z,2026-07-26T08:53:10Z,-30.362,33.922,-33.922,-30.362,false
47262306-6f92-4737-992c-1afef06df76e,2026-07-26T08:53:10.065744Z,2026-07-26T08:53:10Z,2026-07-26T08:53:10.069048Z,2026-07-26T08:53:10Z,-65.744,69.048,-69.048,-65.744,false
3efb5798-6f92-44fa-9692-71f4ee159814,2026-07-26T08:53:10.098689Z,2026-07-26T08:53:10Z,2026-07-26T08:53:10.104974Z,2026-07-26T08:53:10Z,-98.689,104.974,-104.974,-98.689,false
b7fbf33b-1d9b-478f-bb40-9c50ebb33e84,2026-07-26T08:53:10.133216Z,2026-07-26T08:53:10Z,2026-07-26T08:53:10.137524Z,2026-07-26T08:53:10Z,-133.216,137.524,-137.524,-133.216,false
a5c7975a-7529-4635-9515-1fa51b95c2e9,2026-07-26T08:53:10.167388Z,2026-07-26T08:53:10Z,2026-07-26T08:53:10.170617Z,2026-07-26T08:53:10Z,-167.388,170.617,-170.617,-167.388,false
aa6fc4a5-d692-486a-9201-0c78d7bbfe10,2026-07-26T08:53:10.2027Z,2026-07-26T08:53:10Z,2026-07-26T08:53:10.205812Z,2026-07-26T08:53:10Z,-202.700,205.812,-205.812,-202.700,false
95a3e94c-1b56-44a2-9e55-aceda3cfb80d,2026-07-26T08:53:10.23637Z,2026-07-26T08:53:10Z,2026-07-26T08:53:10.239428Z,2026-07-26T08:53:10Z,-236.370,239.428,-239.428,-236.370,false
a1832d48-e485-4d05-a814-a5c0f82393e7,2026-07-26T08:53:10.272077Z,2026-07-26T08:53:10Z,2026-07-26T08:53:10.282573Z,2026-07-26T08:53:10Z,-272.077,282.573,-282.573,-272.077,false
41179094-5d1c-476c-9d92-de0635acb246,2026-07-26T08:53:10.305724Z,2026-07-26T08:53:10Z,2026-07-26T08:53:10.309754Z,2026-07-26T08:53:10Z,-305.724,309.754,-309.754,-305.724,false
8ec7f088-7967-4d06-a5f1-cb24eaabbe6f,2026-07-26T08:53:10.339542Z,2026-07-26T08:53:10Z,2026-07-26T08:53:10.342748Z,2026-07-26T08:53:10Z,-339.542,342.748,-342.748,-339.542,false
ff78df25-2b9c-4f0b-b95e-1cf11685e138,2026-07-26T08:53:10.373876Z,2026-07-26T08:53:10Z,2026-07-26T08:53:10.377562Z,2026-07-26T08:53:10Z,-373.876,377.562,-377.562,-373.876,false
14f6d1b3-a27e-424f-b819-4cf4c4c3cfeb,2026-07-26T08:53:10.408722Z,2026-07-26T08:53:10Z,2026-07-26T08:53:10.411619Z,2026-07-26T08:53:10Z,-408.722,411.619,-411.619,-408.722,false
be4c136f-b60a-4e59-9ab0-4c21086acad9,2026-07-26T08:53:10.443666Z,2026-07-26T08:53:10Z,2026-07-26T08:53:10.446611Z,2026-07-26T08:53:10Z,-443.666,446.611,-446.611,-443.666,false
bf466e09-84d2-47ef-b904-690bd293ff21,2026-07-26T08:53:10.477242Z,2026-07-26T08:53:10Z,2026-07-26T08:53:10.481002Z,2026-07-26T08:53:10Z,-477.242,481.002,-481.002,-477.242,false
4e8eb34e-ba2a-4200-969e-7e1740702779,2026-07-26T08:53:10.51142Z,2026-07-26T08:53:10Z,2026-07-26T08:53:10.528641Z,2026-07-26T08:53:10Z,-511.420,528.641,-528.641,-511.420,false
534720ff-a812-4c8e-a7dc-ea28c023465f,2026-07-26T08:53:10.544376Z,2026-07-26T08:53:10Z,2026-07-26T08:53:10.547169Z,2026-07-26T08:53:10Z,-544.376,547.169,-547.169,-544.376,false
d7067008-4004-47fc-84ea-72fb3655b1d6,2026-07-26T08:53:10.579239Z,2026-07-26T08:53:10Z,2026-07-26T08:53:10.581604Z,2026-07-26T08:53:10Z,-579.239,581.604,-581.604,-579.239,false
91ebdd23-354f-40cc-9493-da4aa60c50bb,2026-07-26T08:53:10.613684Z,2026-07-26T08:53:10Z,2026-07-26T08:53:10.616249Z,2026-07-26T08:53:10Z,-613.684,616.249,-616.249,-613.684,false
22e7b796-9a93-4f10-b827-778e2aacc918,2026-07-26T08:53:10.648216Z,2026-07-26T08:53:10Z,2026-07-26T08:53:10.652085Z,2026-07-26T08:53:10Z,-648.216,652.085,-652.085,-648.216,false
0c14acc7-8e22-4148-93d9-65859aefd3e0,2026-07-26T08:53:10.682187Z,2026-07-26T08:53:10Z,2026-07-26T08:53:10.685512Z,2026-07-26T08:53:10Z,-682.187,685.512,-685.512,-682.187,false
18ab4fae-628b-4285-90ce-cb471ae4cddc,2026-07-26T08:53:10.717969Z,2026-07-26T08:53:10Z,2026-07-26T08:53:10.72352Z,2026-07-26T08:53:10Z,-717.969,723.520,-723.520,-717.969,false
29b7b137-cdc2-499c-aa4b-3bf23de41df6,2026-07-26T08:53:10.751416Z,2026-07-26T08:53:10Z,2026-07-26T08:53:10.754532Z,2026-07-26T08:53:10Z,-751.416,754.532,-754.532,-751.416,false
d012aae0-dd0b-48d0-8dfc-7a3083c53505,2026-07-26T08:53:10.785101Z,2026-07-26T08:53:10Z,2026-07-26T08:53:10.78827Z,2026-07-26T08:53:10Z,-785.101,788.270,-788.270,-785.101,false
c2dfee9a-8b33-46d4-be71-9427c0eb8331,2026-07-26T08:53:10.820059Z,2026-07-26T08:53:10Z,2026-07-26T08:53:10.82292Z,2026-07-26T08:53:10Z,-820.059,822.920,-822.920,-820.059,false
b877c8f7-17c5-4f5a-afac-3c39d38b756c,2026-07-26T08:53:10.854162Z,2026-07-26T08:53:10Z,2026-07-26T08:53:10.859722Z,2026-07-26T08:53:10Z,-854.162,859.722,-859.722,-854.162,false
899b5651-b3b7-4ddf-b628-4e7579213098,2026-07-26T08:53:10.888263Z,2026-07-26T08:53:10Z,2026-07-26T08:53:10.891062Z,2026-07-26T08:53:10Z,-888.263,891.062,-891.062,-888.263,false
68c3071d-6b1e-4f26-bea3-84c6628d2f4f,2026-07-26T08:53:10.921875Z,2026-07-26T08:53:10Z,2026-07-26T08:53:10.924741Z,2026-07-26T08:53:10Z,-921.875,924.741,-924.741,-921.875,false
bbb98e22-a216-430a-9796-0600fcf2f5d4,2026-07-26T08:53:10.956035Z,2026-07-26T08:53:10Z,2026-07-26T08:53:10.959259Z,2026-07-26T08:53:10Z,-956.035,959.259,-959.259,-956.035,false
ff185833-d85d-47aa-88c4-cd6f55d651d3,2026-07-26T08:53:10.991589Z,2026-07-26T08:53:10Z,2026-07-26T08:53:10.994928Z,2026-07-26T08:53:10Z,-991.589,994.928,-994.928,-991.589,false
baaaee6e-03c2-4f46-9702-c744888a9b0a,2026-07-26T08:53:11.025494Z,2026-07-26T08:53:11Z,2026-07-26T08:53:11.029929Z,2026-07-26T08:53:11Z,-25.494,29.929,-29.929,-25.494,false
07cef657-8b86-4f30-bff8-6137947c58c3,2026-07-26T08:53:11.05945Z,2026-07-26T08:53:11Z,2026-07-26T08:53:11.062946Z,2026-07-26T08:53:11Z,-59.450,62.946,-62.946,-59.450,false
6be2517c-dd12-4948-838f-7b4aabd90b63,2026-07-26T08:53:11.094027Z,2026-07-26T08:53:11Z,2026-07-26T08:53:11.097643Z,2026-07-26T08:53:11Z,-94.027,97.643,-97.643,-94.027,false
d442bb4d-2d24-4554-b1c6-df3f4273d7f0,2026-07-26T08:53:11.129397Z,2026-07-26T08:53:11Z,2026-07-26T08:53:11.132142Z,2026-07-26T08:53:11Z,-129.397,132.142,-132.142,-129.397,false
8bea998e-9c50-42a3-b4e3-74e57dc30bac,2026-07-26T08:53:11.164007Z,2026-07-26T08:53:11Z,2026-07-26T08:53:11.166891Z,2026-07-26T08:53:11Z,-164.007,166.891,-166.891,-164.007,false
ce6032f5-82b5-4f28-99ed-9fb5abcad3b5,2026-07-26T08:53:11.197917Z,2026-07-26T08:53:11Z,2026-07-26T08:53:11.200485Z,2026-07-26T08:53:11Z,-197.917,200.485,-200.485,-197.917,false
c9fa0fae-7258-4851-a15e-93d1229dc8c6,2026-07-26T08:53:11.232508Z,2026-07-26T08:53:11Z,2026-07-26T08:53:11.237054Z,2026-07-26T08:53:11Z,-232.508,237.054,-237.054,-232.508,false
eda81619-f752-49a6-ade1-35dd4499f574,2026-07-26T08:53:11.265136Z,2026-07-26T08:53:11Z,2026-07-26T08:53:11.268285Z,2026-07-26T08:53:11Z,-265.136,268.285,-268.285,-265.136,false
34cea643-6f19-4bb0-adca-c0435fb96602,2026-07-26T08:53:11.299228Z,2026-07-26T08:53:11Z,2026-07-26T08:53:11.302181Z,2026-07-26T08:53:11Z,-299.228,302.181,-302.181,-299.228,false
f72a2005-29ea-4bb7-ad1f-9485d287fb59,2026-07-26T08:53:11.338983Z,2026-07-26T08:53:11Z,2026-07-26T08:53:11.344437Z,2026-07-26T08:53:11Z,-338.983,344.437,-344.437,-338.983,false
2ccd0b11-0cc4-47d0-a7d0-5c82baa27a03,2026-07-26T08:53:11.3732Z,2026-07-26T08:53:11Z,2026-07-26T08:53:11.376718Z,2026-07-26T08:53:11Z,-373.200,376.718,-376.718,-373.200,false
2ee2755e-55b6-447a-83d7-9744461f9025,2026-07-26T08:53:11.406551Z,2026-07-26T08:53:11Z,2026-07-26T08:53:11.41084Z,2026-07-26T08:53:11Z,-406.551,410.840,-410.840,-406.551,false
77d8d242-4175-432b-9602-8e29a2b068ff,2026-07-26T08:53:11.440331Z,2026-07-26T08:53:11Z,2026-07-26T08:53:11.443624Z,2026-07-26T08:53:11Z,-440.331,443.624,-443.624,-440.331,false
8eb5a00a-ed28-4c3e-9e94-3c66e76465e9,2026-07-26T08:53:11.474884Z,2026-07-26T08:53:11Z,2026-07-26T08:53:11.478102Z,2026-07-26T08:53:11Z,-474.884,478.102,-478.102,-474.884,false
b108c478-1d2f-407d-bec1-ed4bb6b2758a,2026-07-26T08:53:11.508093Z,2026-07-26T08:53:11Z,2026-07-26T08:53:11.51159Z,2026-07-26T08:53:11Z,-508.093,511.590,-511.590,-508.093,false
58165387-fe67-44cb-a285-2712a32cc587,2026-07-26T08:53:11.542521Z,2026-07-26T08:53:11Z,2026-07-26T08:53:11.546141Z,2026-07-26T08:53:11Z,-542.521,546.141,-546.141,-542.521,false
450470f1-d594-4c27-b741-7be7fb7152f1,2026-07-26T08:53:11.577086Z,2026-07-26T08:53:11Z,2026-07-26T08:53:11.580279Z,2026-07-26T08:53:11Z,-577.086,580.279,-580.279,-577.086,false
4dbe4fc4-c75f-468c-a8ba-f80cec116c35,2026-07-26T08:53:11.611425Z,2026-07-26T08:53:11Z,2026-07-26T08:53:11.614693Z,2026-07-26T08:53:11Z,-611.425,614.693,-614.693,-611.425,false
3bb7df93-c627-423f-a1ec-199b04189675,2026-07-26T08:53:11.647292Z,2026-07-26T08:53:11Z,2026-07-26T08:53:11.650167Z,2026-07-26T08:53:11Z,-647.292,650.167,-650.167,-647.292,false
128dd60c-76cb-4ef5-abf1-73caa4609145,2026-07-26T08:53:11.680833Z,2026-07-26T08:53:11Z,2026-07-26T08:53:11.686665Z,2026-07-26T08:53:11Z,-680.833,686.665,-686.665,-680.833,false
7bd67957-6eda-4cbc-895e-4ae2295fdf5a,2026-07-26T08:53:11.715428Z,2026-07-26T08:53:11Z,2026-07-26T08:53:11.71955Z,2026-07-26T08:53:11Z,-715.428,719.550,-719.550,-715.428,false
6413c787-ad4b-43de-a056-605f77ce876e,2026-07-26T08:53:11.748647Z,2026-07-26T08:53:11Z,2026-07-26T08:53:11.752294Z,2026-07-26T08:53:11Z,-748.647,752.294,-752.294,-748.647,false
567c2525-a5de-4b0e-88fa-ebd16947e69d,2026-07-26T08:53:11.783242Z,2026-07-26T08:53:11Z,2026-07-26T08:53:11.786309Z,2026-07-26T08:53:11Z,-783.242,786.309,-786.309,-783.242,false
6e44b90b-6ca7-4f58-9d8a-af542f832ba8,2026-07-26T08:53:11.81732Z,2026-07-26T08:53:11Z,2026-07-26T08:53:11.820565Z,2026-07-26T08:53:11Z,-817.320,820.565,-820.565,-817.320,false
cb0b32da-32bc-4815-b696-cbb194e5b8a0,2026-07-26T08:53:11.852414Z,2026-07-26T08:53:11Z,2026-07-26T08:53:11.866565Z,2026-07-26T08:53:11Z,-852.414,866.565,-866.565,-852.414,false
565ece34-43e5-439a-bbdd-e6cc7c81b2e6,2026-07-26T08:53:11.886098Z,2026-07-26T08:53:11Z,2026-07-26T08:53:11.888847Z,2026-07-26T08:53:11Z,-886.098,888.847,-888.847,-886.098,false
3de07ae7-fa1b-4996-b640-10ec2432bfd2,2026-07-26T08:53:11.920065Z,2026-07-26T08:53:11Z,2026-07-26T08:53:11.929028Z,2026-07-26T08:53:11Z,-920.065,929.028,-929.028,-920.065,false
22e95ba2-c4b6-485c-9a5c-46ce490eafeb,2026-07-26T08:53:11.955081Z,2026-07-26T08:53:11Z,2026-07-26T08:53:11.958655Z,2026-07-26T08:53:11Z,-955.081,958.655,-958.655,-955.081,false
34ff0135-f3bf-46ba-be4d-ec9386e785c9,2026-07-26T08:53:11.98987Z,2026-07-26T08:53:11Z,2026-07-26T08:53:11.999179Z,2026-07-26T08:53:11Z,-989.870,999.179,-999.179,-989.870,false
24e2765e-0f66-4c0f-8217-861fbfb2fb89,2026-07-26T08:53:12.023178Z,2026-07-26T08:53:12Z,2026-07-26T08:53:12.026824Z,2026-07-26T08:53:12Z,-23.178,26.824,-26.824,-23.178,false
ed03e2c7-8ce4-4917-993e-7bc54cd556df,2026-07-26T08:53:12.0571Z,2026-07-26T08:53:12Z,2026-07-26T08:53:12.060653Z,2026-07-26T08:53:12Z,-57.100,60.653,-60.653,-57.100,false
0bf57a9a-6f48-4a15-83f7-c394caa8644a,2026-07-26T08:53:12.091379Z,2026-07-26T08:53:12Z,2026-07-26T08:53:12.101583Z,2026-07-26T08:53:12Z,-91.379,101.583,-101.583,-91.379,false
a1e40b5c-eb13-49aa-81ac-81e89ff4930f,2026-07-26T08:53:12.127103Z,2026-07-26T08:53:12Z,2026-07-26T08:53:12.135787Z,2026-07-26T08:53:12Z,-127.103,135.787,-135.787,-127.103,false
922df0b6-a2ac-4761-adb6-36db4b885423,2026-07-26T08:53:12.161699Z,2026-07-26T08:53:12Z,2026-07-26T08:53:12.165768Z,2026-07-26T08:53:12Z,-161.699,165.768,-165.768,-161.699,false
18f2f636-8fbb-4bfd-9585-f508849130c8,2026-07-26T08:53:12.194801Z,2026-07-26T08:53:12Z,2026-07-26T08:53:12.197732Z,2026-07-26T08:53:12Z,-194.801,197.732,-197.732,-194.801,false
3e7b0129-641b-421f-94ca-cba886b51df0,2026-07-26T08:53:12.229977Z,2026-07-26T08:53:12Z,2026-07-26T08:53:12.23273Z,2026-07-26T08:53:12Z,-229.977,232.730,-232.730,-229.977,false
59092c26-42fe-428b-bb0d-ae5bcbe932a3,2026-07-26T08:53:12.26434Z,2026-07-26T08:53:12Z,2026-07-26T08:53:12.270027Z,2026-07-26T08:53:12Z,-264.340,270.027,-270.027,-264.340,false
df6d2794-b93b-4bc1-9764-cece954f28c8,2026-07-26T08:53:12.298676Z,2026-07-26T08:53:12Z,2026-07-26T08:53:12.302888Z,2026-07-26T08:53:12Z,-298.676,302.888,-302.888,-298.676,false
22c3758c-8523-47d7-a49c-7035414271b9,2026-07-26T08:53:12.332869Z,2026-07-26T08:53:12Z,2026-07-26T08:53:12.335886Z,2026-07-26T08:53:12Z,-332.869,335.886,-335.886,-332.869,false
cfef9464-1fac-448b-ab51-1d798bebbfea,2026-07-26T08:53:12.366938Z,2026-07-26T08:53:12Z,2026-07-26T08:53:12.37142Z,2026-07-26T08:53:12Z,-366.938,371.420,-371.420,-366.938,false
dc464819-9373-433d-be1c-1b26eb9f7651,2026-07-26T08:53:12.401764Z,2026-07-26T08:53:12Z,2026-07-26T08:53:12.405065Z,2026-07-26T08:53:12Z,-401.764,405.065,-405.065,-401.764,false
4206ec17-a179-4eeb-87ac-3d22aceaab58,2026-07-26T08:53:12.435962Z,2026-07-26T08:53:12Z,2026-07-26T08:53:12.439206Z,2026-07-26T08:53:12Z,-435.962,439.206,-439.206,-435.962,false
2d2aa767-8afb-4e44-8f56-2d4994191529,2026-07-26T08:53:12.470421Z,2026-07-26T08:53:12Z,2026-07-26T08:53:12.474646Z,2026-07-26T08:53:12Z,-470.421,474.646,-474.646,-470.421,false
c1e5426f-3b58-4755-8c5b-89399b8ac2a3,2026-07-26T08:53:12.505218Z,2026-07-26T08:53:12Z,2026-07-26T08:53:12.509095Z,2026-07-26T08:53:12Z,-505.218,509.095,-509.095,-505.218,false
a7934ef6-ed5d-46e7-ba94-04b63ceb9315,2026-07-26T08:53:12.538233Z,2026-07-26T08:53:12Z,2026-07-26T08:53:12.541744Z,2026-07-26T08:53:12Z,-538.233,541.744,-541.744,-538.233,false
00084e3a-d5e0-4519-b454-2c53f1c0dcde,2026-07-26T08:53:12.573234Z,2026-07-26T08:53:12Z,2026-07-26T08:53:12.599272Z,2026-07-26T08:53:12Z,-573.234,599.272,-599.272,-573.234,false
8fe603cc-ab66-4b56-8c4d-d1add9175980,2026-07-26T08:53:12.606914Z,2026-07-26T08:53:12Z,2026-07-26T08:53:12.609192Z,2026-07-26T08:53:12Z,-606.914,609.192,-609.192,-606.914,false
d2eb16f4-77cf-4e71-8435-7bdf8ad0d68f,2026-07-26T08:53:12.641333Z,2026-07-26T08:53:12Z,2026-07-26T08:53:12.643921Z,2026-07-26T08:53:12Z,-641.333,643.921,-643.921,-641.333,false
9145f404-d263-4fc4-a535-39d308c775d9,2026-07-26T08:53:12.676354Z,2026-07-26T08:53:12Z,2026-07-26T08:53:12.678952Z,2026-07-26T08:53:12Z,-676.354,678.952,-678.952,-676.354,false
035f7f49-b5ff-4fc2-a3d9-dfe8f1a13795,2026-07-26T08:53:12.710746Z,2026-07-26T08:53:12Z,2026-07-26T08:53:12.713102Z,2026-07-26T08:53:12Z,-710.746,713.102,-713.102,-710.746,false
61623381-4320-43b0-9014-c94ad851f76f,2026-07-26T08:53:12.744702Z,2026-07-26T08:53:12Z,2026-07-26T08:53:12.748498Z,2026-07-26T08:53:12Z,-744.702,748.498,-748.498,-744.702,false
458a68d7-b211-4423-9b9a-17e2320f17de,2026-07-26T08:53:12.779092Z,2026-07-26T08:53:12Z,2026-07-26T08:53:12.781729Z,2026-07-26T08:53:12Z,-779.092,781.729,-781.729,-779.092,false
5971741e-02c2-4af5-829d-7df7df7b5e7d,2026-07-26T08:53:12.817776Z,2026-07-26T08:53:12Z,2026-07-26T08:53:12.820389Z,2026-07-26T08:53:12Z,-817.776,820.389,-820.389,-817.776,false
2866deb9-ef64-4c5c-b64a-32115370dca7,2026-07-26T08:53:12.855074Z,2026-07-26T08:53:12Z,2026-07-26T08:53:12.859855Z,2026-07-26T08:53:12Z,-855.074,859.855,-859.855,-855.074,false
3873d379-7eaf-43f7-9d96-95edde0b55a7,2026-07-26T08:53:12.891442Z,2026-07-26T08:53:12Z,2026-07-26T08:53:12.896466Z,2026-07-26T08:53:12Z,-891.442,896.466,-896.466,-891.442,false
b45d9c98-2d50-4dab-8df4-5fff37ddce67,2026-07-26T08:53:12.921347Z,2026-07-26T08:53:12Z,2026-07-26T08:53:12.923906Z,2026-07-26T08:53:12Z,-921.347,923.906,-923.906,-921.347,false
86d94cf9-4f86-4b6c-a9a0-c28052967489,2026-07-26T08:53:12.955203Z,2026-07-26T08:53:12Z,2026-07-26T08:53:12.958469Z,2026-07-26T08:53:12Z,-955.203,958.469,-958.469,-955.203,false
55e9ba6f-6c1f-4da1-beab-e7a74ec5af31,2026-07-26T08:53:12.9901Z,2026-07-26T08:53:12Z,2026-07-26T08:53:12.993079Z,2026-07-26T08:53:12Z,-990.100,993.079,-993.079,-990.100,false
f746e077-c999-4c9c-b101-272faac679e9,2026-07-26T08:53:13.024642Z,2026-07-26T08:53:13Z,2026-07-26T08:53:13.027738Z,2026-07-26T08:53:13Z,-24.642,27.738,-27.738,-24.642,false
0aaffff8-21b4-4599-84f1-262c6269b19c,2026-07-26T08:53:13.059681Z,2026-07-26T08:53:13Z,2026-07-26T08:53:13.064577Z,2026-07-26T08:53:13Z,-59.681,64.577,-64.577,-59.681,false
ca1ac2d1-c716-41df-9ad1-a52a2d794647,2026-07-26T08:53:13.091518Z,2026-07-26T08:53:13Z,2026-07-26T08:53:13.094801Z,2026-07-26T08:53:13Z,-91.518,94.801,-94.801,-91.518,false
df25fd6c-d55f-4356-966d-99efca411c48,2026-07-26T08:53:13.126925Z,2026-07-26T08:53:13Z,2026-07-26T08:53:13.130151Z,2026-07-26T08:53:13Z,-126.925,130.151,-130.151,-126.925,false
f6cd3bf9-108f-4ae9-af30-b7169cb0aeb1,2026-07-26T08:53:13.160907Z,2026-07-26T08:53:13Z,2026-07-26T08:53:13.164101Z,2026-07-26T08:53:13Z,-160.907,164.101,-164.101,-160.907,false
3577b8e7-012c-4e4f-ace5-ecc8bcd46397,2026-07-26T08:53:13.195556Z,2026-07-26T08:53:13Z,2026-07-26T08:53:13.198395Z,2026-07-26T08:53:13Z,-195.556,198.395,-198.395,-195.556,false
8066abc7-75c9-4d7c-860f-045e295c2e47,2026-07-26T08:53:13.229691Z,2026-07-26T08:53:13Z,2026-07-26T08:53:13.233839Z,2026-07-26T08:53:13Z,-229.691,233.839,-233.839,-229.691,false
cbe2ddb7-7a80-47a9-8846-4875c3ea074b,2026-07-26T08:53:13.263947Z,2026-07-26T08:53:13Z,2026-07-26T08:53:13.266939Z,2026-07-26T08:53:13Z,-263.947,266.939,-266.939,-263.947,false
a08fc62b-b849-45b8-b7af-f68236248b65,2026-07-26T08:53:13.299314Z,2026-07-26T08:53:13Z,2026-07-26T08:53:13.302481Z,2026-07-26T08:53:13Z,-299.314,302.481,-302.481,-299.314,false
5d562f19-2bea-4f34-bc14-b15be7ad02b9,2026-07-26T08:53:13.334972Z,2026-07-26T08:53:13Z,2026-07-26T08:53:13.342391Z,2026-07-26T08:53:13Z,-334.972,342.391,-342.391,-334.972,false
0985c84f-19d7-44df-a0b7-80ef7352cbbd,2026-07-26T08:53:13.367594Z,2026-07-26T08:53:13Z,2026-07-26T08:53:13.371576Z,2026-07-26T08:53:13Z,-367.594,371.576,-371.576,-367.594,false
2a05c490-b4ae-4fc6-9101-f4f4acd01c3b,2026-07-26T08:53:13.401476Z,2026-07-26T08:53:13Z,2026-07-26T08:53:13.404934Z,2026-07-26T08:53:13Z,-401.476,404.934,-404.934,-401.476,false
724acc26-b999-4f99-b2e0-62b8918573ad,2026-07-26T08:53:13.4362Z,2026-07-26T08:53:13Z,2026-07-26T08:53:13.440067Z,2026-07-26T08:53:13Z,-436.200,440.067,-440.067,-436.200,false
6270a8ce-a256-4d5c-965a-71a2b48b3b41,2026-07-26T08:53:13.470171Z,2026-07-26T08:53:13Z,2026-07-26T08:53:13.474495Z,2026-07-26T08:53:13Z,-470.171,474.495,-474.495,-470.171,false
fdcec97c-3f7f-4192-9462-de64e8785b57,2026-07-26T08:53:13.503465Z,2026-07-26T08:53:13Z,2026-07-26T08:53:13.506823Z,2026-07-26T08:53:13Z,-503.465,506.823,-506.823,-503.465,false
c824d7a2-e230-468b-8a0b-36779b47bf6f,2026-07-26T08:53:13.538438Z,2026-07-26T08:53:13Z,2026-07-26T08:53:13.541609Z,2026-07-26T08:53:13Z,-538.438,541.609,-541.609,-538.438,false
fcab4ddc-6b52-4821-abd3-d0d4461dd36f,2026-07-26T08:53:13.572896Z,2026-07-26T08:53:13Z,2026-07-26T08:53:13.575811Z,2026-07-26T08:53:13Z,-572.896,575.811,-575.811,-572.896,false
0d31033f-69c9-428c-9960-2e6f448e42c3,2026-07-26T08:53:13.607433Z,2026-07-26T08:53:13Z,2026-07-26T08:53:13.610637Z,2026-07-26T08:53:13Z,-607.433,610.637,-610.637,-607.433,false
eab549d6-73f8-4621-befd-57b863ab24f8,2026-07-26T08:53:13.65731Z,2026-07-26T08:53:13Z,2026-07-26T08:53:13.667286Z,2026-07-26T08:53:13Z,-657.310,667.286,-667.286,-657.310,false
ae6e5bc1-9a4a-4947-86f0-6883e548e759,2026-07-26T08:53:13.687021Z,2026-07-26T08:53:13Z,2026-07-26T08:53:13.703827Z,2026-07-26T08:53:13Z,-687.021,703.827,-703.827,-687.021,false
f4b10d3d-8a30-4319-a3e7-4b61878514b7,2026-07-26T08:53:13.72224Z,2026-07-26T08:53:13Z,2026-07-26T08:53:13.734649Z,2026-07-26T08:53:13Z,-722.240,734.649,-734.649,-722.240,false
dafc484a-76ba-49e6-9897-f8fb32b3143b,2026-07-26T08:53:13.7563Z,2026-07-26T08:53:13Z,2026-07-26T08:53:13.781611Z,2026-07-26T08:53:13Z,-756.300,781.611,-781.611,-756.300,false
1de6a619-1864-497e-83a9-57898d50c903,2026-07-26T08:53:13.792605Z,2026-07-26T08:53:13Z,2026-07-26T08:53:13.808498Z,2026-07-26T08:53:13Z,-792.605,808.498,-808.498,-792.605,false
aa4e7de4-a151-4cbc-80ca-74e3c23b0474,2026-07-26T08:53:13.813616Z,2026-07-26T08:53:13Z,2026-07-26T08:53:13.817202Z,2026-07-26T08:53:13Z,-813.616,817.202,-817.202,-813.616,false
7fc1889f-a72b-420d-b96b-a3501a47751a,2026-07-26T08:53:13.846358Z,2026-07-26T08:53:13Z,2026-07-26T08:53:13.85021Z,2026-07-26T08:53:13Z,-846.358,850.210,-850.210,-846.358,false
c98e6f0b-aa23-4c72-812a-7f868f46304a,2026-07-26T08:53:13.880656Z,2026-07-26T08:53:13Z,2026-07-26T08:53:13.883849Z,2026-07-26T08:53:13Z,-880.656,883.849,-883.849,-880.656,false
d0146596-4bd2-455a-a966-33b893d6bafa,2026-07-26T08:53:13.913873Z,2026-07-26T08:53:13Z,2026-07-26T08:53:13.916759Z,2026-07-26T08:53:13Z,-913.873,916.759,-916.759,-913.873,false
d4e20282-997d-4e20-9a68-fdbe14abcf4a,2026-07-26T08:53:13.948583Z,2026-07-26T08:53:13Z,2026-07-26T08:53:13.950967Z,2026-07-26T08:53:13Z,-948.583,950.967,-950.967,-948.583,false
6da72c8c-43db-4095-9cf0-fbe1b60edb00,2026-07-26T08:53:13.982063Z,2026-07-26T08:53:13Z,2026-07-26T08:53:13.985839Z,2026-07-26T08:53:13Z,-982.063,985.839,-985.839,-982.063,false
581a69f3-6b4d-4f84-827f-a2a810340a34,2026-07-26T08:53:14.017902Z,2026-07-26T08:53:14Z,2026-07-26T08:53:14.022042Z,2026-07-26T08:53:14Z,-17.902,22.042,-22.042,-17.902,false
11fb46d3-b3f9-4d86-a3b9-ace71c2aeaf0,2026-07-26T08:53:14.052599Z,2026-07-26T08:53:14Z,2026-07-26T08:53:14.057689Z,2026-07-26T08:53:14Z,-52.599,57.689,-57.689,-52.599,false
a1f59c12-6af7-4be8-9e7f-29811d7b480a,2026-07-26T08:53:14.086822Z,2026-07-26T08:53:14Z,2026-07-26T08:53:14.089686Z,2026-07-26T08:53:14Z,-86.822,89.686,-89.686,-86.822,false
5f3d5ef7-1a27-47a4-b2db-ea890331e1c2,2026-07-26T08:53:14.1221Z,2026-07-26T08:53:14Z,2026-07-26T08:53:14.125116Z,2026-07-26T08:53:14Z,-122.100,125.116,-125.116,-122.100,false
25073f86-b26c-4133-8558-fc4f6e6d3031,2026-07-26T08:53:14.157142Z,2026-07-26T08:53:14Z,2026-07-26T08:53:14.162422Z,2026-07-26T08:53:14Z,-157.142,162.422,-162.422,-157.142,false
927c89bb-8f6f-4977-a6c6-5d3061d3d878,2026-07-26T08:53:14.189376Z,2026-07-26T08:53:14Z,2026-07-26T08:53:14.19376Z,2026-07-26T08:53:14Z,-189.376,193.760,-193.760,-189.376,false
66d7d26e-ec50-493a-b4da-2dae3cec1405,2026-07-26T08:53:14.224119Z,2026-07-26T08:53:14Z,2026-07-26T08:53:14.228441Z,2026-07-26T08:53:14Z,-224.119,228.441,-228.441,-224.119,false
22ae8a52-443a-494d-a9e3-839a5dab13a5,2026-07-26T08:53:14.25834Z,2026-07-26T08:53:14Z,2026-07-26T08:53:14.264777Z,2026-07-26T08:53:14Z,-258.340,264.777,-264.777,-258.340,false
dfce33ee-3520-46d5-98d6-b686f451b842,2026-07-26T08:53:14.292469Z,2026-07-26T08:53:14Z,2026-07-26T08:53:14.296483Z,2026-07-26T08:53:14Z,-292.469,296.483,-296.483,-292.469,false
4ae1df69-b375-4a4d-8699-dc58f001be66,2026-07-26T08:53:14.326217Z,2026-07-26T08:53:14Z,2026-07-26T08:53:14.331959Z,2026-07-26T08:53:14Z,-326.217,331.959,-331.959,-326.217,false
79eacccf-4c62-4d57-a95e-bc5f93849d5c,2026-07-26T08:53:14.359886Z,2026-07-26T08:53:14Z,2026-07-26T08:53:14.362893Z,2026-07-26T08:53:14Z,-359.886,362.893,-362.893,-359.886,false
e6e4ef6f-ccaf-4916-86c2-f620c3af2067,2026-07-26T08:53:14.39464Z,2026-07-26T08:53:14Z,2026-07-26T08:53:14.398401Z,2026-07-26T08:53:14Z,-394.640,398.401,-398.401,-394.640,false
727dfcaa-ccae-4e27-9e84-eb19dec9e57a,2026-07-26T08:53:14.429184Z,2026-07-26T08:53:14Z,2026-07-26T08:53:14.432519Z,2026-07-26T08:53:14Z,-429.184,432.519,-432.519,-429.184,false
40eea552-3473-4e8d-ad0d-dc25b8224ddc,2026-07-26T08:53:14.463272Z,2026-07-26T08:53:14Z,2026-07-26T08:53:14.466842Z,2026-07-26T08:53:14Z,-463.272,466.842,-466.842,-463.272,false
85b91eb8-2a46-4836-b6df-730b7e81b012,2026-07-26T08:53:14.497426Z,2026-07-26T08:53:14Z,2026-07-26T08:53:14.50033Z,2026-07-26T08:53:14Z,-497.426,500.330,-500.330,-497.426,false
6b62c7c8-ba36-41b9-a30f-5df6660625ce,2026-07-26T08:53:14.533188Z,2026-07-26T08:53:14Z,2026-07-26T08:53:14.538812Z,2026-07-26T08:53:14Z,-533.188,538.812,-538.812,-533.188,false
fddcb4bb-8b69-4411-b3ae-c66957b9155b,2026-07-26T08:53:14.567383Z,2026-07-26T08:53:14Z,2026-07-26T08:53:14.572209Z,2026-07-26T08:53:14Z,-567.383,572.209,-572.209,-567.383,false
f4c7ef08-b1ae-4ccb-8c98-4e17c8fb83ff,2026-07-26T08:53:14.60325Z,2026-07-26T08:53:14Z,2026-07-26T08:53:14.608181Z,2026-07-26T08:53:14Z,-603.250,608.181,-608.181,-603.250,false
e361ad97-1664-4757-9500-5e016f938fc4,2026-07-26T08:53:14.636874Z,2026-07-26T08:53:14Z,2026-07-26T08:53:14.658132Z,2026-07-26T08:53:14Z,-636.874,658.132,-658.132,-636.874,false
034cd7b3-6ca3-4887-91aa-b6d2d18b0ecd,2026-07-26T08:53:14.680748Z,2026-07-26T08:53:14Z,2026-07-26T08:53:14.688051Z,2026-07-26T08:53:14Z,-680.748,688.051,-688.051,-680.748,false
0d46dc13-ce5a-4f51-b617-d11931459388,2026-07-26T08:53:14.700374Z,2026-07-26T08:53:14Z,2026-07-26T08:53:14.703547Z,2026-07-26T08:53:14Z,-700.374,703.547,-703.547,-700.374,false
8ae09f25-ba40-4c79-a729-66c9ef4ec7f7,2026-07-26T08:53:14.736599Z,2026-07-26T08:53:14Z,2026-07-26T08:53:14.741251Z,2026-07-26T08:53:14Z,-736.599,741.251,-741.251,-736.599,false
89693f48-e228-4be8-9484-5b109532780f,2026-07-26T08:53:14.770075Z,2026-07-26T08:53:14Z,2026-07-26T08:53:14.772708Z,2026-07-26T08:53:14Z,-770.075,772.708,-772.708,-770.075,false
aae872b3-1015-4d5b-85ba-223f196d2af0,2026-07-26T08:53:14.805539Z,2026-07-26T08:53:14Z,2026-07-26T08:53:14.812369Z,2026-07-26T08:53:14Z,-805.539,812.369,-812.369,-805.539,false
9bebee51-da10-4c5a-b19b-1a946b1f1ee5,2026-07-26T08:53:14.838458Z,2026-07-26T08:53:14Z,2026-07-26T08:53:14.842756Z,2026-07-26T08:53:14Z,-838.458,842.756,-842.756,-838.458,false
ed77739f-887a-4006-9c15-0c5ebbf080b7,2026-07-26T08:53:14.872961Z,2026-07-26T08:53:14Z,2026-07-26T08:53:14.877085Z,2026-07-26T08:53:14Z,-872.961,877.085,-877.085,-872.961,false
e7a17d98-d912-41c4-9106-2ecff1b9a6d7,2026-07-26T08:53:14.910965Z,2026-07-26T08:53:14Z,2026-07-26T08:53:14.964342Z,2026-07-26T08:53:14Z,-910.965,964.342,-964.342,-910.965,false
8209a5b7-1e19-43fa-9700-1b879d426976,2026-07-26T08:53:14.968158Z,2026-07-26T08:53:14Z,2026-07-26T08:53:14.97362Z,2026-07-26T08:53:14Z,-968.158,973.620,-973.620,-968.158,false
d7380883-f830-40e9-b533-7746998173e7,2026-07-26T08:53:14.976856Z,2026-07-26T08:53:14Z,2026-07-26T08:53:14.982851Z,2026-07-26T08:53:14Z,-976.856,982.851,-982.851,-976.856,false
8c67e1fd-4a55-4a2f-95af-194882447e0a,2026-07-26T08:53:15.011868Z,2026-07-26T08:53:15Z,2026-07-26T08:53:15.015495Z,2026-07-26T08:53:15Z,-11.868,15.495,-15.495,-11.868,false
80a91033-5c75-444b-ad5d-f4617f5fad06,2026-07-26T08:53:15.043539Z,2026-07-26T08:53:15Z,2026-07-26T08:53:15.048353Z,2026-07-26T08:53:15Z,-43.539,48.353,-48.353,-43.539,false
6aa36bca-c670-4c93-bbce-50804fc0dc93,2026-07-26T08:53:15.080599Z,2026-07-26T08:53:15Z,2026-07-26T08:53:15.085631Z,2026-07-26T08:53:15Z,-80.599,85.631,-85.631,-80.599,false
188edcef-5b26-4dcf-b7b0-b179a460fedc,2026-07-26T08:53:15.111979Z,2026-07-26T08:53:15Z,2026-07-26T08:53:15.115536Z,2026-07-26T08:53:15Z,-111.979,115.536,-115.536,-111.979,false
933fb4c5-6571-40e0-ab42-1d318b90565b,2026-07-26T08:53:15.145146Z,2026-07-26T08:53:15Z,2026-07-26T08:53:15.149075Z,2026-07-26T08:53:15Z,-145.146,149.075,-149.075,-145.146,false
fc120166-e8b3-4f9b-8213-05a05aa00e70,2026-07-26T08:53:15.179107Z,2026-07-26T08:53:15Z,2026-07-26T08:53:15.182123Z,2026-07-26T08:53:15Z,-179.107,182.123,-182.123,-179.107,false
fe96dd27-edcd-4396-b277-b4c2b37ba082,2026-07-26T08:53:15.21566Z,2026-07-26T08:53:15Z,2026-07-26T08:53:15.219517Z,2026-07-26T08:53:15Z,-215.660,219.517,-219.517,-215.660,false
dcc9df9f-6923-4d56-bac8-e1f47c009e75,2026-07-26T08:53:15.247535Z,2026-07-26T08:53:15Z,2026-07-26T08:53:15.252062Z,2026-07-26T08:53:15Z,-247.535,252.062,-252.062,-247.535,false
af47b30f-f505-465a-9be4-2aae814facce,2026-07-26T08:53:15.282318Z,2026-07-26T08:53:15Z,2026-07-26T08:53:15.286365Z,2026-07-26T08:53:15Z,-282.318,286.365,-286.365,-282.318,false
b5f2e998-7d11-4222-96f8-9b67fa7f7755,2026-07-26T08:53:15.314671Z,2026-07-26T08:53:15Z,2026-07-26T08:53:15.317818Z,2026-07-26T08:53:15Z,-314.671,317.818,-317.818,-314.671,false
540a3bd0-b01c-44be-9efb-b636724895f3,2026-07-26T08:53:15.349504Z,2026-07-26T08:53:15Z,2026-07-26T08:53:15.354398Z,2026-07-26T08:53:15Z,-349.504,354.398,-354.398,-349.504,false
78d42e0c-787c-428c-8a72-1e6a5258c96d,2026-07-26T08:53:15.384094Z,2026-07-26T08:53:15Z,2026-07-26T08:53:15.388256Z,2026-07-26T08:53:15Z,-384.094,388.256,-388.256,-384.094,false
652738a1-5505-474a-94dc-ef6b901f9c1f,2026-07-26T08:53:15.418149Z,2026-07-26T08:53:15Z,2026-07-26T08:53:15.421467Z,2026-07-26T08:53:15Z,-418.149,421.467,-421.467,-418.149,false
5ec31440-5321-4120-8e2f-c453acf62d89,2026-07-26T08:53:15.454972Z,2026-07-26T08:53:15Z,2026-07-26T08:53:15.457628Z,2026-07-26T08:53:15Z,-454.972,457.628,-457.628,-454.972,false
99559b03-4fd3-4ab1-b224-ed1feee71d82,2026-07-26T08:53:15.490037Z,2026-07-26T08:53:15Z,2026-07-26T08:53:15.495085Z,2026-07-26T08:53:15Z,-490.037,495.085,-495.085,-490.037,false
a4b10d0e-c04e-4f42-b0be-d7506eaa7198,2026-07-26T08:53:15.52114Z,2026-07-26T08:53:15Z,2026-07-26T08:53:15.525036Z,2026-07-26T08:53:15Z,-521.140,525.036,-525.036,-521.140,false
1902489a-da6e-47dd-835b-a54d1b767c85,2026-07-26T08:53:15.567306Z,2026-07-26T08:53:15Z,2026-07-26T08:53:15.588496Z,2026-07-26T08:53:15Z,-567.306,588.496,-588.496,-567.306,false
81ac06a9-174c-4ad5-9b39-771330309049,2026-07-26T08:53:15.594143Z,2026-07-26T08:53:15Z,2026-07-26T08:53:15.601504Z,2026-07-26T08:53:15Z,-594.143,601.504,-601.504,-594.143,false
5523883b-91d8-431d-b603-79549025a960,2026-07-26T08:53:15.622386Z,2026-07-26T08:53:15Z,2026-07-26T08:53:15.627276Z,2026-07-26T08:53:15Z,-622.386,627.276,-627.276,-622.386,false
bb3d156b-6c90-44d0-91fa-af3d607ccf33,2026-07-26T08:53:15.657011Z,2026-07-26T08:53:15Z,2026-07-26T08:53:15.660186Z,2026-07-26T08:53:15Z,-657.011,660.186,-660.186,-657.011,false
694f980e-8c74-45c7-b49b-16772bd28165,2026-07-26T08:53:15.690848Z,2026-07-26T08:53:15Z,2026-07-26T08:53:15.694856Z,2026-07-26T08:53:15Z,-690.848,694.856,-694.856,-690.848,false
22ecada5-2dd9-4a0e-887e-b5b0a8d67098,2026-07-26T08:53:15.725108Z,2026-07-26T08:53:15Z,2026-07-26T08:53:15.728367Z,2026-07-26T08:53:15Z,-725.108,728.367,-728.367,-725.108,false
595edc99-1f14-48d3-b368-01049cc25013,2026-07-26T08:53:15.760371Z,2026-07-26T08:53:15Z,2026-07-26T08:53:15.76448Z,2026-07-26T08:53:15Z,-760.371,764.480,-764.480,-760.371,false
9527ccb4-d19d-469e-acce-cdd8206d79ce,2026-07-26T08:53:15.793926Z,2026-07-26T08:53:15Z,2026-07-26T08:53:15.797967Z,2026-07-26T08:53:15Z,-793.926,797.967,-797.967,-793.926,false
9864143e-6b43-4cdf-890d-c84ae9a7f126,2026-07-26T08:53:15.827745Z,2026-07-26T08:53:15Z,2026-07-26T08:53:15.831876Z,2026-07-26T08:53:15Z,-827.745,831.876,-831.876,-827.745,false
461cca8f-4916-4824-a5b2-1141e6dbb570,2026-07-26T08:53:15.863498Z,2026-07-26T08:53:15Z,2026-07-26T08:53:15.866844Z,2026-07-26T08:53:15Z,-863.498,866.844,-866.844,-863.498,false
b8f28407-0143-4e22-abf7-4c2272b2a842,2026-07-26T08:53:15.897559Z,2026-07-26T08:53:15Z,2026-07-26T08:53:15.907744Z,2026-07-26T08:53:15Z,-897.559,907.744,-907.744,-897.559,false
92baf1af-be9e-4103-ad95-e0c82714950c,2026-07-26T08:53:15.932238Z,2026-07-26T08:53:15Z,2026-07-26T08:53:15.936651Z,2026-07-26T08:53:15Z,-932.238,936.651,-936.651,-932.238,false
50fe2565-435a-4923-a668-5d4c65a888db,2026-07-26T08:53:15.965339Z,2026-07-26T08:53:15Z,2026-07-26T08:53:15.970757Z,2026-07-26T08:53:15Z,-965.339,970.757,-970.757,-965.339,false
5b3e67cd-5916-4ee8-8410-a23f144965ca,2026-07-26T08:53:16.002389Z,2026-07-26T08:53:16Z,2026-07-26T08:53:16.00726Z,2026-07-26T08:53:16Z,-2.389,7.260,-7.260,-2.389,false
36a61e32-70fa-4537-8983-f4c1f3713053,2026-07-26T08:53:16.04155Z,2026-07-26T08:53:16Z,2026-07-26T08:53:16.048027Z,2026-07-26T08:53:16Z,-41.550,48.027,-48.027,-41.550,false
37b726c6-cb6b-430c-9041-51244e98a8d7,2026-07-26T08:53:16.068314Z,2026-07-26T08:53:16Z,2026-07-26T08:53:16.07176Z,2026-07-26T08:53:16Z,-68.314,71.760,-71.760,-68.314,false
d5046a99-da49-42a1-acb0-0ba2914e26a8,2026-07-26T08:53:16.103313Z,2026-07-26T08:53:16Z,2026-07-26T08:53:16.107285Z,2026-07-26T08:53:16Z,-103.313,107.285,-107.285,-103.313,false
f9e50770-c0bc-49f9-8cb6-fa4b3aeea857,2026-07-26T08:53:16.137834Z,2026-07-26T08:53:16Z,2026-07-26T08:53:16.141251Z,2026-07-26T08:53:16Z,-137.834,141.251,-141.251,-137.834,false
5c8fd07a-79b9-4caf-b2a2-ab9e31760898,2026-07-26T08:53:16.170842Z,2026-07-26T08:53:16Z,2026-07-26T08:53:16.173911Z,2026-07-26T08:53:16Z,-170.842,173.911,-173.911,-170.842,false
82a2b313-ad03-4410-892a-83cc179c2c98,2026-07-26T08:53:16.206906Z,2026-07-26T08:53:16Z,2026-07-26T08:53:16.210866Z,2026-07-26T08:53:16Z,-206.906,210.866,-210.866,-206.906,false
f0e099f4-2110-4d24-a977-9477bdad2eef,2026-07-26T08:53:16.240073Z,2026-07-26T08:53:16Z,2026-07-26T08:53:16.243943Z,2026-07-26T08:53:16Z,-240.073,243.943,-243.943,-240.073,false
507a6af5-913b-4b02-a9be-86e420d34d21,2026-07-26T08:53:16.275096Z,2026-07-26T08:53:16Z,2026-07-26T08:53:16.279343Z,2026-07-26T08:53:16Z,-275.096,279.343,-279.343,-275.096,false
ef7a55a0-f81c-4eba-bf91-490379a3b556,2026-07-26T08:53:16.30916Z,2026-07-26T08:53:16Z,2026-07-26T08:53:16.312001Z,2026-07-26T08:53:16Z,-309.160,312.001,-312.001,-309.160,false
f2bf21fc-c099-4388-8671-a34849feccbd,2026-07-26T08:53:16.343133Z,2026-07-26T08:53:16Z,2026-07-26T08:53:16.348341Z,2026-07-26T08:53:16Z,-343.133,348.341,-348.341,-343.133,false
102ec98c-0ebb-47a0-aee3-8c02ddf7c671,2026-07-26T08:53:16.378637Z,2026-07-26T08:53:16Z,2026-07-26T08:53:16.383517Z,2026-07-26T08:53:16Z,-378.637,383.517,-383.517,-378.637,false
e7a3b769-2c57-4d72-8b7b-db7adba30333,2026-07-26T08:53:16.412545Z,2026-07-26T08:53:16Z,2026-07-26T08:53:16.416366Z,2026-07-26T08:53:16Z,-412.545,416.366,-416.366,-412.545,false
0b4509f9-96b1-423f-b2b6-134b4077da02,2026-07-26T08:53:16.446616Z,2026-07-26T08:53:16Z,2026-07-26T08:53:16.450774Z,2026-07-26T08:53:16Z,-446.616,450.774,-450.774,-446.616,false
d56dbb66-6f64-4b80-9698-5fc81f730149,2026-07-26T08:53:16.483321Z,2026-07-26T08:53:16Z,2026-07-26T08:53:16.489422Z,2026-07-26T08:53:16Z,-483.321,489.422,-489.422,-483.321,false
a5611566-a787-4283-ae3d-67520502e5e9,2026-07-26T08:53:16.515373Z,2026-07-26T08:53:16Z,2026-07-26T08:53:16.51851Z,2026-07-26T08:53:16Z,-515.373,518.510,-518.510,-515.373,false
05312380-d227-46db-8cb8-c1fee9a9015c,2026-07-26T08:53:16.550824Z,2026-07-26T08:53:16Z,2026-07-26T08:53:16.555978Z,2026-07-26T08:53:16Z,-550.824,555.978,-555.978,-550.824,false
a5d617b2-ff32-43eb-961e-4fa8e16af998,2026-07-26T08:53:16.583962Z,2026-07-26T08:53:16Z,2026-07-26T08:53:16.587725Z,2026-07-26T08:53:16Z,-583.962,587.725,-587.725,-583.962,false
1e35ac02-6521-4b68-bc5a-999d0fadf8b5,2026-07-26T08:53:16.618725Z,2026-07-26T08:53:16Z,2026-07-26T08:53:16.628076Z,2026-07-26T08:53:16Z,-618.725,628.076,-628.076,-618.725,false
8d4d3897-01a2-455b-a830-558a82f3d9bc,2026-07-26T08:53:16.654483Z,2026-07-26T08:53:16Z,2026-07-26T08:53:16.663533Z,2026-07-26T08:53:16Z,-654.483,663.533,-663.533,-654.483,false
bb59e004-d03c-43f0-b363-8f85b37851db,2026-07-26T08:53:16.688434Z,2026-07-26T08:53:16Z,2026-07-26T08:53:16.693293Z,2026-07-26T08:53:16Z,-688.434,693.293,-693.293,-688.434,false
a07114cd-d0e9-4e45-bdb6-2097d99dec38,2026-07-26T08:53:16.721364Z,2026-07-26T08:53:16Z,2026-07-26T08:53:16.724855Z,2026-07-26T08:53:16Z,-721.364,724.855,-724.855,-721.364,false
ae93703c-a87b-46f4-9303-d9ec34d779ff,2026-07-26T08:53:16.755213Z,2026-07-26T08:53:16Z,2026-07-26T08:53:16.758653Z,2026-07-26T08:53:16Z,-755.213,758.653,-758.653,-755.213,false
d05af431-532d-49a2-9a59-71c5ca0455be,2026-07-26T08:53:16.78963Z,2026-07-26T08:53:16Z,2026-07-26T08:53:16.793875Z,2026-07-26T08:53:16Z,-789.630,793.875,-793.875,-789.630,false
ec761dad-62f8-4eef-8da2-38a45b560c4d,2026-07-26T08:53:16.824962Z,2026-07-26T08:53:16Z,2026-07-26T08:53:16.829484Z,2026-07-26T08:53:16Z,-824.962,829.484,-829.484,-824.962,false
fcd94755-4402-46ff-8d6d-827273f382fe,2026-07-26T08:53:16.858041Z,2026-07-26T08:53:16Z,2026-07-26T08:53:16.862975Z,2026-07-26T08:53:16Z,-858.041,862.975,-862.975,-858.041,false
227d7dbf-6ce4-4f14-8039-5994115fb44b,2026-07-26T08:53:16.892233Z,2026-07-26T08:53:16Z,2026-07-26T08:53:16.929198Z,2026-07-26T08:53:16Z,-892.233,929.198,-929.198,-892.233,false
fa368207-550b-4369-bca6-6a3f245aab3b,2026-07-26T08:53:16.931894Z,2026-07-26T08:53:16Z,2026-07-26T08:53:16.937272Z,2026-07-26T08:53:16Z,-931.894,937.272,-937.272,-931.894,false
e34b8b0b-6608-42d8-83b4-12d8d0b4d262,2026-07-26T08:53:16.961675Z,2026-07-26T08:53:16Z,2026-07-26T08:53:16.964742Z,2026-07-26T08:53:16Z,-961.675,964.742,-964.742,-961.675,false
790076ae-e846-413a-bb23-953c0f3083fc,2026-07-26T08:53:16.995191Z,2026-07-26T08:53:16Z,2026-07-26T08:53:16.998664Z,2026-07-26T08:53:16Z,-995.191,998.664,-998.664,-995.191,false
1ccf708b-ea3d-46a8-983e-3818796ecc6d,2026-07-26T08:53:17.031285Z,2026-07-26T08:53:17Z,2026-07-26T08:53:17.033818Z,2026-07-26T08:53:17Z,-31.285,33.818,-33.818,-31.285,false
6a885c25-1470-4395-9ad0-db754e1d9579,2026-07-26T08:53:17.067372Z,2026-07-26T08:53:17Z,2026-07-26T08:53:17.073322Z,2026-07-26T08:53:17Z,-67.372,73.322,-73.322,-67.372,false
f8b00734-c280-490d-822e-df425abb1ac9,2026-07-26T08:53:17.096856Z,2026-07-26T08:53:17Z,2026-07-26T08:53:17.099303Z,2026-07-26T08:53:17Z,-96.856,99.303,-99.303,-96.856,false
2a136666-cd15-4ade-b13d-fbcb3e242614,2026-07-26T08:53:17.130341Z,2026-07-26T08:53:17Z,2026-07-26T08:53:17.133644Z,2026-07-26T08:53:17Z,-130.341,133.644,-133.644,-130.341,false
1b7ce37c-ed3d-4226-961c-691df34b8424,2026-07-26T08:53:17.16579Z,2026-07-26T08:53:17Z,2026-07-26T08:53:17.17044Z,2026-07-26T08:53:17Z,-165.790,170.440,-170.440,-165.790,false
d47b4d22-95c8-4d42-b810-893e41f527ef,2026-07-26T08:53:17.200017Z,2026-07-26T08:53:17Z,2026-07-26T08:53:17.206596Z,2026-07-26T08:53:17Z,-200.017,206.596,-206.596,-200.017,false
cf6770cf-3819-4048-a19f-bc15c747a4b0,2026-07-26T08:53:17.237588Z,2026-07-26T08:53:17Z,2026-07-26T08:53:17.241153Z,2026-07-26T08:53:17Z,-237.588,241.153,-241.153,-237.588,false
83c8f94d-241a-47bc-a2da-ebf90e96eed0,2026-07-26T08:53:17.267858Z,2026-07-26T08:53:17Z,2026-07-26T08:53:17.270787Z,2026-07-26T08:53:17Z,-267.858,270.787,-270.787,-267.858,false
62747e52-032e-4fa0-afc7-3329c8736979,2026-07-26T08:53:17.30204Z,2026-07-26T08:53:17Z,2026-07-26T08:53:17.307227Z,2026-07-26T08:53:17Z,-302.040,307.227,-307.227,-302.040,false
ed795e63-41c2-400d-ba7c-5d8b93975cec,2026-07-26T08:53:17.335712Z,2026-07-26T08:53:17Z,2026-07-26T08:53:17.338678Z,2026-07-26T08:53:17Z,-335.712,338.678,-338.678,-335.712,false
c0a61f5c-397d-4354-8ea0-bd5a52b5e1b8,2026-07-26T08:53:17.372276Z,2026-07-26T08:53:17Z,2026-07-26T08:53:17.37688Z,2026-07-26T08:53:17Z,-372.276,376.880,-376.880,-372.276,false
d2f107cd-d193-4814-b364-87d4ae68642c,2026-07-26T08:53:17.404708Z,2026-07-26T08:53:17Z,2026-07-26T08:53:17.408564Z,2026-07-26T08:53:17Z,-404.708,408.564,-408.564,-404.708,false
8a79908b-3135-487c-abf0-4f31953c10c8,2026-07-26T08:53:17.443139Z,2026-07-26T08:53:17Z,2026-07-26T08:53:17.447007Z,2026-07-26T08:53:17Z,-443.139,447.007,-447.007,-443.139,false
87294310-3ea4-4cab-ba18-28d4b870abbc,2026-07-26T08:53:17.474475Z,2026-07-26T08:53:17Z,2026-07-26T08:53:17.478002Z,2026-07-26T08:53:17Z,-474.475,478.002,-478.002,-474.475,false
f2f9a459-0e90-442c-b208-6a555365bfbf,2026-07-26T08:53:17.509014Z,2026-07-26T08:53:17Z,2026-07-26T08:53:17.512116Z,2026-07-26T08:53:17Z,-509.014,512.116,-512.116,-509.014,false
edfbdbcf-d26a-4447-a76f-1851caee695f,2026-07-26T08:53:17.546186Z,2026-07-26T08:53:17Z,2026-07-26T08:53:17.550473Z,2026-07-26T08:53:17Z,-546.186,550.473,-550.473,-546.186,false
dff07825-1a7f-4814-bd39-bc9c810e7204,2026-07-26T08:53:17.576078Z,2026-07-26T08:53:17Z,2026-07-26T08:53:17.579512Z,2026-07-26T08:53:17Z,-576.078,579.512,-579.512,-576.078,false
4f6aa92d-4ea0-4ab0-b814-6bd2cd282c00,2026-07-26T08:53:17.608865Z,2026-07-26T08:53:17Z,2026-07-26T08:53:17.614009Z,2026-07-26T08:53:17Z,-608.865,614.009,-614.009,-608.865,false
0c31f87f-f49d-47e1-83b5-35f0645523f7,2026-07-26T08:53:17.642495Z,2026-07-26T08:53:17Z,2026-07-26T08:53:17.646545Z,2026-07-26T08:53:17Z,-642.495,646.545,-646.545,-642.495,false
b6985489-4ffb-4c72-9347-95e53c4d30eb,2026-07-26T08:53:17.676711Z,2026-07-26T08:53:17Z,2026-07-26T08:53:17.679926Z,2026-07-26T08:53:17Z,-676.711,679.926,-679.926,-676.711,false
aabe52fb-8895-470f-ae54-a1844c74cf59,2026-07-26T08:53:17.711261Z,2026-07-26T08:53:17Z,2026-07-26T08:53:17.716608Z,2026-07-26T08:53:17Z,-711.261,716.608,-716.608,-711.261,false
c57f6842-fc60-48c6-ae19-f72217aba7cf,2026-07-26T08:53:17.745731Z,2026-07-26T08:53:17Z,2026-07-26T08:53:17.750528Z,2026-07-26T08:53:17Z,-745.731,750.528,-750.528,-745.731,false
a937cf7c-29e3-41ba-a44e-94adba19861e,2026-07-26T08:53:17.779187Z,2026-07-26T08:53:17Z,2026-07-26T08:53:17.782747Z,2026-07-26T08:53:17Z,-779.187,782.747,-782.747,-779.187,false
b8390a12-072b-4150-a1f4-cefd2554017d,2026-07-26T08:53:17.813509Z,2026-07-26T08:53:17Z,2026-07-26T08:53:17.817023Z,2026-07-26T08:53:17Z,-813.509,817.023,-817.023,-813.509,false
b6bda8ec-4022-42b5-87b7-bc8e1933eef1,2026-07-26T08:53:17.847753Z,2026-07-26T08:53:17Z,2026-07-26T08:53:17.851655Z,2026-07-26T08:53:17Z,-847.753,851.655,-851.655,-847.753,false
91560a94-4aba-4ad7-aa91-16d9367bfd03,2026-07-26T08:53:17.882209Z,2026-07-26T08:53:17Z,2026-07-26T08:53:17.885809Z,2026-07-26T08:53:17Z,-882.209,885.809,-885.809,-882.209,false
c8352367-fe9e-404d-ad93-59d3c3c0380a,2026-07-26T08:53:17.91675Z,2026-07-26T08:53:17Z,2026-07-26T08:53:17.920297Z,2026-07-26T08:53:17Z,-916.750,920.297,-920.297,-916.750,false
8ca9e187-4ee2-4295-9fe4-3751d9ad9443,2026-07-26T08:53:17.95094Z,2026-07-26T08:53:17Z,2026-07-26T08:53:17.954874Z,2026-07-26T08:53:17Z,-950.940,954.874,-954.874,-950.940,false
141c9a7c-ab24-4eb6-820b-94f34bee34e9,2026-07-26T08:53:17.985923Z,2026-07-26T08:53:17Z,2026-07-26T08:53:17.989185Z,2026-07-26T08:53:17Z,-985.923,989.185,-989.185,-985.923,false
4ef4ec7a-ce12-408c-9bce-7a0e297b7063,2026-07-26T08:53:18.020219Z,2026-07-26T08:53:18Z,2026-07-26T08:53:18.024138Z,2026-07-26T08:53:18Z,-20.219,24.138,-24.138,-20.219,false
dea5a1a7-9364-4008-a03e-eb541dab660a,2026-07-26T08:53:18.053132Z,2026-07-26T08:53:18Z,2026-07-26T08:53:18.056072Z,2026-07-26T08:53:18Z,-53.132,56.072,-56.072,-53.132,false
3dd6809f-e68c-40ff-8f08-bc23c96554ba,2026-07-26T08:53:18.087201Z,2026-07-26T08:53:18Z,2026-07-26T08:53:18.090101Z,2026-07-26T08:53:18Z,-87.201,90.101,-90.101,-87.201,false
e74ddb99-3cda-4bcb-a9f5-96249e0404ff,2026-07-26T08:53:18.123464Z,2026-07-26T08:53:18Z,2026-07-26T08:53:18.127667Z,2026-07-26T08:53:18Z,-123.464,127.667,-127.667,-123.464,false
50fb8f1f-a8b5-4c3c-8cc3-f3c112361799,2026-07-26T08:53:18.156126Z,2026-07-26T08:53:18Z,2026-07-26T08:53:18.158681Z,2026-07-26T08:53:18Z,-156.126,158.681,-158.681,-156.126,false
2647ca67-8626-4a90-a4eb-36f596fee51b,2026-07-26T08:53:18.190817Z,2026-07-26T08:53:18Z,2026-07-26T08:53:18.193486Z,2026-07-26T08:53:18Z,-190.817,193.486,-193.486,-190.817,false
52e8b3ce-159e-409b-a7b5-57d21688fca6,2026-07-26T08:53:18.225185Z,2026-07-26T08:53:18Z,2026-07-26T08:53:18.228879Z,2026-07-26T08:53:18Z,-225.185,228.879,-228.879,-225.185,false
a4759621-cb99-47b0-9f6c-f776e04449fc,2026-07-26T08:53:18.25963Z,2026-07-26T08:53:18Z,2026-07-26T08:53:18.263917Z,2026-07-26T08:53:18Z,-259.630,263.917,-263.917,-259.630,false
4f822d3a-f9b8-4ff7-a842-d6502b50157a,2026-07-26T08:53:18.293177Z,2026-07-26T08:53:18Z,2026-07-26T08:53:18.296161Z,2026-07-26T08:53:18Z,-293.177,296.161,-296.161,-293.177,false
5619c26a-0136-4ac8-a2da-cb60c75489f8,2026-07-26T08:53:18.3276Z,2026-07-26T08:53:18Z,2026-07-26T08:53:18.330161Z,2026-07-26T08:53:18Z,-327.600,330.161,-330.161,-327.600,false
a0a3bcda-f63f-4ca6-892d-6950ddcd0b4c,2026-07-26T08:53:18.362337Z,2026-07-26T08:53:18Z,2026-07-26T08:53:18.365438Z,2026-07-26T08:53:18Z,-362.337,365.438,-365.438,-362.337,false
7ebdac2e-4ed4-40d0-872f-eb5c26df7ea8,2026-07-26T08:53:18.396875Z,2026-07-26T08:53:18Z,2026-07-26T08:53:18.404775Z,2026-07-26T08:53:18Z,-396.875,404.775,-404.775,-396.875,false
51ac95c9-41df-47be-886f-94fe08f75ed6,2026-07-26T08:53:18.43098Z,2026-07-26T08:53:18Z,2026-07-26T08:53:18.434123Z,2026-07-26T08:53:18Z,-430.980,434.123,-434.123,-430.980,false
a5f20331-32ee-4648-84f3-10ad5578c97b,2026-07-26T08:53:18.46563Z,2026-07-26T08:53:18Z,2026-07-26T08:53:18.468362Z,2026-07-26T08:53:18Z,-465.630,468.362,-468.362,-465.630,false
25fce435-2a3a-4bcd-8674-ef0e1a567a3a,2026-07-26T08:53:18.499105Z,2026-07-26T08:53:18Z,2026-07-26T08:53:18.503061Z,2026-07-26T08:53:18Z,-499.105,503.061,-503.061,-499.105,false
31fed9d9-672d-4af9-8b1b-c7b72b250778,2026-07-26T08:53:18.533745Z,2026-07-26T08:53:18Z,2026-07-26T08:53:18.536793Z,2026-07-26T08:53:18Z,-533.745,536.793,-536.793,-533.745,false
beb54f51-3625-4d37-a08c-b5e2c393535d,2026-07-26T08:53:18.567483Z,2026-07-26T08:53:18Z,2026-07-26T08:53:18.571599Z,2026-07-26T08:53:18Z,-567.483,571.599,-571.599,-567.483,false
f6aa334b-3763-45fc-958c-8c3d1b8030c0,2026-07-26T08:53:18.6008Z,2026-07-26T08:53:18Z,2026-07-26T08:53:18.604954Z,2026-07-26T08:53:18Z,-600.800,604.954,-604.954,-600.800,false
ffce50f8-7cb3-4a13-ae6d-0f08d2f2c21d,2026-07-26T08:53:18.635302Z,2026-07-26T08:53:18Z,2026-07-26T08:53:18.641788Z,2026-07-26T08:53:18Z,-635.302,641.788,-641.788,-635.302,false
23257d8d-d9d5-41f7-bfa4-d0db00e95bf5,2026-07-26T08:53:18.670717Z,2026-07-26T08:53:18Z,2026-07-26T08:53:18.6744Z,2026-07-26T08:53:18Z,-670.717,674.400,-674.400,-670.717,false
a2bb38bc-9854-4ca3-b06c-f05e17f1ff6a,2026-07-26T08:53:18.704356Z,2026-07-26T08:53:18Z,2026-07-26T08:53:18.706927Z,2026-07-26T08:53:18Z,-704.356,706.927,-706.927,-704.356,false
f39a4c6b-28c6-44ff-85df-23b2ed51ec71,2026-07-26T08:53:18.738328Z,2026-07-26T08:53:18Z,2026-07-26T08:53:18.741755Z,2026-07-26T08:53:18Z,-738.328,741.755,-741.755,-738.328,false
24b88d68-8cbe-42b4-a421-41b23105b850,2026-07-26T08:53:18.775725Z,2026-07-26T08:53:18Z,2026-07-26T08:53:18.779298Z,2026-07-26T08:53:18Z,-775.725,779.298,-779.298,-775.725,false
2c7c4a51-d091-4590-9ed1-f6bb7f55fe12,2026-07-26T08:53:18.809483Z,2026-07-26T08:53:18Z,2026-07-26T08:53:18.814273Z,2026-07-26T08:53:18Z,-809.483,814.273,-814.273,-809.483,false
e86bae9c-b58e-4ce0-b4fa-930ccb77dd82,2026-07-26T08:53:18.847611Z,2026-07-26T08:53:18Z,2026-07-26T08:53:18.852567Z,2026-07-26T08:53:18Z,-847.611,852.567,-852.567,-847.611,false
830b947b-f000-42c6-a3a3-e0b0fc0bd52f,2026-07-26T08:53:18.875265Z,2026-07-26T08:53:18Z,2026-07-26T08:53:18.878921Z,2026-07-26T08:53:18Z,-875.265,878.921,-878.921,-875.265,false
5c471f38-99cf-4fc1-a978-3e3fc09caba7,2026-07-26T08:53:18.910336Z,2026-07-26T08:53:18Z,2026-07-26T08:53:18.914724Z,2026-07-26T08:53:18Z,-910.336,914.724,-914.724,-910.336,false
25d29ae4-8188-45fb-bd40-a889d797a726,2026-07-26T08:53:18.943666Z,2026-07-26T08:53:18Z,2026-07-26T08:53:18.94684Z,2026-07-26T08:53:18Z,-943.666,946.840,-946.840,-943.666,false
a53fcbe5-301b-40c4-bfc3-4da840927392,2026-07-26T08:53:18.979521Z,2026-07-26T08:53:18Z,2026-07-26T08:53:18.982912Z,2026-07-26T08:53:18Z,-979.521,982.912,-982.912,-979.521,false
c58840af-4219-47d0-bef2-cdf7605c6942,2026-07-26T08:53:19.013796Z,2026-07-26T08:53:19Z,2026-07-26T08:53:19.018779Z,2026-07-26T08:53:19Z,-13.796,18.779,-18.779,-13.796,false
53eb3c63-976a-4744-ba84-481764c0441b,2026-07-26T08:53:19.047659Z,2026-07-26T08:53:19Z,2026-07-26T08:53:19.051383Z,2026-07-26T08:53:19Z,-47.659,51.383,-51.383,-47.659,false
25fb42b3-fb25-4071-9720-7dddbb7f22ce,2026-07-26T08:53:19.080616Z,2026-07-26T08:53:19Z,2026-07-26T08:53:19.100072Z,2026-07-26T08:53:19Z,-80.616,100.072,-100.072,-80.616,false
9a0c1bdc-a487-4e60-83b6-654c9f5b7ad8,2026-07-26T08:53:19.115948Z,2026-07-26T08:53:19Z,2026-07-26T08:53:19.118858Z,2026-07-26T08:53:19Z,-115.948,118.858,-118.858,-115.948,false
192fb9b4-8b7b-4fb6-ba12-1413da2ef64c,2026-07-26T08:53:19.151591Z,2026-07-26T08:53:19Z,2026-07-26T08:53:19.155383Z,2026-07-26T08:53:19Z,-151.591,155.383,-155.383,-151.591,false
d4230332-4656-4998-8080-52361b97b33d,2026-07-26T08:53:19.184615Z,2026-07-26T08:53:19Z,2026-07-26T08:53:19.186723Z,2026-07-26T08:53:19Z,-184.615,186.723,-186.723,-184.615,false
e11b244c-189e-40cb-b917-6d291133a84b,2026-07-26T08:53:19.218489Z,2026-07-26T08:53:19Z,2026-07-26T08:53:19.221229Z,2026-07-26T08:53:19Z,-218.489,221.229,-221.229,-218.489,false
b0f053f7-1c23-491c-9d49-38761cbb88ac,2026-07-26T08:53:19.253266Z,2026-07-26T08:53:19Z,2026-07-26T08:53:19.255911Z,2026-07-26T08:53:19Z,-253.266,255.911,-255.911,-253.266,false
e33b8b26-8547-4f5f-9817-0f9fdc6a69cb,2026-07-26T08:53:19.290076Z,2026-07-26T08:53:19Z,2026-07-26T08:53:19.293874Z,2026-07-26T08:53:19Z,-290.076,293.874,-293.874,-290.076,false
565157d7-3068-4790-a9ff-6c36b9a9260a,2026-07-26T08:53:19.322677Z,2026-07-26T08:53:19Z,2026-07-26T08:53:19.325382Z,2026-07-26T08:53:19Z,-322.677,325.382,-325.382,-322.677,false
547c5714-6496-4f27-ae7c-f3ce9d647fa0,2026-07-26T08:53:19.357933Z,2026-07-26T08:53:19Z,2026-07-26T08:53:19.362404Z,2026-07-26T08:53:19Z,-357.933,362.404,-362.404,-357.933,false
d984ce23-d50c-4d72-ad14-1e091cd35c46,2026-07-26T08:53:19.391078Z,2026-07-26T08:53:19Z,2026-07-26T08:53:19.394487Z,2026-07-26T08:53:19Z,-391.078,394.487,-394.487,-391.078,false
fbbb1795-22db-4039-bcf9-f0b0becf0361,2026-07-26T08:53:19.42415Z,2026-07-26T08:53:19Z,2026-07-26T08:53:19.42973Z,2026-07-26T08:53:19Z,-424.150,429.730,-429.730,-424.150,false
62f7f0e2-5d60-4274-9887-a61e993c81b3,2026-07-26T08:53:19.460154Z,2026-07-26T08:53:19Z,2026-07-26T08:53:19.46414Z,2026-07-26T08:53:19Z,-460.154,464.140,-464.140,-460.154,false
58b30a9b-38fa-4df8-a9f3-94ba2a4010a8,2026-07-26T08:53:19.492337Z,2026-07-26T08:53:19Z,2026-07-26T08:53:19.495757Z,2026-07-26T08:53:19Z,-492.337,495.757,-495.757,-492.337,false
4144ffab-db95-485b-a0be-cd07e47ab076,2026-07-26T08:53:19.527435Z,2026-07-26T08:53:19Z,2026-07-26T08:53:19.53161Z,2026-07-26T08:53:19Z,-527.435,531.610,-531.610,-527.435,false
e9bbc7ce-e0db-4065-9ab2-25e05f470e9c,2026-07-26T08:53:19.561327Z,2026-07-26T08:53:19Z,2026-07-26T08:53:19.564935Z,2026-07-26T08:53:19Z,-561.327,564.935,-564.935,-561.327,false
21d4e13a-f238-4a29-9ccd-cc0f54eb7f67,2026-07-26T08:53:19.59632Z,2026-07-26T08:53:19Z,2026-07-26T08:53:19.599618Z,2026-07-26T08:53:19Z,-596.320,599.618,-599.618,-596.320,false
2b690fdf-615a-4864-854d-bdf889ddf008,2026-07-26T08:53:19.63003Z,2026-07-26T08:53:19Z,2026-07-26T08:53:19.63405Z,2026-07-26T08:53:19Z,-630.030,634.050,-634.050,-630.030,false
1d6cc62c-e907-4ac0-b15d-5408bdae3f72,2026-07-26T08:53:19.663518Z,2026-07-26T08:53:19Z,2026-07-26T08:53:19.667002Z,2026-07-26T08:53:19Z,-663.518,667.002,-667.002,-663.518,false
d8a0fe97-4a93-4a55-abd2-6ea95489a2fc,2026-07-26T08:53:19.699113Z,2026-07-26T08:53:19Z,2026-07-26T08:53:19.702393Z,2026-07-26T08:53:19Z,-699.113,702.393,-702.393,-699.113,false
54b34a5c-3345-4706-823b-76122d784b62,2026-07-26T08:53:19.73258Z,2026-07-26T08:53:19Z,2026-07-26T08:53:19.736325Z,2026-07-26T08:53:19Z,-732.580,736.325,-736.325,-732.580,false
a56535cb-1407-4949-ab49-97c426f5260a,2026-07-26T08:53:19.767088Z,2026-07-26T08:53:19Z,2026-07-26T08:53:19.770877Z,2026-07-26T08:53:19Z,-767.088,770.877,-770.877,-767.088,false
c8e848f6-996f-4804-a8c7-6aa682966a1f,2026-07-26T08:53:19.80037Z,2026-07-26T08:53:19Z,2026-07-26T08:53:19.805875Z,2026-07-26T08:53:19Z,-800.370,805.875,-805.875,-800.370,false
5ebf2f0a-b24b-4920-9e47-07a5a8689ebf,2026-07-26T08:53:19.834935Z,2026-07-26T08:53:19Z,2026-07-26T08:53:19.839171Z,2026-07-26T08:53:19Z,-834.935,839.171,-839.171,-834.935,false
71b0dfff-cbbf-4d39-9b30-b7355500e5a6,2026-07-26T08:53:19.86907Z,2026-07-26T08:53:19Z,2026-07-26T08:53:19.872286Z,2026-07-26T08:53:19Z,-869.070,872.286,-872.286,-869.070,false
f7b47a49-ef96-4639-bb87-998e8c0c7ed8,2026-07-26T08:53:19.903415Z,2026-07-26T08:53:19Z,2026-07-26T08:53:19.905909Z,2026-07-26T08:53:19Z,-903.415,905.909,-905.909,-903.415,false
2e936bd2-095b-4c68-abe0-a556e0159d16,2026-07-26T08:53:19.936555Z,2026-07-26T08:53:19Z,2026-07-26T08:53:19.939695Z,2026-07-26T08:53:19Z,-936.555,939.695,-939.695,-936.555,false
64e5ebb4-ab3a-42cc-9593-bcf670062d68,2026-07-26T08:53:19.972531Z,2026-07-26T08:53:19Z,2026-07-26T08:53:19.976751Z,2026-07-26T08:53:19Z,-972.531,976.751,-976.751,-972.531,false
62018664-0eaf-46c8-aa69-55a0c49f3b41,2026-07-26T08:53:20.004758Z,2026-07-26T08:53:20Z,2026-07-26T08:53:20.007794Z,2026-07-26T08:53:20Z,-4.758,7.794,-7.794,-4.758,false
40839dfe-4d17-4a99-b423-3c75d5c5aaad,2026-07-26T08:53:20.04279Z,2026-07-26T08:53:20Z,2026-07-26T08:53:20.046355Z,2026-07-26T08:53:20Z,-42.790,46.355,-46.355,-42.790,false
1c3dd338-e134-4318-bc09-39741ef4dc63,2026-07-26T08:53:20.149828Z,2026-07-26T08:53:20Z,2026-07-26T08:53:20.159633Z,2026-07-26T08:53:20Z,-149.828,159.633,-159.633,-149.828,false
6c350e7d-cfef-4a36-bb21-6b87c3e38c40,2026-07-26T08:53:20.156597Z,2026-07-26T08:53:20Z,2026-07-26T08:53:20.161947Z,2026-07-26T08:53:20Z,-156.597,161.947,-161.947,-156.597,false
8800249d-edf7-470d-8cd8-b61760adb8b3,2026-07-26T08:53:20.156598Z,2026-07-26T08:53:20Z,2026-07-26T08:53:20.16074Z,2026-07-26T08:53:20Z,-156.598,160.740,-160.740,-156.598,false
9511db90-7142-4a7b-98d4-a2ec6ebfb662,2026-07-26T08:53:20.175184Z,2026-07-26T08:53:20Z,2026-07-26T08:53:20.181181Z,2026-07-26T08:53:20Z,-175.184,181.181,-181.181,-175.184,false
8754bc85-216d-480e-93b9-e56c9eea60c8,2026-07-26T08:53:20.207786Z,2026-07-26T08:53:20Z,2026-07-26T08:53:20.211383Z,2026-07-26T08:53:20Z,-207.786,211.383,-211.383,-207.786,false
d87a9bd2-9bed-4c00-b9ed-aeef8f8e769e,2026-07-26T08:53:20.241705Z,2026-07-26T08:53:20Z,2026-07-26T08:53:20.245457Z,2026-07-26T08:53:20Z,-241.705,245.457,-245.457,-241.705,false
8247074f-2408-4ad0-8f46-f1b3e8a86c5f,2026-07-26T08:53:20.27948Z,2026-07-26T08:53:20Z,2026-07-26T08:53:20.287261Z,2026-07-26T08:53:20Z,-279.480,287.261,-287.261,-279.480,false
628f970c-2c0e-4a1e-8b42-c97783715276,2026-07-26T08:53:20.309889Z,2026-07-26T08:53:20Z,2026-07-26T08:53:20.31407Z,2026-07-26T08:53:20Z,-309.889,314.070,-314.070,-309.889,false
d4dda0d5-3c4d-4e55-8496-4ba8ce64d66e,2026-07-26T08:53:20.345079Z,2026-07-26T08:53:20Z,2026-07-26T08:53:20.348804Z,2026-07-26T08:53:20Z,-345.079,348.804,-348.804,-345.079,false
80208189-68f4-4d70-8990-c9d1be716c06,2026-07-26T08:53:20.378547Z,2026-07-26T08:53:20Z,2026-07-26T08:53:20.382652Z,2026-07-26T08:53:20Z,-378.547,382.652,-382.652,-378.547,false
4f8dddc9-b991-479e-96c5-3ab4c98a7712,2026-07-26T08:53:20.414241Z,2026-07-26T08:53:20Z,2026-07-26T08:53:20.418072Z,2026-07-26T08:53:20Z,-414.241,418.072,-418.072,-414.241,false
49f32831-c194-41dc-bb75-9d88b38cb312,2026-07-26T08:53:20.446349Z,2026-07-26T08:53:20Z,2026-07-26T08:53:20.44902Z,2026-07-26T08:53:20Z,-446.349,449.020,-449.020,-446.349,false
39ab2cc5-8b6c-47fd-aae5-587d86b6793f,2026-07-26T08:53:20.482253Z,2026-07-26T08:53:20Z,2026-07-26T08:53:20.485911Z,2026-07-26T08:53:20Z,-482.253,485.911,-485.911,-482.253,false
73772ef2-152f-4498-8d2f-700e7b6fe473,2026-07-26T08:53:20.516484Z,2026-07-26T08:53:20Z,2026-07-26T08:53:20.518823Z,2026-07-26T08:53:20Z,-516.484,518.823,-518.823,-516.484,false
2a533935-5fd8-48ef-9511-208078f40500,2026-07-26T08:53:20.550493Z,2026-07-26T08:53:20Z,2026-07-26T08:53:20.554479Z,2026-07-26T08:53:20Z,-550.493,554.479,-554.479,-550.493,false
9b88a33a-3715-47c4-b774-59d0cfcae88b,2026-07-26T08:53:20.585057Z,2026-07-26T08:53:20Z,2026-07-26T08:53:20.588991Z,2026-07-26T08:53:20Z,-585.057,588.991,-588.991,-585.057,false
ff8c0252-dfa9-47c3-96ed-f0596200ae62,2026-07-26T08:53:20.621937Z,2026-07-26T08:53:20Z,2026-07-26T08:53:20.628217Z,2026-07-26T08:53:20Z,-621.937,628.217,-628.217,-621.937,false
0da9b44c-bd9a-4445-85e4-424a8bb955c2,2026-07-26T08:53:20.655074Z,2026-07-26T08:53:20Z,2026-07-26T08:53:20.657358Z,2026-07-26T08:53:20Z,-655.074,657.358,-657.358,-655.074,false
97763779-6d95-4749-b02c-3e3f5c96984c,2026-07-26T08:53:20.688463Z,2026-07-26T08:53:20Z,2026-07-26T08:53:20.691719Z,2026-07-26T08:53:20Z,-688.463,691.719,-691.719,-688.463,false
8a4946e8-c5c7-4b07-81b8-82570f2a3837,2026-07-26T08:53:20.722766Z,2026-07-26T08:53:20Z,2026-07-26T08:53:20.726042Z,2026-07-26T08:53:20Z,-722.766,726.042,-726.042,-722.766,false
6f5231d1-291a-421c-8e74-a6a152c2b106,2026-07-26T08:53:20.75702Z,2026-07-26T08:53:20Z,2026-07-26T08:53:20.761241Z,2026-07-26T08:53:20Z,-757.020,761.241,-761.241,-757.020,false
5327a2ab-6733-41c4-bdc8-5c70a522bb88,2026-07-26T08:53:20.790931Z,2026-07-26T08:53:20Z,2026-07-26T08:53:20.794272Z,2026-07-26T08:53:20Z,-790.931,794.272,-794.272,-790.931,false
ceb24382-f519-40dd-bf04-20484cc6b408,2026-07-26T08:53:20.84453Z,2026-07-26T08:53:20Z,2026-07-26T08:53:20.924339Z,2026-07-26T08:53:20Z,-844.530,924.339,-924.339,-844.530,false
6561fd86-a051-4456-9037-399c9e9a145e,2026-07-26T08:53:20.922254Z,2026-07-26T08:53:20Z,2026-07-26T08:53:20.945428Z,2026-07-26T08:53:20Z,-922.254,945.428,-945.428,-922.254,false
dba8a04b-231d-467f-bfda-7f27508af67a,2026-07-26T08:53:20.942096Z,2026-07-26T08:53:20Z,2026-07-26T08:53:20.976747Z,2026-07-26T08:53:20Z,-942.096,976.747,-976.747,-942.096,false
336d8aa4-bf35-40bc-a8ec-98415ae2732d,2026-07-26T08:53:20.944603Z,2026-07-26T08:53:20Z,2026-07-26T08:53:20.977208Z,2026-07-26T08:53:20Z,-944.603,977.208,-977.208,-944.603,false
f67f0dce-06de-458b-8ea8-b862ace9cce5,2026-07-26T08:53:20.970647Z,2026-07-26T08:53:20Z,2026-07-26T08:53:20.99133Z,2026-07-26T08:53:20Z,-970.647,991.330,-991.330,-970.647,false
73f00026-8b56-4b90-bf51-ad52d5185cb6,2026-07-26T08:53:21.012628Z,2026-07-26T08:53:21Z,2026-07-26T08:53:21.04811Z,2026-07-26T08:53:21Z,-12.628,48.110,-48.110,-12.628,false
92233127-5575-47ba-b208-4d0352eafebd,2026-07-26T08:53:21.057753Z,2026-07-26T08:53:21Z,2026-07-26T08:53:21.067414Z,2026-07-26T08:53:21Z,-57.753,67.414,-67.414,-57.753,false
b50212e1-677e-43b6-8d63-3d693f216fc9,2026-07-26T08:53:21.068681Z,2026-07-26T08:53:21Z,2026-07-26T08:53:21.075435Z,2026-07-26T08:53:21Z,-68.681,75.435,-75.435,-68.681,false
a0846d83-5bf2-4201-8e18-bc4a245b9e6a,2026-07-26T08:53:21.09922Z,2026-07-26T08:53:21Z,2026-07-26T08:53:21.10282Z,2026-07-26T08:53:21Z,-99.220,102.820,-102.820,-99.220,false
1e7e4bab-bdf8-4ae1-b1a2-b8b34b8d19ac,2026-07-26T08:53:21.133586Z,2026-07-26T08:53:21Z,2026-07-26T08:53:21.136448Z,2026-07-26T08:53:21Z,-133.586,136.448,-136.448,-133.586,false
c25666b1-4748-4e33-a4ab-a69f5f2cd4e9,2026-07-26T08:53:21.167397Z,2026-07-26T08:53:21Z,2026-07-26T08:53:21.170149Z,2026-07-26T08:53:21Z,-167.397,170.149,-170.149,-167.397,false
c649f3de-77f1-4209-ad98-31681449d1a8,2026-07-26T08:53:21.202749Z,2026-07-26T08:53:21Z,2026-07-26T08:53:21.207738Z,2026-07-26T08:53:21Z,-202.749,207.738,-207.738,-202.749,false
76275b2d-2a9f-4b85-9033-a3c85adb91c9,2026-07-26T08:53:21.236373Z,2026-07-26T08:53:21Z,2026-07-26T08:53:21.239438Z,2026-07-26T08:53:21Z,-236.373,239.438,-239.438,-236.373,false
21f6c8ae-780a-4a86-bd47-b8c946d5f8d2,2026-07-26T08:53:21.27039Z,2026-07-26T08:53:21Z,2026-07-26T08:53:21.273315Z,2026-07-26T08:53:21Z,-270.390,273.315,-273.315,-270.390,false
e1ab4396-1d18-42a7-88be-f456c0a1fa63,2026-07-26T08:53:21.304484Z,2026-07-26T08:53:21Z,2026-07-26T08:53:21.345999Z,2026-07-26T08:53:21Z,-304.484,345.999,-345.999,-304.484,false
e61c8f90-5319-43b2-ba00-045d9408475d,2026-07-26T08:53:21.352081Z,2026-07-26T08:53:21Z,2026-07-26T08:53:21.367063Z,2026-07-26T08:53:21Z,-352.081,367.063,-367.063,-352.081,false
2540baaf-ff83-4fff-82db-b1560364e37b,2026-07-26T08:53:21.376287Z,2026-07-26T08:53:21Z,2026-07-26T08:53:21.382454Z,2026-07-26T08:53:21Z,-376.287,382.454,-382.454,-376.287,false
6a382927-99d8-4d2a-8bb2-db90dcfb1d11,2026-07-26T08:53:21.40715Z,2026-07-26T08:53:21Z,2026-07-26T08:53:21.410619Z,2026-07-26T08:53:21Z,-407.150,410.619,-410.619,-407.150,false
f00c6c44-9810-42d2-876e-76f74291c57b,2026-07-26T08:53:21.439702Z,2026-07-26T08:53:21Z,2026-07-26T08:53:21.442624Z,2026-07-26T08:53:21Z,-439.702,442.624,-442.624,-439.702,false
0d194d59-92e9-4fbb-b666-6dd1487c1b29,2026-07-26T08:53:21.475239Z,2026-07-26T08:53:21Z,2026-07-26T08:53:21.478822Z,2026-07-26T08:53:21Z,-475.239,478.822,-478.822,-475.239,false
fe3f37ba-fc45-4b4b-b9d2-21ce420519eb,2026-07-26T08:53:21.510019Z,2026-07-26T08:53:21Z,2026-07-26T08:53:21.514093Z,2026-07-26T08:53:21Z,-510.019,514.093,-514.093,-510.019,false
6efc450b-64b5-48ed-8827-ab40e9f7f332,2026-07-26T08:53:21.543214Z,2026-07-26T08:53:21Z,2026-07-26T08:53:21.547347Z,2026-07-26T08:53:21Z,-543.214,547.347,-547.347,-543.214,false
621f02da-1b6d-4b08-948e-227153892913,2026-07-26T08:53:21.577298Z,2026-07-26T08:53:21Z,2026-07-26T08:53:21.582388Z,2026-07-26T08:53:21Z,-577.298,582.388,-582.388,-577.298,false
eb21b2c8-017b-4d3a-9c38-757825760b28,2026-07-26T08:53:21.611733Z,2026-07-26T08:53:21Z,2026-07-26T08:53:21.613658Z,2026-07-26T08:53:21Z,-611.733,613.658,-613.658,-611.733,false
8d090400-d85c-42bc-b1d0-364e9f52ef1e,2026-07-26T08:53:21.645651Z,2026-07-26T08:53:21Z,2026-07-26T08:53:21.648754Z,2026-07-26T08:53:21Z,-645.651,648.754,-648.754,-645.651,false
a9382d75-9c96-4ca9-8d18-9493c976e855,2026-07-26T08:53:21.681983Z,2026-07-26T08:53:21Z,2026-07-26T08:53:21.685648Z,2026-07-26T08:53:21Z,-681.983,685.648,-685.648,-681.983,false
52c06e5d-78c4-458b-a4b6-05f5edde6c36,2026-07-26T08:53:21.714703Z,2026-07-26T08:53:21Z,2026-07-26T08:53:21.720005Z,2026-07-26T08:53:21Z,-714.703,720.005,-720.005,-714.703,false
be0155ce-05b1-4f3a-a3f9-7a82e0c48513,2026-07-26T08:53:21.751463Z,2026-07-26T08:53:21Z,2026-07-26T08:53:21.760179Z,2026-07-26T08:53:21Z,-751.463,760.179,-760.179,-751.463,false
29166b66-0494-4de0-bf18-05bd7bae932a,2026-07-26T08:53:21.79648Z,2026-07-26T08:53:21Z,2026-07-26T08:53:21.806553Z,2026-07-26T08:53:21Z,-796.480,806.553,-806.553,-796.480,false
83ff90f7-a80b-4a7d-8c39-af9b7e4385df,2026-07-26T08:53:21.820456Z,2026-07-26T08:53:21Z,2026-07-26T08:53:21.826394Z,2026-07-26T08:53:21Z,-820.456,826.394,-826.394,-820.456,false
f7142cc4-7859-44ce-8244-ceb3a089016e,2026-07-26T08:53:21.852806Z,2026-07-26T08:53:21Z,2026-07-26T08:53:21.855602Z,2026-07-26T08:53:21Z,-852.806,855.602,-855.602,-852.806,false
ce59b1f1-9bf4-4ad2-ad07-5e2c74b22dd2,2026-07-26T08:53:21.88739Z,2026-07-26T08:53:21Z,2026-07-26T08:53:21.891304Z,2026-07-26T08:53:21Z,-887.390,891.304,-891.304,-887.390,false
62fe6cb8-a0fc-4e6b-aa72-875bde029f19,2026-07-26T08:53:21.921088Z,2026-07-26T08:53:21Z,2026-07-26T08:53:21.924427Z,2026-07-26T08:53:21Z,-921.088,924.427,-924.427,-921.088,false
828f69c4-f380-4ea1-8df6-53005e580029,2026-07-26T08:53:21.95724Z,2026-07-26T08:53:21Z,2026-07-26T08:53:21.960273Z,2026-07-26T08:53:21Z,-957.240,960.273,-960.273,-957.240,false
a2e2e59b-e874-4a03-b7dc-33eac018479e,2026-07-26T08:53:21.989732Z,2026-07-26T08:53:21Z,2026-07-26T08:53:21.996658Z,2026-07-26T08:53:21Z,-989.732,996.658,-996.658,-989.732,false
eb72be4e-a7eb-4aa2-b80b-5ec9b4360483,2026-07-26T08:53:22.023819Z,2026-07-26T08:53:22Z,2026-07-26T08:53:22.027853Z,2026-07-26T08:53:22Z,-23.819,27.853,-27.853,-23.819,false
4c001e5f-ac49-41ce-b7c6-835a2642c6fe,2026-07-26T08:53:22.059532Z,2026-07-26T08:53:22Z,2026-07-26T08:53:22.064528Z,2026-07-26T08:53:22Z,-59.532,64.528,-64.528,-59.532,false
ceb12861-cc77-4fd2-92b5-13935b49cea8,2026-07-26T08:53:22.095043Z,2026-07-26T08:53:22Z,2026-07-26T08:53:22.098347Z,2026-07-26T08:53:22Z,-95.043,98.347,-98.347,-95.043,false
28257de1-f0a5-43ef-a273-f4c689768fef,2026-07-26T08:53:22.128034Z,2026-07-26T08:53:22Z,2026-07-26T08:53:22.131844Z,2026-07-26T08:53:22Z,-128.034,131.844,-131.844,-128.034,false
967856ca-4bab-4ead-9dc7-d73e92147cd6,2026-07-26T08:53:22.162915Z,2026-07-26T08:53:22Z,2026-07-26T08:53:22.168044Z,2026-07-26T08:53:22Z,-162.915,168.044,-168.044,-162.915,false
930442db-41ee-4ac8-a123-b8b28eadcfc8,2026-07-26T08:53:22.194897Z,2026-07-26T08:53:22Z,2026-07-26T08:53:22.197861Z,2026-07-26T08:53:22Z,-194.897,197.861,-197.861,-194.897,false
07e637e3-b77c-474b-bbf8-11c8ffde48ee,2026-07-26T08:53:22.23068Z,2026-07-26T08:53:22Z,2026-07-26T08:53:22.233782Z,2026-07-26T08:53:22Z,-230.680,233.782,-233.782,-230.680,false
6be0b592-437c-4db8-af74-bdb24afead66,2026-07-26T08:53:22.264922Z,2026-07-26T08:53:22Z,2026-07-26T08:53:22.268627Z,2026-07-26T08:53:22Z,-264.922,268.627,-268.627,-264.922,false
b8788dfd-3f5c-4355-8eb5-288d9d1fc00b,2026-07-26T08:53:22.298812Z,2026-07-26T08:53:22Z,2026-07-26T08:53:22.304889Z,2026-07-26T08:53:22Z,-298.812,304.889,-304.889,-298.812,false
7007cd96-8a3f-4243-a5f2-b183ce06104e,2026-07-26T08:53:22.333389Z,2026-07-26T08:53:22Z,2026-07-26T08:53:22.337479Z,2026-07-26T08:53:22Z,-333.389,337.479,-337.479,-333.389,false
4735c94f-fb6c-4182-bfa6-600d8e18d9f6,2026-07-26T08:53:22.366052Z,,,,,,,,true
0f68545c-c92d-4678-810f-2ae6a3fef968,2026-07-26T08:53:22.399589Z,,,,,,,,true
09a47468-47dc-4b74-bb96-cd512bde86c9,2026-07-26T08:53:22.434915Z,,,,,,,,true
9ffcce0c-3606-46a7-a713-4930319eba19,2026-07-26T08:53:22.468036Z,,,,,,,,true
aa977ce2-4a7e-48ae-b7f0-60fb552208d3,2026-07-26T08:53:22.503226Z,,,,,,,,true
39ca5321-b156-4beb-95a7-34c0e96288bb,2026-07-26T08:53:22.538414Z,,,,,,,,true
13d86e3c-506f-4077-957c-0e74a32a1e9c,2026-07-26T08:53:22.571163Z,,,,,,,,true
d445b1ff-018c-406b-a509-ac18624f58bf,2026-07-26T08:53:22.605782Z,,,,,,,,true
9de20874-1bd4-4ea9-a1f6-c6ad539504df,2026-07-26T08:53:22.640639Z,,,,,,,,true
45875d22-0e68-40ad-8eb7-5199603d790e,2026-07-26T08:53:22.674204Z,,,,,,,,true
0b38523e-0d2c-4113-aa0e-756c2afa5527,2026-07-26T08:53:22.711476Z,,,,,,,,true
992f06e3-2561-49b3-9437-3db5acf52469,2026-07-26T08:53:22.745459Z,,,,,,,,true
3ac84459-818a-4f22-bf61-c10074c1ff4e,2026-07-26T08:53:22.779999Z,,,,,,,,true
5e5315f8-bb48-44eb-8980-fdae51668648,2026-07-26T08:53:22.813004Z,,,,,,,,true
352f3695-2480-426a-814f-f67fdd997952,2026-07-26T08:53:22.846521Z,,,,,,,,true
926f4190-bffa-4004-b462-7c4ddbe34082,2026-07-26T08:53:22.881947Z,,,,,,,,true
fd82cdfe-36fb-4324-ba76-1f6ceb8de17f,2026-07-26T08:53:22.914088Z,,,,,,,,true
f58d10fa-451a-4e68-b636-16f0e77065a8,2026-07-26T08:53:22.950015Z,,,,,,,,true
0eec5562-0f0c-4002-9367-acad079bb1a1,2026-07-26T08:53:22.984088Z,,,,,,,,true
d52a8b63-b68e-4215-ae39-aefe78523e81,2026-07-26T08:53:23.017634Z,,,,,,,,true
50feb6c5-a28f-40a9-b83d-6c8cc494a54e,2026-07-26T08:53:23.051013Z,,,,,,,,true
8d1e473d-0b6d-4d01-97d3-7b2d50de891c,2026-07-26T08:53:23.087643Z,,,,,,,,true
a9683a3a-77e4-4387-8f8d-bda11b1ad0b3,2026-07-26T08:53:23.12404Z,,,,,,,,true
1cd32b32-2409-4590-8497-4526b11262d2,2026-07-26T08:53:23.155411Z,,,,,,,,true
d91fbaf6-76c8-4b91-ac71-3bf023723f76,2026-07-26T08:53:23.188915Z,,,,,,,,true
8c711887-1057-42c8-be51-b9fac5693ca2,2026-07-26T08:53:23.223435Z,,,,,,,,true
dbd3ec4f-9258-47bb-b0b4-47902d705edf,2026-07-26T08:53:23.256753Z,,,,,,,,true
4c0bf204-7d85-425e-a67f-f72a32ec383a,2026-07-26T08:53:23.291409Z,,,,,,,,true
dde174fa-d854-4d72-bc43-52c7d51a96ce,2026-07-26T08:53:23.32508Z,,,,,,,,true
54ab403a-5a94-45a0-817b-104bf191f719,2026-07-26T08:53:23.358675Z,,,,,,,,true
f3ab2cb9-6034-4457-85f2-b3c81cf0316e,2026-07-26T08:53:23.393547Z,,,,,,,,true
8ed7171d-4bd6-45af-9900-56253880fbca,2026-07-26T08:53:23.427334Z,,,,,,,,true
5f7deb7b-709c-4fab-9109-7f389f75fb2f,2026-07-26T08:53:23.462049Z,,,,,,,,true
f761ef37-df68-40ac-8e45-d4afe6b58af7,2026-07-26T08:53:23.497838Z,,,,,,,,true
0bb3339e-6a81-4b5e-b684-2c7171271ed8,2026-07-26T08:53:23.53159Z,,,,,,,,true
0d5821a0-7bf3-44d6-8991-9e87c92ccdd3,2026-07-26T08:53:23.564257Z,,,,,,,,true
91e17960-c8b6-4cda-9e34-92a3311c9da0,2026-07-26T08:53:23.598446Z,,,,,,,,true
83276db4-7788-4d00-a721-70d191160466,2026-07-26T08:53:23.636593Z,,,,,,,,true
cb797e40-a161-44cc-be82-5ae7b4e49637,2026-07-26T08:53:23.670691Z,,,,,,,,true
a09d0629-ca81-480b-9991-e4c8582cafc1,2026-07-26T08:53:23.700394Z,,,,,,,,true
7f271fd1-727e-4a51-bb58-950a8b6c24cb,2026-07-26T08:53:23.739531Z,,,,,,,,true
38d49d22-2899-43bc-a26a-853c1b43729e,2026-07-26T08:53:23.77045Z,,,,,,,,true
7db32758-f665-4c9d-8596-bb2ef11b7221,2026-07-26T08:53:23.803381Z,,,,,,,,true
e0a1ef96-477f-432c-be88-d67f8483b681,2026-07-26T08:53:23.83641Z,,,,,,,,true
3472884c-ca0a-4836-ad9d-3bde67f65707,2026-07-26T08:53:23.871482Z,,,,,,,,true
6bc0e4cd-119a-4f8b-916a-06e4759286d5,2026-07-26T08:53:23.905845Z,,,,,,,,true
20790249-a2c0-4e84-91cc-32d9e1dbe1b7,2026-07-26T08:53:23.94007Z,,,,,,,,true
a3585c3e-e675-465d-bf76-c3d451b2c3cc,2026-07-26T08:53:23.974679Z,,,,,,,,true
75d7a818-3e2d-421a-ba0c-263229c98128,2026-07-26T08:53:24.009645Z,,,,,,,,true
2fb2e6a5-9a28-4e7f-b594-7d1cf409f6e4,2026-07-26T08:53:24.044109Z,,,,,,,,true
87ce0e7a-c3ea-47eb-9f43-e1fc17788eda,2026-07-26T08:53:24.078985Z,,,,,,,,true
0c702d31-082f-42fd-8021-87cc98d02a18,2026-07-26T08:53:24.115404Z,,,,,,,,true
ce479929-348f-4e6f-a98c-5d58d95944ba,2026-07-26T08:53:24.146581Z,,,,,,,,true
1af41c0a-180d-44c0-9b7c-26cbfa156f5f,2026-07-26T08:53:24.181898Z,,,,,,,,true
5af39710-9d86-461a-a069-f4e5176ae3d6,2026-07-26T08:53:24.216Z,,,,,,,,true
c913a0df-cbf0-44b5-9794-f6984beb9275,2026-07-26T08:53:24.250738Z,,,,,,,,true
16b98508-ecf6-4995-86a3-1d62d1ab3276,2026-07-26T08:53:24.283975Z,,,,,,,,true
b5fc3a50-1ac3-489c-95b5-92483ee843ac,2026-07-26T08:53:24.318336Z,,,,,,,,true
7df96042-058e-4010-b16f-bfa46b348843,2026-07-26T08:53:24.354885Z,,,,,,,,true
c1fe3003-1227-4045-b33d-ad7c85b6f798,2026-07-26T08:53:24.38849Z,,,,,,,,true
408c565e-3c25-4497-a2a8-e7fe3f783bfc,2026-07-26T08:53:24.422315Z,,,,,,,,true
0fe45e01-c35b-4014-990f-fba9599e60a3,2026-07-26T08:53:24.456003Z,,,,,,,,true
8e3d5624-ff29-48f3-97f9-1a93bdf379f2,2026-07-26T08:53:24.490755Z,,,,,,,,true
63e514c3-d8f6-4f6f-9908-1387cb401625,2026-07-26T08:53:24.526254Z,,,,,,,,true
e1b7a3d3-dff5-43d2-b6d3-268636bbcc50,2026-07-26T08:53:24.560258Z,,,,,,,,true
377cff58-4d63-4ac2-9258-394c95b201cf,2026-07-26T08:53:24.593712Z,,,,,,,,true
7c8f8256-1af2-4fa8-966a-0a8c92e07e0b,2026-07-26T08:53:24.628373Z,,,,,,,,true
c38b3ae3-9dfe-4dab-ba46-ca52644beca0,2026-07-26T08:53:24.662917Z,,,,,,,,true
8c70f678-b808-400c-a922-d0b5ef95e7af,2026-07-26T08:53:24.699916Z,,,,,,,,true
08d85117-7d0b-4322-bb5e-59c917e6710b,2026-07-26T08:53:24.730777Z,,,,,,,,true
cbab24ae-1aa8-40ab-8205-bfee4a35f17b,2026-07-26T08:53:24.769079Z,,,,,,,,true
f060248a-9a4e-43f2-a591-4dfff8f2186d,2026-07-26T08:53:24.804077Z,,,,,,,,true
fd223bc9-8c27-4cdf-9100-2975b67f7ade,2026-07-26T08:53:24.834229Z,,,,,,,,true
2589e0a6-db93-4a69-89e5-37134ae5e9c8,2026-07-26T08:53:24.868961Z,,,,,,,,true
7d566cfe-87a4-413c-9ec9-6936f19180e6,2026-07-26T08:53:24.905979Z,,,,,,,,true
d6960d8c-be9a-4c47-beb6-a4f1cd50c5a9,2026-07-26T08:53:24.940527Z,,,,,,,,true
5f6772b1-245b-4443-a4be-9ba1a2189781,2026-07-26T08:53:24.971286Z,,,,,,,,true
0683fc3e-fe60-4c9b-a94b-2918d4726967,2026-07-26T08:53:25.006431Z,,,,,,,,true
191832ad-749b-47ee-9097-f4959e8b146f,2026-07-26T08:53:25.041273Z,,,,,,,,true
572ff2a0-a580-402f-95b0-b9fd86d5af26,2026-07-26T08:53:25.075493Z,,,,,,,,true
3fe56486-cd2b-41e2-ac82-270a1161168d,2026-07-26T08:53:25.109383Z,,,,,,,,true
e48d85da-099e-47a2-93ca-939de6802415,2026-07-26T08:53:25.141861Z,,,,,,,,true
86e16f4b-0821-4341-98f5-2cf314f63aa9,2026-07-26T08:53:25.17634Z,,,,,,,,true
4556309b-d385-41cb-8575-2f5eeaadf4a2,2026-07-26T08:53:25.212074Z,,,,,,,,true
9593ce1c-275b-4e1b-9181-fbc7ded1d37a,2026-07-26T08:53:25.243742Z,,,,,,,,true
672250b8-bdb1-4a8d-83b4-539e272bec8a,2026-07-26T08:53:25.278055Z,,,,,,,,true
4e504db7-d3bb-43ee-b91f-2059ea446bfe,2026-07-26T08:53:25.313573Z,,,,,,,,true
14c0a5ec-b9c4-4c30-aec6-f5e87f150a94,2026-07-26T08:53:25.347898Z,,,,,,,,true
db0e5eac-23da-4f9d-a065-15e9be64975b,2026-07-26T08:53:25.382692Z,,,,,,,,true
3e60768a-c128-46cb-b660-0025dc9e852a,2026-07-26T08:53:25.416162Z,,,,,,,,true
3d3115c3-16cf-4326-9ab3-d4bcd2545525,2026-07-26T08:53:25.450065Z,,,,,,,,true
cd5ebc27-a319-4814-8599-f7c9fd45f7d2,2026-07-26T08:53:25.484686Z,,,,,,,,true
dc2f0394-09c9-4a57-af6d-b6005ff7f7ca,2026-07-26T08:53:25.519202Z,,,,,,,,true
b0069183-c619-4d71-8542-a55b78d1f333,2026-07-26T08:53:25.553666Z,,,,,,,,true
09fe5e6c-3f67-4c05-a308-c9ab64eef876,2026-07-26T08:53:25.597428Z,,,,,,,,true
59a7b05a-4016-4c2e-ad5d-67df0a4f29f4,2026-07-26T08:53:25.624271Z,,,,,,,,true
86cf6bea-a68a-4c01-b7f3-d74e3f146662,2026-07-26T08:53:25.658812Z,,,,,,,,true
0b5d0918-9519-4bad-b7ac-97d3efb6e91d,2026-07-26T08:53:25.693522Z,,,,,,,,true
54ec5d6a-1001-412b-8eba-5e45a8fb43ff,2026-07-26T08:53:25.72788Z,,,,,,,,true
88f75a38-4951-4446-a456-6f3a24e12f0e,2026-07-26T08:53:25.762097Z,,,,,,,,true
70237b8c-6b12-4702-a285-a5a348573b1e,2026-07-26T08:53:25.796792Z,,,,,,,,true
20be79a3-25bc-4177-b8f5-ddb7ca50a3ec,2026-07-26T08:53:25.832854Z,,,,,,,,true
952857a0-c04c-4d14-bf00-7c62cc0e391f,2026-07-26T08:53:25.864565Z,,,,,,,,true
e6cf3871-7ddb-4bb4-b7d1-f811ad26efc6,2026-07-26T08:53:25.902036Z,,,,,,,,true
cc0e89d1-76b9-4e73-9710-ff435f861528,2026-07-26T08:53:25.933903Z,,,,,,,,true
c45d81a5-54a8-4e9d-8fd1-f738ca70044f,2026-07-26T08:53:25.971588Z,,,,,,,,true
263e859c-863c-4efc-ba65-ec7f8d4569e1,2026-07-26T08:53:26.003774Z,,,,,,,,true
94e4752b-d434-4478-b310-045f663583ae,2026-07-26T08:53:26.036475Z,,,,,,,,true
e3312ae0-853f-4f1c-ac70-cc0036da43fb,2026-07-26T08:53:26.071048Z,,,,,,,,true
0127bc71-1b5a-46e2-ba81-7eb953d10c66,2026-07-26T08:53:26.104871Z,,,,,,,,true
0a6d136c-90aa-4996-9a3d-850d200f2f9f,2026-07-26T08:53:26.138865Z,,,,,,,,true
fbf21618-3dce-4721-a486-f677a9a0934f,2026-07-26T08:53:26.173706Z,,,,,,,,true
f037f39f-3668-4d28-942a-63c57829f38a,2026-07-26T08:53:26.207313Z,,,,,,,,true
82bf7727-9be0-441a-8c00-46a8a312d592,2026-07-26T08:53:26.242686Z,,,,,,,,true
9079eff7-12d5-48c4-9fdf-34a5e3925d7b,2026-07-26T08:53:26.275084Z,,,,,,,,true
a5040765-b890-4de4-8699-bbd15ef63e82,2026-07-26T08:53:26.311868Z,,,,,,,,true
33a9f947-2446-49ef-b725-751def90c266,2026-07-26T08:53:26.343733Z,,,,,,,,true
41664f0b-6b8a-464f-b005-c5f1dd7b5d0a,2026-07-26T08:53:26.378537Z,,,,,,,,true
62ad80cd-5b2b-4bda-bced-aab37eb9127f,2026-07-26T08:53:26.411149Z,,,,,,,,true
e688f5e9-941d-4ab9-bdbe-229bb06bd9b3,2026-07-26T08:53:26.445359Z,,,,,,,,true
69e05e89-96df-461b-8531-b876926628e9,2026-07-26T08:53:26.48633Z,,,,,,,,true
92534dba-eae5-4eb9-a257-b120171d8168,2026-07-26T08:53:26.516248Z,,,,,,,,true
1dd63d93-6be4-4fcd-b05e-5bbe397b40f4,2026-07-26T08:53:26.548263Z,,,,,,,,true
c12fd725-4883-485a-b838-edfed6fd5a7c,2026-07-26T08:53:26.58286Z,,,,,,,,true
cd4ff0d4-4c7f-40e5-810b-581f7a4cffa1,2026-07-26T08:53:26.618512Z,,,,,,,,true
db51f5b5-0ba5-4c75-898a-48dcd73ae7ee,2026-07-26T08:53:26.65192Z,,,,,,,,true
f9b7c298-383b-446e-82d0-b0b864645af6,2026-07-26T08:53:26.686976Z,,,,,,,,true
bed5cfa6-a2d8-4ba5-8ddf-b85bee6596bf,2026-07-26T08:53:26.718813Z,,,,,,,,true
4eb0116b-fcc2-4d8f-a6ce-626df1817e64,2026-07-26T08:53:26.753937Z,,,,,,,,true
cacb444f-003f-4a33-b6e3-0a6af2c820a1,2026-07-26T08:53:26.788342Z,,,,,,,,true
75675ae8-5176-44d6-9bd2-18f2e0920e2a,2026-07-26T08:53:26.823387Z,,,,,,,,true
7b16dd31-9e79-47e6-b0f3-5601dc4c4736,2026-07-26T08:53:26.857459Z,,,,,,,,true
601df791-298a-4590-a89c-43645ba4cf1f,2026-07-26T08:53:26.891669Z,,,,,,,,true
6d2aab7e-0f72-4c4c-b6d5-b018ba4e3334,2026-07-26T08:53:26.926142Z,,,,,,,,true
ff7d1978-e57b-47e4-b4ce-a326a193f055,2026-07-26T08:53:26.960288Z,,,,,,,,true
8f0bd102-d9a8-457c-ad2c-dbe579562249,2026-07-26T08:53:26.996273Z,,,,,,,,true
bd149cf8-d697-44ad-bd02-254390cb5a8b,2026-07-26T08:53:27.028944Z,,,,,,,,true
4a323cbd-6fb8-429a-922f-6c3dd989c695,2026-07-26T08:53:27.063934Z,,,,,,,,true
980e4c1d-43e3-4435-9a53-7094eb6d5fd8,2026-07-26T08:53:27.098547Z,,,,,,,,true
1f877559-1643-4aec-9836-58d13f6dd4c6,2026-07-26T08:53:27.13234Z,,,,,,,,true
0191d9f7-ff4b-4614-a75e-4e9069c4ecc3,2026-07-26T08:53:27.168396Z,,,,,,,,true
237e4741-90d5-4853-aafd-fcd6dc37687b,2026-07-26T08:53:27.202261Z,,,,,,,,true
af6af365-2613-4c9e-921e-e52fde4edd23,2026-07-26T08:53:27.237328Z,,,,,,,,true
e79510a8-191b-4ee8-8c7e-47b39919f005,2026-07-26T08:53:27.26968Z,,,,,,,,true
dd049ebc-dcaf-4f20-869f-f8d69d706d87,2026-07-26T08:53:27.302864Z,,,,,,,,true
58f89c82-b574-458a-836d-03438f7e2648,2026-07-26T08:53:27.337789Z,,,,,,,,true
dfd71742-f8e6-4374-88cc-04550fd4cb8d,2026-07-26T08:53:27.371119Z,,,,,,,,true
44d9edc9-b0bb-409c-bb9f-26a9f7da7b47,2026-07-26T08:53:27.406411Z,,,,,,,,true
03f98286-0b2d-40c3-813c-426b899e3755,2026-07-26T08:53:27.439871Z,,,,,,,,true
4b0c4235-f39a-497e-8ce5-cee92ea079f4,2026-07-26T08:53:27.474034Z,,,,,,,,true
bcd69eab-b7dd-4b08-ba08-3f64b3e46a04,2026-07-26T08:53:27.508766Z,,,,,,,,true
f3a7b1d0-684c-4981-849b-d319dbf83607,2026-07-26T08:53:27.542873Z,,,,,,,,true
60daa669-8f5c-4595-aa9b-7e0e22c4709c,2026-07-26T08:53:27.578273Z,,,,,,,,true
de6a7114-7c33-4ea8-b98b-8b1e4e19a7e5,2026-07-26T08:53:27.611876Z,,,,,,,,true
65e7cac9-b302-456d-92ad-227c8eb816c2,2026-07-26T08:53:27.646357Z,,,,,,,,true
0374d98d-5782-4430-9aff-d5a44a52ad1b,2026-07-26T08:53:27.680877Z,,,,,,,,true
be4ba9e3-d65e-4d5f-adcc-913e35e6a3e0,2026-07-26T08:53:27.714967Z,,,,,,,,true
58383969-b3d9-4e24-8d48-ad19fb14c1bc,2026-07-26T08:53:27.748735Z,,,,,,,,true
a3b9e6ab-b9b6-4f83-8373-d79597fd7cba,2026-07-26T08:53:27.892043Z,,,,,,,,true
d3d3ac03-9df2-4be4-9b31-134524b17ce7,2026-07-26T08:53:27.898458Z,,,,,,,,true
a91192e7-b6dc-4441-a1be-97144b020fb5,2026-07-26T08:53:27.898458Z,,,,,,,,true
8ea67df7-1020-4f1f-9a9b-d7195463ad67,2026-07-26T08:53:27.902066Z,,,,,,,,true
7c6fcd1b-9fbc-4d95-9f29-d210ec442a3f,2026-07-26T08:53:27.924819Z,,,,,,,,true
74f55524-3225-437e-8fa6-602037feaed3,2026-07-26T08:53:27.954429Z,,,,,,,,true
b4c90081-914d-40ce-b2c1-857cf328dabe,2026-07-26T08:53:27.989429Z,,,,,,,,true
75ccc0f7-59ba-4831-97aa-512a581d1746,2026-07-26T08:53:28.023479Z,,,,,,,,true
ee9fabd2-594b-40e8-805a-2c4b877348ad,2026-07-26T08:53:28.057143Z,,,,,,,,true
b983a2de-8489-457b-aaea-09a05394eb83,2026-07-26T08:53:28.091789Z,,,,,,,,true
70c6c6f1-5b16-4d48-a00c-d5998d81cfd0,2026-07-26T08:53:28.126342Z,,,,,,,,true
2c31b36e-76ac-47cd-ac1a-134b8077f8f7,2026-07-26T08:53:28.160809Z,,,,,,,,true
680842f5-0edb-43e7-ae59-dda6de941ab2,2026-07-26T08:53:28.195475Z,,,,,,,,true
41e5c5ad-9da0-496b-86e0-67f662694ff3,2026-07-26T08:53:28.230296Z,,,,,,,,true
ed9bd214-41f4-4e8f-895c-78b631cd6e8a,2026-07-26T08:53:28.263871Z,,,,,,,,true
0f016b5a-5d30-4805-98aa-3b625147baf5,2026-07-26T08:53:28.297977Z,,,,,,,,true
d83535b6-1e22-4b36-add4-cb523c5bccc3,2026-07-26T08:53:28.331966Z,,,,,,,,true
d3d19220-ad48-43c5-95a1-9e97677ce3f7,2026-07-26T08:53:28.367354Z,,,,,,,,true
ee1fb665-630a-4044-bd10-be7ccd5fb9a9,2026-07-26T08:53:28.401052Z,,,,,,,,true
5dcc1715-1bfb-4c9e-86f0-80d8c113660b,2026-07-26T08:53:28.436494Z,,,,,,,,true
a80a90a2-c70c-49d7-be20-cd4311dd17f4,2026-07-26T08:53:28.469043Z,,,,,,,,true
acd9f880-a387-4876-86f2-fc3bc43f9afd,2026-07-26T08:53:28.50313Z,,,,,,,,true
2e255829-8edc-40ec-b3ab-237c9526b261,2026-07-26T08:53:28.538928Z,,,,,,,,true
04b539ce-98ce-4627-9a31-df3b3449fa99,2026-07-26T08:53:28.573768Z,,,,,,,,true
63e30d5d-21c3-4224-b7c8-11e38881cc45,2026-07-26T08:53:28.60733Z,,,,,,,,true
2079ba5f-919b-4668-b938-d46f0e283508,2026-07-26T08:53:28.641045Z,,,,,,,,true
3eef543d-71af-4ce5-a878-4ba6a5cba056,2026-07-26T08:53:28.675532Z,,,,,,,,true
ebafe474-57b3-4697-bc7e-dfe85f286fc4,2026-07-26T08:53:28.709342Z,,,,,,,,true
731611f8-afc4-4ac1-b435-bbdd6df9f719,2026-07-26T08:53:28.744033Z,,,,,,,,true
8a73fa05-afec-4369-ac22-6af6f0e02254,2026-07-26T08:53:28.77918Z,,,,,,,,true
ec192c81-bd0a-428e-ba36-cc5d5fe798e0,2026-07-26T08:53:28.81274Z,,,,,,,,true
b5004b92-7867-4505-8536-3839a511e156,2026-07-26T08:53:28.848119Z,,,,,,,,true
3b2b1b01-e21d-4bb6-914b-ed942743970e,2026-07-26T08:53:28.88087Z,,,,,,,,true
42a6a60f-262e-44b1-8c9b-79e3efce138c,2026-07-26T08:53:28.915965Z,,,,,,,,true
632d9611-368c-4ad2-951d-204c50f89aaa,2026-07-26T08:53:28.95064Z,,,,,,,,true
d0e53d22-5b5b-4587-aa65-45a6ee94d569,2026-07-26T08:53:28.984787Z,,,,,,,,true
24a2c26c-9f3e-428e-abcc-32abaf8d2495,2026-07-26T08:53:29.064504Z,,,,,,,,true
e2d2c9bf-0215-41dd-90aa-6d818205ee8c,2026-07-26T08:53:29.079314Z,,,,,,,,true
24d43324-fbfb-432d-b752-f0397989cd3a,2026-07-26T08:53:29.091928Z,,,,,,,,true
25b2769e-5deb-43ec-9180-0c11f38347b0,2026-07-26T08:53:29.127015Z,,,,,,,,true
62979bb4-c78c-4c69-afcd-65e1b22b85bc,2026-07-26T08:53:29.161413Z,,,,,,,,true
f041030d-c682-4508-a623-63d7800c58df,2026-07-26T08:53:29.196958Z,,,,,,,,true
cfaad87d-c50c-4528-a51f-634103db2cba,2026-07-26T08:53:29.230059Z,,,,,,,,true
631b4bd6-81c9-43d7-8c13-11e2d966129c,2026-07-26T08:53:29.264426Z,,,,,,,,true
9a687a0c-97fb-4d17-a665-d33fc35b7a24,2026-07-26T08:53:29.299171Z,,,,,,,,true
3e243fc6-6de8-4a10-8b91-f2baa738bef0,2026-07-26T08:53:29.334151Z,,,,,,,,true
2714912c-11d3-4cc5-9143-a38f2157ee37,2026-07-26T08:53:29.368372Z,,,,,,,,true
e95f1396-3fc7-460c-b726-996b77360040,2026-07-26T08:53:29.401827Z,,,,,,,,true
85937d12-6790-474c-8cfd-ba2a62453c57,2026-07-26T08:53:29.436286Z,,,,,,,,true
216e039c-14f9-4cfb-a54e-7e5c38f5e36e,2026-07-26T08:53:29.471549Z,,,,,,,,true
efbc9e1e-d671-47d8-8c13-75bf796683bf,2026-07-26T08:53:29.504485Z,,,,,,,,true
61ddd568-c3d4-4ed6-882e-df6d076a2005,2026-07-26T08:53:29.539801Z,,,,,,,,true
eb1c761f-a6ef-4ee7-bc0d-f48cfa26663a,2026-07-26T08:53:29.575025Z,,,,,,,,true
bcd9ba11-109a-44d0-a403-fc1e404bf449,2026-07-26T08:53:29.608618Z,,,,,,,,true
f4f1aa97-c2d1-49a4-80ab-4304bab49231,2026-07-26T08:53:29.642545Z,,,,,,,,true
d2c82f02-d211-4d35-9fad-b437ec158bda,2026-07-26T08:53:29.679145Z,,,,,,,,true
7a683b39-f542-4f70-9076-de409e73fc06,2026-07-26T08:53:29.709312Z,,,,,,,,true
e2d19d97-21c7-4afb-9dc0-81c5d52d6429,2026-07-26T08:53:29.743375Z,,,,,,,,true
a3a263fa-ae7c-4186-bba2-dac69eab04cf,2026-07-26T08:53:29.778161Z,,,,,,,,true
f070e72b-7864-4bcd-8fa2-6037477a66a2,2026-07-26T08:53:29.812223Z,,,,,,,,true
fd3cb900-734c-4af0-98c3-e99ec38930a4,2026-07-26T08:53:29.847727Z,,,,,,,,true
e3ba7033-c80d-4529-a807-3cd94613e85b,2026-07-26T08:53:29.880056Z,,,,,,,,true
c6c854b8-0530-4113-b5d7-18696019279f,2026-07-26T08:53:29.914412Z,,,,,,,,true
d1254b41-0d5e-49ed-97d3-9a4074dd5cb0,2026-07-26T08:53:29.949771Z,,,,,,,,true
c16efcdf-0578-44cd-8eeb-762539a01036,2026-07-26T08:53:29.982979Z,,,,,,,,true
8397420a-6531-4da7-bd9a-b70061aa32bc,2026-07-26T08:53:30.017784Z,,,,,,,,true
77ca2078-94a7-40f4-a700-c5816e7e67e3,2026-07-26T08:53:30.052726Z,,,,,,,,true
8407f309-1c36-411a-8aac-64ee0fc997de,2026-07-26T08:53:30.086353Z,,,,,,,,true
f4d1278a-168a-4ee5-8b8a-9a40dbb2bd64,2026-07-26T08:53:30.120205Z,,,,,,,,true
3a45c13a-8631-448d-ae9d-db83727ef16d,2026-07-26T08:53:30.15394Z,,,,,,,,true
11387ca5-c852-4456-8e90-5991e7ac40a1,2026-07-26T08:53:30.189384Z,,,,,,,,true
fe38a7a7-f21e-4039-b7d8-0046b0afe965,2026-07-26T08:53:30.22203Z,,,,,,,,true
801155c8-2fc5-4582-a3d3-c485dd780acd,2026-07-26T08:53:30.254366Z,,,,,,,,true
c9e08f70-c4e4-42f5-8055-7234a7ee0cfa,2026-07-26T08:53:30.289255Z,,,,,,,,true
21f45f58-a31f-44f9-b724-009cb8a8d2a6,2026-07-26T08:53:30.323175Z,,,,,,,,true
bf123446-d32e-4387-aa69-a40ade38a35b,2026-07-26T08:53:30.358946Z,,,,,,,,true
5bfc23a6-a803-4e53-a45d-a43943aa8d90,2026-07-26T08:53:30.393198Z,,,,,,,,true
6e030c30-4f88-46a3-8e3f-10e162e7b72d,2026-07-26T08:53:30.427338Z,,,,,,,,true
5399ee34-22a4-434e-b52c-3c4d0ce687c6,2026-07-26T08:53:30.463674Z,,,,,,,,true
d3cbb572-3692-41e9-8a1d-525747a0e25e,2026-07-26T08:53:30.495894Z,,,,,,,,true
5fabc0ce-8ee9-4f48-a862-eb781c73b486,2026-07-26T08:53:30.529078Z,,,,,,,,true
cce266ec-acf7-4096-8505-460ed94898ac,2026-07-26T08:53:30.564399Z,,,,,,,,true
09f449d4-a839-4df2-84b7-de711f503583,2026-07-26T08:53:30.598024Z,,,,,,,,true
0c30e6db-70fb-4791-83c8-fa6e83fce872,2026-07-26T08:53:30.633232Z,,,,,,,,true
e4583164-fd14-432e-9565-4c630e1d8737,2026-07-26T08:53:30.668208Z,,,,,,,,true
9141a413-68f7-4ed1-9126-6c998df1cb3b,2026-07-26T08:53:30.701088Z,,,,,,,,true
b13f6d7a-661c-488d-aadd-eb44351a7093,2026-07-26T08:53:30.73489Z,,,,,,,,true
9e1886d9-ed5f-442f-b22c-4a539927abdd,2026-07-26T08:53:30.771369Z,,,,,,,,true
5cf7409f-201c-414a-b281-594a348619eb,2026-07-26T08:53:30.805181Z,,,,,,,,true
7c3026f5-a301-466e-aa8e-2481a4dcd0ff,2026-07-26T08:53:30.839318Z,,,,,,,,true
a72dccf8-f4e8-42ed-8025-bd53d4fa4c90,2026-07-26T08:53:30.874755Z,,,,,,,,true
762db104-b975-47da-94da-6e8dc0506055,2026-07-26T08:53:30.909354Z,,,,,,,,true
a6e79e43-c1b6-43ea-9ffe-f13f646a6056,2026-07-26T08:53:30.942076Z,,,,,,,,true
ac41b4e9-9a41-470e-a8e5-7e034a2601eb,2026-07-26T08:53:30.976418Z,,,,,,,,true
97afaf1d-049e-40bd-b1ed-388efa7ed815,2026-07-26T08:53:31.010793Z,,,,,,,,true
bd458c69-efa9-4921-a8fc-cf5885e7bd31,2026-07-26T08:53:31.046725Z,,,,,,,,true
a25d49f7-ad87-49a1-9352-40a439775f1f,2026-07-26T08:53:31.080091Z,,,,,,,,true
279a9bd2-f778-4205-9852-1a126b41c7da,2026-07-26T08:53:31.113147Z,,,,,,,,true
479d2e27-6d7e-4e76-8ef5-b73390f7dd9f,2026-07-26T08:53:31.148636Z,,,,,,,,true
0bfade65-bfb0-4249-8597-e0934407a56b,2026-07-26T08:53:31.182873Z,,,,,,,,true
3907ef5d-32a6-49b0-8fc9-295bc6a51feb,2026-07-26T08:53:31.218273Z,,,,,,,,true
d15a1e0c-98ab-4f7f-9c91-cf9213cd65a0,2026-07-26T08:53:31.252354Z,,,,,,,,true
94846435-e191-4a61-9dfc-4539b154f795,2026-07-26T08:53:31.286172Z,,,,,,,,true
c050e49c-7e3e-4e5a-b42a-6117d4b5671f,2026-07-26T08:53:31.325772Z,,,,,,,,true
9b7ff929-7bf6-4eed-ae0b-343d9ce1499b,2026-07-26T08:53:31.35399Z,,,,,,,,true
c9980741-47b1-42f8-a751-572643759847,2026-07-26T08:53:31.388474Z,,,,,,,,true
9b54fb30-6f80-4dbc-a867-36270b07bd92,2026-07-26T08:53:31.422616Z,,,,,,,,true
2ee7561b-de5c-4774-9ea2-320a4f4d6c9e,2026-07-26T08:53:31.457531Z,,,,,,,,true
8dd47ff3-2c23-4108-97a8-4b6a84fa6c9c,2026-07-26T08:53:31.4923Z,,,,,,,,true
ed78d889-b063-44f1-9f94-1a7fff478273,2026-07-26T08:53:31.527899Z,,,,,,,,true
5a63d868-ba9f-48cd-92e3-b07bf311439f,2026-07-26T08:53:31.575553Z,,,,,,,,true
e296da97-4985-4db2-ab3a-a57ebe8a49ca,2026-07-26T08:53:31.602167Z,,,,,,,,true
1a4200cb-f03e-4566-8536-cfd9cb18657b,2026-07-26T08:53:31.654838Z,,,,,,,,true
b9c94a38-3194-4d1d-90c8-fececc7df684,2026-07-26T08:53:31.667504Z,,,,,,,,true
453475e8-21ee-41b0-b623-15db82e5db3f,2026-07-26T08:53:31.708384Z,,,,,,,,true
892726a6-f6d3-4246-b4cd-9979203353bb,2026-07-26T08:53:31.730694Z,,,,,,,,true
04a981cc-e914-4c4c-aef8-ebbe0adb05ae,2026-07-26T08:53:31.771244Z,,,,,,,,true
77012fb0-aeef-493f-a41e-1ec9fdc7a8ab,2026-07-26T08:53:31.798369Z,,,,,,,,true
94da740c-2444-4f52-8897-0914238e0a20,2026-07-26T08:53:31.832005Z,,,,,,,,true
33ac12ef-6d91-4001-96f9-0e0fc90ef54f,2026-07-26T08:53:31.866635Z,,,,,,,,true
efd2c942-e299-4ae6-8df4-ab60ac491d2a,2026-07-26T08:53:31.901551Z,,,,,,,,true
9596770f-2714-4bcc-b847-7413beea8ee7,2026-07-26T08:53:31.935594Z,,,,,,,,true
4ae604a3-6c90-4326-b5ad-c381f1ced889,2026-07-26T08:53:31.970048Z,,,,,,,,true
f7172d33-61aa-489e-a000-cef833bc9a01,2026-07-26T08:53:32.004774Z,,,,,,,,true
8b179e99-dd96-4efb-9029-e43d9a7efc45,2026-07-26T08:53:32.039041Z,,,,,,,,true
689964e3-130d-455e-8dbd-e1a8e8d5a177,2026-07-26T08:53:32.073423Z,,,,,,,,true
ad6729cf-7ec6-40a4-b07f-0ef40473136b,2026-07-26T08:53:32.107814Z,,,,,,,,true
44859f9d-36f0-40fd-a7d6-e7e3a183de6d,2026-07-26T08:53:32.141969Z,,,,,,,,true
86c05d84-bbbb-479c-99c9-274863b45879,2026-07-26T08:53:32.176594Z,,,,,,,,true
cefa8e76-e7fa-4f73-9601-45149bcc3869,2026-07-26T08:53:32.212111Z,,,,,,,,true
b54d1d95-d793-45cc-8584-83a3ee3d77cd,2026-07-26T08:53:32.245383Z,,,,,,,,true
c5bbcc90-d577-4742-a056-131344dfde5e,2026-07-26T08:53:32.280312Z,,,,,,,,true
2f39dd8c-482a-4c81-9153-ca833d691efe,2026-07-26T08:53:32.313765Z,,,,,,,,true
08320677-46b8-4c87-9a94-f481c1047040,2026-07-26T08:53:32.348427Z,,,,,,,,true
356e50d9-de92-4fa6-b00d-2f1b07a588dc,2026-07-26T08:53:32.38358Z,,,,,,,,true
cbb4984e-ea66-4aa5-93c5-f0f1dd21129f,2026-07-26T08:53:32.416393Z,,,,,,,,true
47625f0c-9843-4be4-a033-2afd6d7697cf,2026-07-26T08:53:32.452151Z,,,,,,,,true
e176eb2e-105f-4a37-9c62-bba8cfc1d6a7,2026-07-26T08:53:32.486031Z,,,,,,,,true
55c73ede-4110-4c4e-9173-11167e7a42d6,2026-07-26T08:53:32.519791Z,,,,,,,,true
c2f2a3a4-02a9-4fe8-8a45-0a5b0056677f,2026-07-26T08:53:32.553525Z,,,,,,,,true
02b89315-d7ab-4f0a-b98a-22b60a40bda0,2026-07-26T08:53:32.588655Z,,,,,,,,true
b39f6a80-8e43-4713-98f8-305fa34e8129,2026-07-26T08:53:32.62431Z,,,,,,,,true
530d2e9f-b411-48b9-b66d-408a74d3d65e,2026-07-26T08:53:32.657669Z,,,,,,,,true
f05e57ce-873c-45d9-9d36-140b36e92672,2026-07-26T08:53:32.692857Z,,,,,,,,true
1777848c-252f-4184-834b-f9b0ddfbc9fe,2026-07-26T08:53:32.725576Z,,,,,,,,true
74a1d579-72c0-4824-9a5a-0b55eaa83e15,2026-07-26T08:53:32.759599Z,,,,,,,,true
278ba4d4-f456-4785-8ee5-076b6b87ff7b,2026-07-26T08:53:32.796074Z,,,,,,,,true
51ef3a00-6d98-401d-9e0e-5d9fdf59c4c1,2026-07-26T08:53:32.830285Z,,,,,,,,true
278ef9ab-27fc-4bf9-a9b5-214815b54721,2026-07-26T08:53:32.863268Z,,,,,,,,true
a30c26c8-0fdd-499d-9f33-e647eed3b804,2026-07-26T08:53:32.898109Z,,,,,,,,true
180af3ab-6d8e-4636-bb05-6d83c2a67dae,2026-07-26T08:53:32.929454Z,,,,,,,,true
7798073f-66f8-4c2a-8d9a-5f67ddf3ee39,2026-07-26T08:53:32.965045Z,,,,,,,,true
11c0a5f1-83fa-466c-bf60-8609d0c1a163,2026-07-26T08:53:32.997815Z,,,,,,,,true
3f40499e-ecb0-4a0e-b506-72cb46862017,2026-07-26T08:53:33.032401Z,,,,,,,,true
f44afe85-8d9a-4caa-b76e-acc59ca67da5,2026-07-26T08:53:33.067078Z,,,,,,,,true
17b08854-dea1-455e-ad1b-c06991ef01c6,2026-07-26T08:53:33.10143Z,,,,,,,,true
94946d14-ce45-4a1a-b8d9-4814d08543fc,2026-07-26T08:53:33.135606Z,,,,,,,,true
a3e4c738-d05c-4442-9dfa-7c711a622824,2026-07-26T08:53:33.170377Z,,,,,,,,true
ba69deca-454e-47e7-8574-644cfda4b6df,2026-07-26T08:53:33.20471Z,,,,,,,,true
e3a27248-0d12-4c64-bf8d-14b1603850bc,2026-07-26T08:53:33.2393Z,,,,,,,,true
d38573b4-6904-4d22-b028-d17cb47fa9bc,2026-07-26T08:53:33.273305Z,,,,,,,,true
ee9a9c11-ebed-4cde-b7a0-0a7636665b2d,2026-07-26T08:53:33.309145Z,,,,,,,,true
3bdb499a-5e83-415e-bf3f-5464938fc148,2026-07-26T08:53:33.342324Z,,,,,,,,true
df1beefe-7e82-447e-9fb9-c22ea774e893,2026-07-26T08:53:33.378052Z,,,,,,,,true
ecb9f28b-efc0-4f55-a1e8-da8acecf05ed,2026-07-26T08:53:33.410619Z,,,,,,,,true
dbeed470-5051-410d-b92d-2d728ae1baee,2026-07-26T08:53:33.445071Z,,,,,,,,true
edb7d9eb-efcf-4730-b468-c8618d7e846a,2026-07-26T08:53:33.479803Z,,,,,,,,true
384dd83a-3204-41d9-a381-c27b11a97497,2026-07-26T08:53:33.515009Z,,,,,,,,true
f6e82e43-529f-4e5a-b776-b66dc680d21b,2026-07-26T08:53:33.548767Z,,,,,,,,true
1fb02dfe-1bc6-4d23-9aca-e052cb210a6a,2026-07-26T08:53:33.583164Z,,,,,,,,true
2f4439b3-6449-44c4-ab22-e85b524ddc3a,2026-07-26T08:53:33.617661Z,,,,,,,,true
8f475d0c-db5c-4412-8554-272205f55fda,2026-07-26T08:53:33.652418Z,,,,,,,,true
956eef9c-2143-4673-ba96-e170a43ec108,2026-07-26T08:53:33.687624Z,,,,,,,,true
b2f04c46-b40b-4b8b-8f4a-2473129efd47,2026-07-26T08:53:33.72267Z,,,,,,,,true
dbc59172-1ca8-4b35-969b-ac123ee2ff29,2026-07-26T08:53:33.757203Z,,,,,,,,true
4a054c1e-d443-4b17-8a5f-6231b0691404,2026-07-26T08:53:33.789037Z,,,,,,,,true
b6f7345d-e91b-43c9-986a-b2247d136712,2026-07-26T08:53:33.823312Z,,,,,,,,true
7bd30799-8720-415f-b715-a133afc125d9,2026-07-26T08:53:33.85752Z,,,,,,,,true
a6a43739-39a6-438a-bfb6-cbe206f5e6c0,2026-07-26T08:53:33.89172Z,,,,,,,,true
1fa2fc21-5b6c-43e8-8c47-b1b15bf989a1,2026-07-26T08:53:33.925487Z,,,,,,,,true
bbcc0399-ef1c-4c3c-b7c4-72e237d1a084,2026-07-26T08:53:33.960263Z,,,,,,,,true
91c42e50-b08b-4067-852a-4f076df2f7a9,2026-07-26T08:53:33.994871Z,,,,,,,,true
353a9b77-5a51-49f6-a9d9-80af301e6d9e,2026-07-26T08:53:34.028658Z,,,,,,,,true
285a6d40-8c2b-44d5-8fef-ba654a476475,2026-07-26T08:53:34.064089Z,,,,,,,,true
2e8bf5c9-ecb9-4ffd-8000-f805f2e72062,2026-07-26T08:53:34.098279Z,,,,,,,,true
625a08ee-300f-406f-a048-cc1982bc7ca5,2026-07-26T08:53:34.13444Z,,,,,,,,true
7b23cf4b-02c2-42be-926c-895f38f151c3,2026-07-26T08:53:34.166613Z,,,,,,,,true
2198be25-cda9-47a9-983c-1e20b3145d3e,2026-07-26T08:53:34.201071Z,,,,,,,,true
2e74a9ff-ce49-43bc-9066-27e8c9fd35a4,2026-07-26T08:53:34.235305Z,,,,,,,,true
3d7b339d-ce52-4db7-97a9-64d5eeafb9b6,2026-07-26T08:53:34.270598Z,,,,,,,,true
fbb4398f-7163-43cb-962d-e2a874f0f302,2026-07-26T08:53:34.305005Z,,,,,,,,true
51ad2be2-945b-4a7e-86fe-e23e1f806714,2026-07-26T08:53:34.338115Z,,,,,,,,true
c088b758-d4a3-4e32-aa23-9e1659860478,2026-07-26T08:53:34.373535Z,,,,,,,,true
c14114ac-0f8a-42af-9f08-dd1855297c5c,2026-07-26T08:53:34.407428Z,,,,,,,,true
8e36d3c4-7e2d-409b-8bda-1c9db6724189,2026-07-26T08:53:34.442379Z,,,,,,,,true
5dbd901e-3e75-48c9-bc54-af90c2b66537,2026-07-26T08:53:34.476597Z,,,,,,,,true
61492346-a802-4d80-9df6-c58e81df85e3,2026-07-26T08:53:34.510394Z,,,,,,,,true
06907770-f8f7-47c7-9f32-e2f6a0b7131b,2026-07-26T08:53:34.544892Z,,,,,,,,true
6949d782-7b59-40a7-be4d-791e5f80ef3a,2026-07-26T08:53:34.577274Z,,,,,,,,true
6c5f7803-adbf-4ff3-b1c8-9bec4bfda30c,2026-07-26T08:53:34.611892Z,,,,,,,,true
5ac66f0d-a5ea-4311-aff5-52eb46676d3a,2026-07-26T08:53:34.646423Z,,,,,,,,true
8aa8f9a3-6bce-4a01-b313-80f096f09837,2026-07-26T08:53:34.68077Z,,,,,,,,true
12cd04be-fb93-402c-9ae0-cc0589514ad8,2026-07-26T08:53:34.714998Z,,,,,,,,true
f184e563-abbf-49b2-9dc8-0aaefe9f6949,2026-07-26T08:53:34.75046Z,,,,,,,,true
7f883410-b140-4fc1-a809-ffa1a8d0ebb4,2026-07-26T08:53:34.783074Z,,,,,,,,true
ddb46089-83ad-4bbf-99cb-195303eb5fc2,2026-07-26T08:53:34.818287Z,,,,,,,,true
868e9f51-c725-4b31-b462-c5791a685954,2026-07-26T08:53:34.852067Z,,,,,,,,true
c1916d36-ed0f-495a-927b-d7b792a9ebe8,2026-07-26T08:53:34.887622Z,,,,,,,,true
c2a3319c-5120-470b-ba48-dca4ef57add0,2026-07-26T08:53:34.921507Z,,,,,,,,true
9b9f4852-23e8-431d-863b-08da9a8e37c4,2026-07-26T08:53:34.955062Z,,,,,,,,true
f152c6aa-a9db-433b-a13c-bd3375b56c6b,2026-07-26T08:53:34.989199Z,,,,,,,,true
1c4f408f-5f10-4ebe-8d95-476f15599033,2026-07-26T08:53:35.024207Z,,,,,,,,true
604cbe66-1611-4ebb-a18f-f4db426dee8b,2026-07-26T08:53:35.059163Z,,,,,,,,true
43a10ca6-d2f6-49ac-b09d-32d711e4d3a9,2026-07-26T08:53:35.093292Z,,,,,,,,true
03b85a64-c278-4ead-8a9a-0417b7c714f9,2026-07-26T08:53:35.128906Z,,,,,,,,true
586f541e-4302-4adc-a144-bee722230640,2026-07-26T08:53:35.161005Z,,,,,,,,true
d918fab5-5700-44b2-9f4a-694fbc007747,2026-07-26T08:53:35.195369Z,,,,,,,,true
244e8fae-0055-4914-9806-7ef0fe12749b,2026-07-26T08:53:35.230248Z,,,,,,,,true
68f405de-a62b-4d17-b162-51f43cbd0810,2026-07-26T08:53:35.264189Z,,,,,,,,true
2c6cdd63-3eda-4b46-be6c-ef42dbf0241d,2026-07-26T08:53:35.298219Z,,,,,,,,true
2863a6c0-d80c-4753-b150-c67fdb92c265,2026-07-26T08:53:35.333139Z,,,,,,,,true
b5299ab8-3c80-457f-920e-a550bad69f4a,2026-07-26T08:53:35.370235Z,,,,,,,,true
7ab063da-3b79-4aa6-9d2a-a427285b64b6,2026-07-26T08:53:35.402155Z,,,,,,,,true
7c04789d-e915-4cfa-9a78-31230bdbb439,2026-07-26T08:53:35.435977Z,,,,,,,,true
920e685a-f106-452b-b7b1-86ac5bd453f9,2026-07-26T08:53:35.469844Z,,,,,,,,true
d684e91b-dcf8-480b-b8d8-3cc9fd4bd19c,2026-07-26T08:53:35.505239Z,,,,,,,,true
6e34d7a8-f878-47cb-92aa-5b810d5e2e5c,2026-07-26T08:53:35.538388Z,,,,,,,,true
ae7ed9f6-5e10-4088-96f3-a34b99576fa5,2026-07-26T08:53:35.573403Z,,,,,,,,true
1facb95e-f789-4ada-94d2-65a647f289cb,2026-07-26T08:53:35.606344Z,,,,,,,,true
f08c27c4-dce5-48d0-aa88-81fe56d26b63,2026-07-26T08:53:35.641146Z,,,,,,,,true
cb86e59a-b47e-4611-bdef-90e41f193039,2026-07-26T08:53:35.675515Z,,,,,,,,true
450d391f-bfb2-419a-9463-00d48e28221e,2026-07-26T08:53:35.709951Z,,,,,,,,true
37c898f1-d4a8-4dcc-a48b-c1553f9c2ec1,2026-07-26T08:53:35.744718Z,,,,,,,,true
3bb8d6e6-e523-4fe0-bcda-8d6de1cad711,2026-07-26T08:53:35.778741Z,,,,,,,,true
11479404-0a94-4b63-a6a1-681c5cb6349a,2026-07-26T08:53:35.816296Z,,,,,,,,true
54ba5a4b-748a-4545-864f-bdf9680c086f,2026-07-26T08:53:35.847908Z,,,,,,,,true
22ca11da-a9f1-4e76-a1b8-8560ae9d4647,2026-07-26T08:53:35.88261Z,,,,,,,,true
9d9a82ed-dc28-4489-8eab-0e66ab5f3d64,2026-07-26T08:53:35.916441Z,,,,,,,,true
323af281-295b-489c-a33a-d705ffff33a1,2026-07-26T08:53:35.951571Z,,,,,,,,true
680228a6-0d82-409c-9630-7e0a594ea5f6,2026-07-26T08:53:35.984463Z,,,,,,,,true
078e4831-615a-42f2-9dad-ae0d467e26f0,2026-07-26T08:53:36.018125Z,,,,,,,,true
eefcdddd-caf7-4cb1-8a97-9d267879757a,2026-07-26T08:53:36.05281Z,,,,,,,,true
4d00f0cf-58e4-402e-8cd2-d20ba58793dd,2026-07-26T08:53:36.08752Z,,,,,,,,true
20bd713a-5b5d-4347-8ac5-b3ca82bebc21,2026-07-26T08:53:36.121357Z,,,,,,,,true
71a5bc20-f1e8-4417-88d2-d7822dd9f0eb,2026-07-26T08:53:36.15599Z,,,,,,,,true
5ad1ca8f-24ec-4c7a-a745-f6271bd9b4eb,2026-07-26T08:53:36.190813Z,,,,,,,,true
08b0d919-f6a1-47ad-af35-c7a44f0bb9b2,2026-07-26T08:53:36.22772Z,,,,,,,,true
e60d0af3-c37d-4fb1-88e7-71190f9018aa,2026-07-26T08:53:36.26139Z,,,,,,,,true
30d126b2-5794-4f7c-bd60-fc4ff5ea8184,2026-07-26T08:53:36.294723Z,,,,,,,,true
56d42899-49e8-4759-8478-8487d76d94ff,2026-07-26T08:53:36.334277Z,,,,,,,,true
c9bdce51-2dc6-4065-90c6-317112b2520f,2026-07-26T08:53:36.365814Z,,,,,,,,true
073bb57f-e8a9-4af9-9df3-9568cd1145c6,2026-07-26T08:53:36.402737Z,,,,,,,,true
2c273f87-6cc1-42e5-80e1-29c60eb89e6b,2026-07-26T08:53:36.431105Z,,,,,,,,true
1042350c-6567-4df2-a5eb-f61ce5285b6a,2026-07-26T08:53:36.465591Z,,,,,,,,true
567f2feb-c036-4213-b0f9-0a2c2680bf57,2026-07-26T08:53:36.50037Z,,,,,,,,true
38ab89f5-e955-40c7-ae54-9ab191dfb4a2,2026-07-26T08:53:36.534531Z,,,,,,,,true
d9dfee55-c50c-45df-9da1-9b560485aaeb,2026-07-26T08:53:36.570036Z,,,,,,,,true
272b8a29-2bea-4a8b-8d7a-a7f6d6822cff,2026-07-26T08:53:36.603701Z,,,,,,,,true
2bc3502e-b7ad-4a27-aa70-56272f91a161,2026-07-26T08:53:36.638809Z,,,,,,,,true
4de4125f-44f2-4b8e-b509-82c986707695,2026-07-26T08:53:36.672205Z,,,,,,,,true
15fd0490-7d82-42bc-a3ce-6bea8f9ba0dd,2026-07-26T08:53:36.70617Z,,,,,,,,true
129c0172-efc6-494c-a2e4-3d53fbc1893a,2026-07-26T08:53:36.740084Z,,,,,,,,true
f41650c3-b3b9-4e3e-87ab-bd8354d98472,2026-07-26T08:53:36.775017Z,,,,,,,,true
fbe93421-801e-47d9-927d-636efc7c49c3,2026-07-26T08:53:36.809759Z,,,,,,,,true
a429c225-36d9-4b76-8ca0-99f5e55f60da,2026-07-26T08:53:36.84367Z,,,,,,,,true
af7e4539-46ed-4329-af76-103c14297159,2026-07-26T08:53:36.878819Z,,,,,,,,true
3b2a5685-8751-4431-b0a5-a3af176e8d90,2026-07-26T08:53:36.914488Z,,,,,,,,true
5b1bcf66-bed5-41a6-8a0b-840e6123e13b,2026-07-26T08:53:36.947085Z,,,,,,,,true
9e01fa4f-61c3-41e8-ab89-9b4b2fd794ad,2026-07-26T08:53:36.983874Z,,,,,,,,true
94c6d501-cfd9-4ba3-a907-ecca9c2b8f10,2026-07-26T08:53:37.014945Z,,,,,,,,true
22006a27-1c2e-4066-8834-f7a6ec53b997,2026-07-26T08:53:37.049302Z,,,,,,,,true
bf72fb9e-557a-4126-84dd-011af1e25b03,2026-07-26T08:53:37.082262Z,,,,,,,,true
85a46804-12f5-4e5d-8ce1-dc4f94de4877,2026-07-26T08:53:37.116515Z,,,,,,,,true
c67e7328-e648-4785-8bf1-78e48d811e88,2026-07-26T08:53:37.151022Z,,,,,,,,true
efc51905-ee39-455f-b3ab-9109ba017a4f,2026-07-26T08:53:37.184743Z,,,,,,,,true
63a8e788-a6c9-44b3-b4f7-c05738b76578,2026-07-26T08:53:37.21869Z,,,,,,,,true
222560cd-5899-430d-8b61-f6a91f1584e6,2026-07-26T08:53:37.25351Z,,,,,,,,true
934d01bd-8047-4cfc-899f-69037f2294b2,2026-07-26T08:53:37.288645Z,,,,,,,,true
d93f42bb-f63d-4d89-a2ce-48c3160533e2,2026-07-26T08:53:37.322949Z,,,,,,,,true
ed61d502-57ec-4fca-a869-ff7a023c9876,2026-07-26T08:53:37.36602Z,,,,,,,,true
7855f67b-6a5b-46b3-97bc-94634c02c343,2026-07-26T08:53:37.393737Z,,,,,,,,true
0fc39058-b658-45d6-826a-57c34dac8f33,2026-07-26T08:53:37.426677Z,,,,,,,,true
fe0a72da-f809-494e-9e67-70dd5702c239,2026-07-26T08:53:37.466792Z,,,,,,,,true
6fdbd31c-f236-40dd-9e1a-62c076fd6a9a,2026-07-26T08:53:37.495958Z,,,,,,,,true
84f3557d-9e36-4c05-8f4a-46ef3b675e3c,2026-07-26T08:53:37.529667Z,,,,,,,,true
bf6b6cc5-7280-403f-812b-5245dc9edb94,2026-07-26T08:53:37.565108Z,,,,,,,,true
9803ce8f-f9b8-4e82-845e-0df448f0002e,2026-07-26T08:53:37.597974Z,,,,,,,,true
383f8565-8783-4add-b5d4-a3678f9b027d,2026-07-26T08:53:37.634603Z,,,,,,,,true
d81e1539-1437-4dad-b516-52d06cc2d817,2026-07-26T08:53:37.66819Z,,,,,,,,true
5fa919c7-587d-43bd-a66c-55eea94c9eda,2026-07-26T08:53:37.703289Z,,,,,,,,true
16b42b79-5619-4708-b081-6027a385ea5e,2026-07-26T08:53:37.736871Z,,,,,,,,true
0ce11570-830b-4fbc-887c-80337071a92d,2026-07-26T08:53:37.771618Z,,,,,,,,true
a0c7847e-ba4b-41b0-8d0e-d03cb173d46e,2026-07-26T08:53:37.856802Z,,,,,,,,true
0208f153-1f27-4a72-aea5-822ea9ae4957,2026-07-26T08:53:37.8662Z,,,,,,,,true
3e6a4ab4-46e0-4459-9d5e-19179af6770b,2026-07-26T08:53:37.907213Z,,,,,,,,true
9a3ceb53-4caa-4d56-9f01-9403a3b58807,2026-07-26T08:53:37.91381Z,,,,,,,,true
b340352f-2935-42bf-8b4d-198ce139715f,2026-07-26T08:53:37.947161Z,,,,,,,,true
7fe6b5a2-3928-4a28-bbdd-1ae48842a878,2026-07-26T08:53:37.980661Z,,,,,,,,true
b347a102-c409-4930-a14a-e0dc167ab454,2026-07-26T08:53:38.014021Z,,,,,,,,true
ae1b7025-5109-4d63-a264-c3da53d345cf,2026-07-26T08:53:38.049932Z,,,,,,,,true
cf69b746-b53b-4d77-bf24-1f77ed162a2a,2026-07-26T08:53:38.083616Z,,,,,,,,true
6f168145-c2d8-4b60-924c-c1b9c7d8f2cf,2026-07-26T08:53:38.120398Z,,,,,,,,true
6dea3370-b038-4444-b4d7-f26a41ea8454,2026-07-26T08:53:38.151518Z,,,,,,,,true
5f3a07c9-76b0-4682-b8bc-8a3fbbc811aa,2026-07-26T08:53:38.18578Z,,,,,,,,true
0c397f7f-d842-4cc4-9c3b-89f65f88f296,2026-07-26T08:53:38.220003Z,,,,,,,,true
244a9849-9f0d-4bdf-90dc-db0293af9ff9,2026-07-26T08:53:38.253688Z,,,,,,,,true
bbf0e4f7-b82f-438e-a7d9-f424ec4d4b61,2026-07-26T08:53:38.288623Z,,,,,,,,true
53f96a37-1ee1-43d0-a396-ddf6081f7ac5,2026-07-26T08:53:38.322599Z,,,,,,,,true
fe15c25d-8cec-41bb-b3a4-c87bc6159ef8,2026-07-26T08:53:38.356194Z,,,,,,,,true
d344177e-8ed9-43b9-a022-7fd3f7700eea,2026-07-26T08:53:38.394292Z,,,,,,,,true
bbcab29f-7f23-42a4-b402-221fb69ef131,2026-07-26T08:53:38.424263Z,,,,,,,,true
11da1eb9-83bb-4e89-879d-145f784ae3a2,2026-07-26T08:53:38.458287Z,,,,,,,,true
5cfef602-f8bb-49e8-b383-68c1ff4925b5,2026-07-26T08:53:38.492704Z,,,,,,,,true
d38000ee-a62c-4f3e-826c-dd8043aa3781,2026-07-26T08:53:38.527957Z,,,,,,,,true
ef27bc0f-237c-4f97-aeca-e2181a52a5a6,2026-07-26T08:53:38.565553Z,,,,,,,,true
5b550ab2-2e6a-4bf5-814e-cc36a54b51f4,2026-07-26T08:53:38.596648Z,,,,,,,,true
877e5e3b-0036-4932-9d41-32c05a330bd4,2026-07-26T08:53:38.632996Z,,,,,,,,true
b1d512c5-e69c-497e-a9d8-3ed632341f19,2026-07-26T08:53:38.670646Z,,,,,,,,true
df2b568b-4f8c-4dea-8ae0-54a61d1c1b90,2026-07-26T08:53:38.697719Z,,,,,,,,true
7ed12c76-f516-49cb-bc89-fd4c4c36de78,2026-07-26T08:53:38.732071Z,,,,,,,,true
8d0176bd-675f-4a7d-bf4f-326c75a0ec2b,2026-07-26T08:53:38.766303Z,,,,,,,,true
887c3e14-fded-4987-aec7-b95d38882d4c,2026-07-26T08:53:38.799279Z,,,,,,,,true
0db8bdd6-76f7-4bbb-9c6c-e5f1b4c81b3e,2026-07-26T08:53:38.833391Z,,,,,,,,true
6f74b247-b3fe-4c01-abce-e5b85a023d74,2026-07-26T08:53:38.870547Z,,,,,,,,true
8af62f98-2608-4ec9-a97f-9ca947010e71,2026-07-26T08:53:38.902043Z,,,,,,,,true
c3cea5ec-20b1-4d73-aa63-42b700bc8e98,2026-07-26T08:53:38.936559Z,,,,,,,,true
259f632f-fffe-4c48-9115-fd516441443a,2026-07-26T08:53:38.971143Z,,,,,,,,true
9bedd794-1f4f-4d00-be15-f4077ee248c4,2026-07-26T08:53:39.005527Z,,,,,,,,true
09c61321-5f4e-4ce9-bbd3-d9a6e07905b7,2026-07-26T08:53:39.040048Z,,,,,,,,true
ae2b1706-d452-431d-9ac4-8e925022f809,2026-07-26T08:53:39.077675Z,,,,,,,,true
c8e4f24e-e641-4bba-aecf-5e25b1440d54,2026-07-26T08:53:39.108977Z,,,,,,,,true
fa53d4dd-e8cd-466c-a874-21e509487f46,2026-07-26T08:53:39.145509Z,,,,,,,,true
e5a59f59-67a8-4128-b4da-a07fda503f76,2026-07-26T08:53:39.189737Z,,,,,,,,true
a9e07b8d-2ec1-445e-b0e5-09314fa8924f,2026-07-26T08:53:39.212953Z,,,,,,,,true
fe507e9f-c0bb-4e5a-aa56-7033745a63fa,2026-07-26T08:53:39.248156Z,,,,,,,,true
a5ff6b8d-f141-4474-b1eb-4ffeedf392d5,2026-07-26T08:53:39.282087Z,,,,,,,,true
7f679571-c961-4efc-8f11-0317c388135b,2026-07-26T08:53:39.315379Z,,,,,,,,true
2056bc57-b23d-4438-9620-bf461a8a819c,2026-07-26T08:53:39.350162Z,,,,,,,,true
db4cc1d7-050f-4d4e-b6e6-4334436c3f66,2026-07-26T08:53:39.384424Z,,,,,,,,true
0f1d1b8a-f4e5-4c88-a1fc-7b4b4e463b5d,2026-07-26T08:53:39.419049Z,,,,,,,,true
172ac7e1-e297-423b-b04b-f0681544f07f,2026-07-26T08:53:39.454145Z,,,,,,,,true
610d0ba5-0964-48dd-bb0e-03870adadb9d,2026-07-26T08:53:39.487639Z,,,,,,,,true
255be99c-1883-40e4-877c-94cbbae1b8d7,2026-07-26T08:53:39.521667Z,,,,,,,,true
bf864613-1233-461c-88a9-6323a0cd1d62,2026-07-26T08:53:39.55639Z,,,,,,,,true
0c29ee08-cd56-409b-8ba2-6abe9d6b02b5,2026-07-26T08:53:39.591601Z,,,,,,,,true
f4926d51-981a-4db6-98db-dad7b359896c,2026-07-26T08:53:39.625945Z,,,,,,,,true
ff0bfd47-45dd-4788-a45a-e3c11756caac,2026-07-26T08:53:39.661022Z,,,,,,,,true
1184dac8-2f16-4cc2-a17a-d487e503298e,2026-07-26T08:53:39.69402Z,,,,,,,,true
47030bd3-6405-4438-b734-c896ab3d0372,2026-07-26T08:53:39.727365Z,,,,,,,,true
6146bcc2-211b-4a19-b6b8-046a65813321,2026-07-26T08:53:39.76227Z,,,,,,,,true
8fd988f9-987a-4633-9daa-e7dafd6af0f8,2026-07-26T08:53:39.796159Z,,,,,,,,true
170c52e3-66a7-49a0-80d0-660f18de8e3d,2026-07-26T08:53:39.830564Z,,,,,,,,true
df26e353-8582-4c74-980f-0993a3521ba9,2026-07-26T08:53:39.867232Z,,,,,,,,true
aae18053-eff6-4192-a4f1-e2a86e2654e0,2026-07-26T08:53:39.900909Z,,,,,,,,true
da65d296-8616-4a7f-a92b-60e3ee0f5258,2026-07-26T08:53:39.934365Z,,,,,,,,true
d7cf3fef-68d4-4225-82f0-c01c73dfeb89,2026-07-26T08:53:39.968493Z,,,,,,,,true
f6293055-9a8b-46b1-9b1a-4c913faf2d4c,2026-07-26T08:53:40.002085Z,,,,,,,,true
63d73975-d1e6-4b74-a525-48d51ccb634b,2026-07-26T08:53:40.03662Z,,,,,,,,true
3a6f1e2c-1cc5-44d3-8d45-20bc404b59de,2026-07-26T08:53:40.11156Z,,,,,,,,true
805cbbd5-ff07-4253-b36b-9dbb2eb69cc5,2026-07-26T08:53:40.116Z,,,,,,,,true
5cbb4aa5-204f-4b9b-944f-c51864a1103d,2026-07-26T08:53:40.143757Z,,,,,,,,true
247ba93d-a1d1-4ef6-b7f2-b3cf737b760a,2026-07-26T08:53:40.174354Z,,,,,,,,true
9c4b2db4-cb74-453c-854d-83f1c8c70f9e,2026-07-26T08:53:40.208826Z,,,,,,,,true
08bdc864-9733-4856-a71c-68a95c612d91,2026-07-26T08:53:40.243806Z,,,,,,,,true
c4486c27-e514-479c-98ec-a168ac3402f3,2026-07-26T08:53:40.278812Z,,,,,,,,true
b859dfc8-e93a-470b-9e4f-0ada902385d2,2026-07-26T08:53:40.315503Z,,,,,,,,true
9d722b7e-62e5-492e-a107-4265359e11f0,2026-07-26T08:53:40.347259Z,,,,,,,,true
6d8b8610-08cd-4dc4-bcbc-370c4368c5c4,2026-07-26T08:53:40.381424Z,,,,,,,,true
7159b36f-2111-487a-9d05-de8f993bccb8,2026-07-26T08:53:40.415511Z,,,,,,,,true
a02a02d2-f3a8-4add-8a5a-bf64878b5094,2026-07-26T08:53:40.453937Z,,,,,,,,true
eb411163-1d02-4364-a1c9-229286d65285,2026-07-26T08:53:40.485591Z,,,,,,,,true
699b2682-7685-4836-8295-960aa9a24cbe,2026-07-26T08:53:40.521272Z,,,,,,,,true
33e3baf2-a6cc-4fba-94a1-c4545bbcde11,2026-07-26T08:53:40.55597Z,,,,,,,,true
b1112a99-1f92-4b1f-a68d-4b84b39afb45,2026-07-26T08:53:40.588158Z,,,,,,,,true
67ab47c4-1546-4ccb-a215-4bce688395ea,2026-07-26T08:53:40.623743Z,,,,,,,,true
746bd98b-b9d5-46ce-b60e-42bc6e872ac2,2026-07-26T08:53:40.656611Z,,,,,,,,true
f5355160-f635-4857-8341-b31ddf19ee91,2026-07-26T08:53:40.689979Z,,,,,,,,true
ed0c8781-5a28-4b87-9bd3-0ae773d85cfa,2026-07-26T08:53:40.725184Z,,,,,,,,true
57dc2ec5-4b76-4aca-86e9-071e6849933e,2026-07-26T08:53:40.757449Z,,,,,,,,true
d1511993-3329-4b19-887c-aa453d1b1e05,2026-07-26T08:53:40.791854Z,,,,,,,,true
00e31fdb-8ede-4278-9675-b9bd7859951b,2026-07-26T08:53:40.826474Z,,,,,,,,true
06030214-0867-42ef-8428-8d19757bb1b1,2026-07-26T08:53:40.860769Z,,,,,,,,true
94a0781b-261d-4ee2-a6c3-2a0707c38dde,2026-07-26T08:53:40.894658Z,,,,,,,,true
be787c26-c166-4103-93bf-990b302efc3b,2026-07-26T08:53:40.929536Z,,,,,,,,true
8e8d0872-ee49-43b0-b350-4ab9a5a5e96c,2026-07-26T08:53:40.962997Z,,,,,,,,true
82abd204-9aed-460c-bdb6-7338b99c865a,2026-07-26T08:53:40.997718Z,,,,,,,,true
c3c43c10-9198-4450-aed8-d9f478e85405,2026-07-26T08:53:41.032392Z,,,,,,,,true
a022fdb7-d5d7-407b-a6ae-311a09c5eaca,2026-07-26T08:53:41.066985Z,,,,,,,,true
4b7ebc9a-5cd3-4a2a-9a86-54ad55832702,2026-07-26T08:53:41.100974Z,,,,,,,,true
07c4683f-0615-4112-915b-40c42189f681,2026-07-26T08:53:41.135347Z,,,,,,,,true
8021ce3a-f24d-4a4f-939e-9dda75a9bd5c,2026-07-26T08:53:41.170026Z,,,,,,,,true
16ddaf88-0a71-4f33-ac0d-9fb6e4c65d6b,2026-07-26T08:53:41.204137Z,,,,,,,,true
51240fb8-d67a-46a2-91fe-5ac7be908a8e,2026-07-26T08:53:41.238608Z,,,,,,,,true
bef4a71a-ffb1-42d3-bfdb-72c63b79668c,2026-07-26T08:53:41.273283Z,,,,,,,,true
7b590302-c134-4c9a-980e-ef522b654514,2026-07-26T08:53:41.310675Z,,,,,,,,true
d2dfbe80-7447-4e6b-b63a-be29acc677b8,2026-07-26T08:53:41.341224Z,,,,,,,,true
e309787a-e017-48d6-9d2c-0350803eda97,2026-07-26T08:53:41.375011Z,,,,,,,,true
9274fc0d-f1b2-4900-9c65-3be0b8465545,2026-07-26T08:53:41.408737Z,,,,,,,,true
8a489379-1fe3-4a36-a706-3032b5a9b849,2026-07-26T08:53:41.443329Z,,,,,,,,true
782e1baf-9a85-4118-af87-5fd34d9331cb,2026-07-26T08:53:41.477906Z,,,,,,,,true
2f0a4ccd-2c5d-44c4-a078-fb4b883774b4,2026-07-26T08:53:41.511461Z,,,,,,,,true
73134f15-e539-4e75-bd0d-f721a664a786,2026-07-26T08:53:41.546926Z,,,,,,,,true
c195e264-aa1e-4d8b-9370-3c14f206111d,2026-07-26T08:53:41.580779Z,,,,,,,,true
7830371b-fe07-4138-b25a-cc16e95045d4,2026-07-26T08:53:41.614578Z,,,,,,,,true
dddac756-2d8e-4c08-a29b-d06fbbc5ff7b,2026-07-26T08:53:41.648018Z,,,,,,,,true
f0da864d-1ec2-44f0-8722-add64b17e8e1,2026-07-26T08:53:41.683417Z,,,,,,,,true
d2c8e23f-3284-417f-8689-b67695890133,2026-07-26T08:53:41.717993Z,,,,,,,,true
d3aba47d-d0a2-47ce-bc7d-c6559d2c7f81,2026-07-26T08:53:41.750955Z,,,,,,,,true
74100bb4-8b56-4dbd-8dfd-5f226f7c2ac3,2026-07-26T08:53:41.785501Z,,,,,,,,true
69e46c3e-43db-4ccc-ab9c-4bb07f27a24a,2026-07-26T08:53:41.819061Z,,,,,,,,true
ef3a64f5-1167-41a4-b6db-f4e47cc627ad,2026-07-26T08:53:41.853689Z,,,,,,,,true
6820d0a7-7f33-4d88-950e-b4f962ff8c63,2026-07-26T08:53:41.888326Z,,,,,,,,true
dc8702ea-38cf-4e6f-b8a5-b8860afe2494,2026-07-26T08:53:41.922576Z,,,,,,,,true
3e565b4f-76bf-4958-985e-19a240836ab8,2026-07-26T08:53:41.957456Z,,,,,,,,true
add666d5-4e4c-4f40-bc8e-e1d192aa892b,2026-07-26T08:53:41.991548Z,,,,,,,,true
cbd629d4-2e58-4aa0-a64c-d0d3c6a2cf70,2026-07-26T08:53:42.026971Z,,,,,,,,true
9140ffaa-d21d-4cff-9f7b-8de4709f64aa,2026-07-26T08:53:42.060822Z,,,,,,,,true
88ab73c0-8560-4488-9ea0-c560d6b042fd,2026-07-26T08:53:42.095581Z,,,,,,,,true
08d6e3a5-32f3-4ee7-b484-f21ae199c2de,2026-07-26T08:53:42.128762Z,,,,,,,,true
9f1ce927-8df9-4074-9384-54d276675a59,2026-07-26T08:53:42.162579Z,,,,,,,,true
e30896b3-c183-4b0c-96e8-f6321c1db47e,2026-07-26T08:53:42.196921Z,,,,,,,,true
761d3da3-2207-4575-8001-718ceb93bc9f,2026-07-26T08:53:42.231256Z,,,,,,,,true
5a9bc8d6-367c-49a7-932f-a012ab57c207,2026-07-26T08:53:42.265633Z,,,,,,,,true
22b6c588-8366-4511-96ef-fdfc9d5e187f,2026-07-26T08:53:42.300214Z,,,,,,,,true
c6b71272-11ee-431f-99e8-8929eeb56502,2026-07-26T08:53:42.334703Z,,,,,,,,true
3b2c3729-29dc-4b45-906f-2dc218a6bbc1,2026-07-26T08:53:42.36837Z,,,,,,,,true
506166b1-4381-45ab-96a7-0c5fd2010a4c,2026-07-26T08:53:42.403234Z,,,,,,,,true
9965848a-0ebb-46d2-a1d1-fbcee7675672,2026-07-26T08:53:42.438756Z,,,,,,,,true
86d67c5a-7a3d-480b-828d-dbe4248d667d,2026-07-26T08:53:42.477811Z,,,,,,,,true
f0a6def2-ec89-426a-b04b-d1f76343841e,2026-07-26T08:53:42.505436Z,,,,,,,,true
73230ab6-bfdd-454a-b22e-1851bdff912a,2026-07-26T08:53:42.546313Z,,,,,,,,true
ad8999e2-ba72-42e4-95cf-bad6947b16fc,2026-07-26T08:53:42.572878Z,,,,,,,,true
de7edb86-bdcd-4177-9cca-7996294fb53f,2026-07-26T08:53:42.606186Z,,,,,,,,true
07205c44-8504-4a12-8391-2c12f205838a,2026-07-26T08:53:42.640793Z,,,,,,,,true
d294a6c5-b2da-4e88-8fd8-3ee37fef08ca,2026-07-26T08:53:42.675047Z,,,,,,,,true
9fafeb54-3526-4435-bd76-514792ba9c29,2026-07-26T08:53:42.710177Z,,,,,,,,true
78153e31-4db9-4f7d-92ea-2f728e0a4969,2026-07-26T08:53:42.744624Z,,,,,,,,true
0efca8fd-8f8c-463c-8773-ee528ac14225,2026-07-26T08:53:42.778582Z,,,,,,,,true
6ecb11e4-d511-42bf-b3d8-0a823fd7e2e1,2026-07-26T08:53:42.814869Z,,,,,,,,true
a2a87b06-db6b-4750-9173-dd00ee33766e,2026-07-26T08:53:42.846939Z,,,,,,,,true
be1b90f1-09c7-417a-855a-28a390d6f45d,2026-07-26T08:53:42.881616Z,,,,,,,,true
efa70e94-4e91-4b43-88dd-cc621eaec850,2026-07-26T08:53:42.915971Z,,,,,,,,true
ca253984-8b83-443f-b44e-1a841dbcfbe7,2026-07-26T08:53:42.950443Z,,,,,,,,true
bfcac4c8-cfd9-4876-be61-b2638bdbf416,2026-07-26T08:53:42.985018Z,,,,,,,,true
457f63ad-61ff-46e3-93da-d9370c452ca4,2026-07-26T08:53:43.019607Z,,,,,,,,true
d034a3b6-350a-499f-aaa0-43b84f3f7c00,2026-07-26T08:53:43.054492Z,,,,,,,,true
8422ec47-a559-4460-8709-a49a12e4ebff,2026-07-26T08:53:43.089209Z,,,,,,,,true
6f50c536-11cb-4b78-ab39-5c60f46f87b6,2026-07-26T08:53:43.125921Z,,,,,,,,true
29dd4f8a-63c0-4905-9b52-6ac2a6343328,2026-07-26T08:53:43.157864Z,,,,,,,,true
e5edc498-5fa7-473b-bd06-da9474a2d115,2026-07-26T08:53:43.191382Z,,,,,,,,true
6c926efc-f96d-4eeb-8d5a-690c53aa6ef5,2026-07-26T08:53:43.232589Z,,,,,,,,true
619e2e52-eca7-4c87-afbd-58c2bb795407,2026-07-26T08:53:43.261449Z,,,,,,,,true
d8551663-09d0-43b3-9c6c-e5c888179905,2026-07-26T08:53:43.294171Z,,,,,,,,true
fd02583f-4bbc-4752-a354-9ab5e2f7bb23,2026-07-26T08:53:43.330668Z,,,,,,,,true
19b0b32d-a535-4432-ac84-ebaf65911867,2026-07-26T08:53:43.362629Z,,,,,,,,true
4251d834-0645-497c-ab85-878e0e34e19a,2026-07-26T08:53:43.397224Z,,,,,,,,true
8db8ea16-9be5-408c-8f19-80123c6e15a8,2026-07-26T08:53:43.433675Z,,,,,,,,true
f1dbd8c8-5805-4b14-bf3f-39d2124419d1,2026-07-26T08:53:43.465633Z,,,,,,,,true
8535ca13-82c1-46fa-a905-537a82c1edd2,2026-07-26T08:53:43.50095Z,,,,,,,,true
18de225b-ecfe-49fe-b46e-91dad66b1e7f,2026-07-26T08:53:43.534325Z,,,,,,,,true
b954c3cf-c60e-41af-b0e6-cf7ebcb549f9,2026-07-26T08:53:43.571046Z,,,,,,,,true
7ea96133-94bb-46fb-b859-9d6e5b9a7e20,2026-07-26T08:53:43.603826Z,,,,,,,,true
d444646d-e4da-4862-b6c4-afca6424c3cd,2026-07-26T08:53:43.638437Z,,,,,,,,true
7400984b-f40f-44a3-90db-cf87c0e35808,2026-07-26T08:53:43.671557Z,,,,,,,,true
98760d73-5f05-422c-851f-6b7a9f3f8106,2026-07-26T08:53:43.705229Z,,,,,,,,true
5251318a-c659-45cc-a395-c81b8b21ec4d,2026-07-26T08:53:43.739678Z,,,,,,,,true
82901dca-87d9-4ee8-a2aa-07d28b149fb5,2026-07-26T08:53:43.774035Z,,,,,,,,true
0b16f6c4-e63b-400b-a50e-8396118e1e44,2026-07-26T08:53:43.808655Z,,,,,,,,true
ddf1ef9f-6305-47ba-b74d-b732e579d7c4,2026-07-26T08:53:43.84353Z,,,,,,,,true
6dd29500-8a4b-49ba-a533-93c58e892dfe,2026-07-26T08:53:43.878214Z,,,,,,,,true
9ad0c265-903a-40ed-8f01-d6139a2cb874,2026-07-26T08:53:43.913432Z,,,,,,,,true
5272bfc8-663d-4087-b576-b0c83a52efa8,2026-07-26T08:53:43.946027Z,,,,,,,,true
6ffc868a-7a0f-4535-acbf-718a87088cac,2026-07-26T08:53:43.980319Z,,,,,,,,true
6c97c8a8-4ec0-470a-ae4c-8fb93a250873,2026-07-26T08:53:44.017338Z,,,,,,,,true
25e026cb-588c-4aa4-97a8-b8c0d8b7bf1f,2026-07-26T08:53:44.048777Z,,,,,,,,true
d7802646-dc8d-407e-98e5-af47b65e9a64,2026-07-26T08:53:44.082461Z,,,,,,,,true
8c9ebbd0-ee20-4757-9540-8033993c3ca1,2026-07-26T08:53:44.116233Z,,,,,,,,true
e49d01d7-4fde-4a1b-9095-3e3e1fbaa22e,2026-07-26T08:53:44.152961Z,,,,,,,,true
3ff930b8-6e74-4013-ac22-217b83cfc130,2026-07-26T08:53:44.184686Z,,,,,,,,true
6a6c835d-11e8-4339-8559-64a58077cf17,2026-07-26T08:53:44.220373Z,,,,,,,,true
5ebbac74-6bbb-43d4-9d1d-320249e72828,2026-07-26T08:53:44.25467Z,,,,,,,,true
4dc36a0f-2165-4e28-821f-c9cf2a8176a1,2026-07-26T08:53:44.289195Z,,,,,,,,true
564a015b-dbb5-4c01-a28c-e050b24d87a3,2026-07-26T08:53:44.324337Z,,,,,,,,true
6f4b3f63-f9cf-404e-8235-2596f0c658b3,2026-07-26T08:53:44.358459Z,,,,,,,,true
fd2065f8-3464-4f23-8056-3413e39a7550,2026-07-26T08:53:44.392397Z,,,,,,,,true
f55773a4-0da1-47d3-90fc-127e060d30b6,2026-07-26T08:53:44.42603Z,,,,,,,,true
d04c0c70-5740-4ab1-8650-4f792df2332e,2026-07-26T08:53:44.460499Z,,,,,,,,true
f274fe99-5f1c-4d35-8323-75c3e845027e,2026-07-26T08:53:44.494647Z,,,,,,,,true
bc4a5449-9695-4700-a21f-12786534d865,2026-07-26T08:53:44.543467Z,,,,,,,,true
1dff0bff-22d4-4979-b1ab-ae8f7104484b,2026-07-26T08:53:44.579965Z,,,,,,,,true
4bf6a04e-7bbe-4b99-a300-6242c918b75b,2026-07-26T08:53:44.6335Z,,,,,,,,true
efe3c963-cfc1-44ff-8d16-49f3d2006810,2026-07-26T08:53:44.640611Z,,,,,,,,true
da0d63c8-b383-4c82-b7be-4b53660bcf63,2026-07-26T08:53:44.676624Z,,,,,,,,true
15d09c44-647b-464e-a156-f45cb8417414,2026-07-26T08:53:44.710889Z,,,,,,,,true
5c52dfde-321e-4bc7-bf17-717bb8638e8d,2026-07-26T08:53:44.739932Z,,,,,,,,true
552f08a4-7ad1-4dc8-9626-bd004123c0a0,2026-07-26T08:53:44.768148Z,,,,,,,,true
8e097021-e16b-487f-80d0-6577c4de0dae,2026-07-26T08:53:44.803207Z,,,,,,,,true
6f0e7dc5-e6cf-4f6e-951a-30283d4b8fa8,2026-07-26T08:53:44.836872Z,,,,,,,,true
6f73e5f7-8c13-40bd-8b68-582f40d8c272,2026-07-26T08:53:44.87096Z,,,,,,,,true
0f6708fd-2e6b-4dd0-819f-a938c49a4b16,2026-07-26T08:53:44.905903Z,,,,,,,,true
7b831018-6e9d-407d-b216-4d5cbf99027a,2026-07-26T08:53:44.943813Z,,,,,,,,true
cafcc2b3-4530-49b5-9890-2a721ab3bf5f,2026-07-26T08:53:44.981564Z,,,,,,,,true
c1751afa-bb58-4f20-ba5e-7ed1caa40085,2026-07-26T08:53:45.008137Z,,,,,,,,true
095199f2-f05c-4527-985e-7f528b97a87c,2026-07-26T08:53:45.042844Z,,,,,,,,true
5a4d68a0-b0f5-4309-a829-e75346b011dc,2026-07-26T08:53:45.076123Z,,,,,,,,true
9d0caae4-bab1-4af3-b4e1-56ed61c0772d,2026-07-26T08:53:45.110117Z,,,,,,,,true
f80ff64d-3eff-4297-908b-cfd47233d686,2026-07-26T08:53:45.144787Z,,,,,,,,true
0765f3f4-8d4e-4414-8ca0-d44ad1a0e83c,2026-07-26T08:53:45.178564Z,,,,,,,,true
096dd321-5752-4c27-9acd-663e8926cfd9,2026-07-26T08:53:45.213117Z,,,,,,,,true
4f252406-dd4d-4c82-b124-e68f2771dc6b,2026-07-26T08:53:45.247511Z,,,,,,,,true
46225748-4048-4599-86c0-2b6aed75f10f,2026-07-26T08:53:45.28202Z,,,,,,,,true
bf333716-e216-4e1e-9181-19b4eb676ed5,2026-07-26T08:53:45.316136Z,,,,,,,,true
52d23c33-83d9-4b05-bc17-e6b0594ed1d1,2026-07-26T08:53:45.351377Z,,,,,,,,true
8d31079c-25cb-46ad-91bc-0ae12a1eb680,2026-07-26T08:53:45.385054Z,,,,,,,,true
3d9ed9cd-db47-4227-b921-e13916f9bbdd,2026-07-26T08:53:45.422566Z,,,,,,,,true
d304bb24-5db1-4e40-a1fe-60f60ce0bbdc,2026-07-26T08:53:45.455405Z,,,,,,,,true
ce38f3ef-d6b4-4987-ad4d-958e54cf91be,2026-07-26T08:53:45.48831Z,,,,,,,,true
fdaf0e78-97e0-4daa-b882-5d4c27fc1419,2026-07-26T08:53:45.521918Z,,,,,,,,true
ea551084-b0a2-4e63-bd08-966107aec7a4,2026-07-26T08:53:45.556208Z,,,,,,,,true
c84cdeac-e592-496c-b0c5-1e79bdb423a2,2026-07-26T08:53:45.590825Z,,,,,,,,true
5a52ad6a-ee1b-4833-b78d-c02895b26ebc,2026-07-26T08:53:45.625768Z,,,,,,,,true
54886a4c-5425-4238-93d7-8a35e8b77669,2026-07-26T08:53:45.659526Z,,,,,,,,true
f9d8ebd0-24a6-458a-ba4e-ca372ab59ebe,2026-07-26T08:53:45.693933Z,,,,,,,,true
4a528157-4881-4609-b5d8-27a1f56f0f7f,2026-07-26T08:53:45.728368Z,,,,,,,,true
a8b15e3b-0ad3-4a58-b2d0-94bd2dea4139,2026-07-26T08:53:45.763696Z,,,,,,,,true
be590066-5dd4-473b-8f66-efac0fc7f725,2026-07-26T08:53:45.798152Z,,,,,,,,true
033ce5c6-e106-4362-98c4-d1cd22aca1e5,2026-07-26T08:53:45.838891Z,,,,,,,,true
c3133547-0a51-4c5f-8f87-e49fb02c6a28,2026-07-26T08:53:45.869411Z,,,,,,,,true
f5d8b1ca-5687-4180-9db0-7072869b03da,2026-07-26T08:53:45.90273Z,,,,,,,,true
53a479cb-c815-4627-9f68-8146209aa976,2026-07-26T08:53:45.936298Z,,,,,,,,true
50cff299-88f5-4bb9-bb1f-c14275b7a729,2026-07-26T08:53:45.97029Z,,,,,,,,true
161d252f-f8df-487e-8373-b3ddd969f88f,2026-07-26T08:53:46.006744Z,,,,,,,,true
2484034d-f817-4deb-9aa0-ba8f783e7030,2026-07-26T08:53:46.039651Z,,,,,,,,true
3f17eef5-5fef-4afe-8d26-ee32c3c83983,2026-07-26T08:53:46.073339Z,,,,,,,,true
6cb67e1d-20fe-4edc-a150-250085f24de1,2026-07-26T08:53:46.108329Z,,,,,,,,true
6b4b9708-feeb-4e3d-911a-306b6100a089,2026-07-26T08:53:46.143664Z,,,,,,,,true
5a9143c7-c6ea-44af-8cfe-1dc22dc8675f,2026-07-26T08:53:46.178385Z,,,,,,,,true
d0692238-c027-4190-a34e-00c1494effd2,2026-07-26T08:53:46.213065Z,,,,,,,,true
647afac9-da26-4cd5-b462-78fa284a1e4c,2026-07-26T08:53:46.247745Z,,,,,,,,true
9b0c6936-d4cc-4a83-bc1a-571d5c1d24ee,2026-07-26T08:53:46.28099Z,,,,,,,,true
38db79ad-5cc1-4d63-91e4-be4876388dcd,2026-07-26T08:53:46.315363Z,,,,,,,,true
4e9292d0-5154-4d14-9c5c-18d9a35a3f5f,2026-07-26T08:53:46.3493Z,,,,,,,,true
032a88e3-c0f0-4d75-9e33-81d954b40b1b,2026-07-26T08:53:46.383696Z,,,,,,,,true
3d014a75-4423-4f44-b098-923452c38733,2026-07-26T08:53:46.41733Z,,,,,,,,true
672f38d6-f8fc-49c8-81e0-98a7d3d59e6a,2026-07-26T08:53:46.453124Z,,,,,,,,true
4a078e09-fec1-481e-80e6-0117125bf393,2026-07-26T08:53:46.48708Z,,,,,,,,true
c0145e72-1fcc-4541-a380-be0833949ce4,2026-07-26T08:53:46.520176Z,,,,,,,,true
d63fbc66-bddb-40ee-ada4-cdef75a2daef,2026-07-26T08:53:46.55488Z,,,,,,,,true
02cb6c3d-99f3-4876-9deb-c377b207128d,2026-07-26T08:53:46.588517Z,,,,,,,,true
13581c62-7aee-478b-b09c-4aee6804e84f,2026-07-26T08:53:46.622253Z,,,,,,,,true
56f45b96-8b0f-4fda-b5d2-3568289c8932,2026-07-26T08:53:46.656663Z,,,,,,,,true
95000953-fd00-4002-bac7-81c5f37becbc,2026-07-26T08:53:46.691293Z,,,,,,,,true
af7027ce-4af9-43df-afb8-2367cd90b226,2026-07-26T08:53:46.724685Z,,,,,,,,true
da39a305-86dd-4f7e-961f-b61f02800dce,2026-07-26T08:53:46.763705Z,,,,,,,,true
02740c68-525a-4da7-b5c6-c271e6fd9375,2026-07-26T08:53:46.794472Z,,,,,,,,true
88208da4-e449-4755-8883-71e5bad3b764,2026-07-26T08:53:46.830338Z,,,,,,,,true
0e6e6c7d-a6c0-4b03-b048-8745205abf72,2026-07-26T08:53:46.862165Z,,,,,,,,true
7912fdac-73ae-4fdc-9a89-320c0cd6e852,2026-07-26T08:53:46.896758Z,,,,,,,,true
accf324f-38c7-4c9e-9766-85e32e627d9d,2026-07-26T08:53:46.931232Z,,,,,,,,true
dda53ccd-0a5b-481f-8748-4420abfc90d8,2026-07-26T08:53:46.964705Z,,,,,,,,true
ed859b3f-5d6f-4dca-94d7-5667d32ef500,2026-07-26T08:53:46.999134Z,,,,,,,,true
4b295a72-e1bf-4da8-8f1c-38a1a66f5671,2026-07-26T08:53:47.034281Z,,,,,,,,true
d5340117-978c-4e2e-9307-d5aee063b032,2026-07-26T08:53:47.067821Z,,,,,,,,true
5bb4b12a-faf3-4be5-adeb-4bc8804d7b3c,2026-07-26T08:53:47.103152Z,,,,,,,,true
87ea777e-79f2-4705-87a2-74a7999e90db,2026-07-26T08:53:47.136632Z,,,,,,,,true
9812cbb7-59f7-4d2e-89f5-2f00043afc01,2026-07-26T08:53:47.171795Z,,,,,,,,true
5edf9954-524e-4449-854b-e0b025879aad,2026-07-26T08:53:47.206893Z,,,,,,,,true
8a67c3bf-2f0b-41ef-9924-185aabc63b7f,2026-07-26T08:53:47.239858Z,,,,,,,,true
9c0abff4-a162-49eb-a21c-c36b46745799,2026-07-26T08:53:47.274463Z,,,,,,,,true
dd4aef26-f73f-4836-b1b3-322a4c57882a,2026-07-26T08:53:47.30908Z,,,,,,,,true
14d87618-b18c-4478-b1f0-723dea1d94c8,2026-07-26T08:53:47.342909Z,,,,,,,,true
f1835d94-c2c3-4e53-bf70-d008b4412fe9,2026-07-26T08:53:47.377249Z,,,,,,,,true
76eb8953-e131-443b-a028-3506d85fcff2,2026-07-26T08:53:47.411837Z,,,,,,,,true
dadcfbb6-160a-4bb9-aa24-44099bc111b0,2026-07-26T08:53:47.447395Z,,,,,,,,true
c4697e42-f09a-4440-91f5-3a36d8b4f4d6,2026-07-26T08:53:47.481137Z,,,,,,,,true
4974f6fe-be0c-441a-8c5e-2d25c267e97b,2026-07-26T08:53:47.515358Z,,,,,,,,true
2308b285-3a9c-414a-9727-69372cf190fd,2026-07-26T08:53:47.551336Z,,,,,,,,true
dc52890c-2a8c-4e4f-9194-384abefd4ccd,2026-07-26T08:53:47.584463Z,,,,,,,,true
cceae964-648a-492a-ba3e-855e9c588252,2026-07-26T08:53:47.618572Z,,,,,,,,true
d8c38d30-18f6-4e21-808d-c9a93214dbc4,2026-07-26T08:53:47.652996Z,,,,,,,,true
672a1dad-d14f-4d41-a521-fa4a47c12bc1,2026-07-26T08:53:47.688322Z,,,,,,,,true
5e646457-d602-4e90-ab14-8f8dcd6eb639,2026-07-26T08:53:47.720877Z,,,,,,,,true
0457192d-5bd8-4366-8152-191360f2e101,2026-07-26T08:53:47.75519Z,,,,,,,,true
7f8f25ef-8bfa-409d-93c4-4284257d1b1d,2026-07-26T08:53:47.789557Z,,,,,,,,true
b7052eec-8099-4314-b75b-450b8cdf80fd,2026-07-26T08:53:47.82441Z,,,,,,,,true
6d567859-e2f6-4338-9007-a033cb142378,2026-07-26T08:53:47.858894Z,,,,,,,,true
3af13765-ae07-4b01-bc4f-5f3a5a384a47,2026-07-26T08:53:47.892974Z,,,,,,,,true
b301e12c-84ed-49e4-a0e3-9d12f99a9087,2026-07-26T08:53:47.926686Z,,,,,,,,true
f31c41dc-9494-49ad-82dc-ebc176462403,2026-07-26T08:53:47.960545Z,,,,,,,,true
58c2ba41-c007-4c6d-b106-68d488928298,2026-07-26T08:53:47.998002Z,,,,,,,,true
7b5e59c1-2230-4f93-9d56-dcb3b3353c8e,2026-07-26T08:53:48.043764Z,,,,,,,,true
ee530756-1691-4a14-af2c-cbb22b3195c1,2026-07-26T08:53:48.083552Z,,,,,,,,true
82927a1e-6b10-4812-ac8b-bac023ea89cc,2026-07-26T08:53:48.09773Z,,,,,,,,true
79ac1a81-4d88-4428-9d5f-36e50d99d196,2026-07-26T08:53:48.133948Z,,,,,,,,true
ffdbc8c5-dd90-4758-9276-f713ce19928e,2026-07-26T08:53:48.166332Z,,,,,,,,true
814455c7-188a-4993-b83b-4818a78feeba,2026-07-26T08:53:48.200876Z,,,,,,,,true
3fb0bce6-ae02-4f7e-a6df-2e7a63a720df,2026-07-26T08:53:48.235946Z,,,,,,,,true
47a937fb-11c2-439e-99b0-9c5a592aecac,2026-07-26T08:53:48.26921Z,,,,,,,,true
9b141e21-2742-4676-89f4-d2b931dc254f,2026-07-26T08:53:48.303343Z,,,,,,,,true
1030851c-43cf-4ea1-b8f3-ea4c9f927081,2026-07-26T08:53:48.337599Z,,,,,,,,true
74e635b3-f991-4709-a838-2fdf1c2634a4,2026-07-26T08:53:48.371722Z,,,,,,,,true
2ef8db39-4117-4129-98fa-a317f894732a,2026-07-26T08:53:48.406747Z,,,,,,,,true
5452a9fc-9ac4-4c9a-9cf8-71f8180ee1e7,2026-07-26T08:53:48.44667Z,,,,,,,,true
37ae1c11-fb7e-4cdd-9cf9-370d5e20f74b,2026-07-26T08:53:48.480957Z,,,,,,,,true
751b6abf-dafd-42c9-924a-9ace788f49cc,2026-07-26T08:53:48.515453Z,,,,,,,,true
64f084de-a7b4-4441-9060-61349e029c90,2026-07-26T08:53:48.548594Z,,,,,,,,true
9776ebe0-4776-4704-834a-953d2355676f,2026-07-26T08:53:48.583696Z,,,,,,,,true
ceab9d62-9198-475f-a80e-e37712bfe2e3,2026-07-26T08:53:48.61653Z,,,,,,,,true
2b14767f-d55a-48ce-926b-00fd5206848b,2026-07-26T08:53:48.650272Z,,,,,,,,true
678d202a-413e-4ea8-9a78-4c189114a177,2026-07-26T08:53:48.684631Z,,,,,,,,true
7b0381dd-f13b-49db-8160-cc6886929c60,2026-07-26T08:53:48.720291Z,,,,,,,,true
7f1698f4-c5dc-4db4-8f2f-b7ad62632e36,2026-07-26T08:53:48.754361Z,,,,,,,,true
51951177-e658-4fb1-aa34-63c53c2174fc,2026-07-26T08:53:48.788665Z,,,,,,,,true
7c14c821-d27b-4f4a-85a8-96574e180585,2026-07-26T08:53:48.821506Z,,,,,,,,true
4ed6879e-efa3-46f2-9f25-32f4565f7c20,2026-07-26T08:53:48.863227Z,,,,,,,,true
935f7cdb-dd2d-430b-8294-e424f4257e26,2026-07-26T08:53:48.888966Z,,,,,,,,true
83be1657-856c-494f-8b6d-8ab08e5646b1,2026-07-26T08:53:48.924708Z,,,,,,,,true
72cb98a3-cbe8-41cf-aa7d-14c937f21112,2026-07-26T08:53:48.959187Z,,,,,,,,true
131a4246-e31e-451d-bc5e-e0b1f86f7116,2026-07-26T08:53:48.991663Z,,,,,,,,true
d770a910-5d74-4824-bfe9-f95803c1e41e,2026-07-26T08:53:49.02537Z,,,,,,,,true
4d80f2b7-f568-49b0-bca1-ec903856e677,2026-07-26T08:53:49.060342Z,,,,,,,,true
4c7ff3cc-b830-4077-9c63-7c522b4cad10,2026-07-26T08:53:49.093125Z,,,,,,,,true
1eb9d901-98f2-439d-aaab-4bfd1be37ca2,2026-07-26T08:53:49.12762Z,,,,,,,,true
5dd7c4dd-2497-47be-8e1f-b85097825b7c,2026-07-26T08:53:49.162167Z,,,,,,,,true
452c1b26-f043-4562-b1e4-624ce2aebfd6,2026-07-26T08:53:49.202742Z,,,,,,,,true
af082a1f-7952-4a5a-a473-446d478df02e,2026-07-26T08:53:49.23076Z,,,,,,,,true
311813b5-c5de-4c40-8b60-b6b9983416ce,2026-07-26T08:53:49.264736Z,,,,,,,,true
f2af060d-c885-4260-ae77-71a2a311bae7,2026-07-26T08:53:49.299805Z,,,,,,,,true
c59d21fb-6643-42bf-9800-74ca422cae37,2026-07-26T08:53:49.333664Z,,,,,,,,true
e5aa1c33-a569-441b-9f8f-85c820c5778a,2026-07-26T08:53:49.370382Z,,,,,,,,true
85a0ad41-0728-43a9-a59b-1f9b3c839c86,2026-07-26T08:53:49.403485Z,,,,,,,,true
8bd3f0f2-6d91-4129-8689-699fd2c25bfa,2026-07-26T08:53:49.447986Z,,,,,,,,true
97e51863-f23e-416b-8411-e580b61bfade,2026-07-26T08:53:49.472365Z,,,,,,,,true
16242658-e14a-4c60-a870-5ba175bda88a,2026-07-26T08:53:49.506378Z,,,,,,,,true
3b711b00-2419-41da-8c19-8c6bbf1019e4,2026-07-26T08:53:49.541187Z,,,,,,,,true
829b1ef1-661d-473b-a8d6-dcabece3cd78,2026-07-26T08:53:49.583923Z,,,,,,,,true
804675a4-baa0-4375-9440-5325d40b132c,2026-07-26T08:53:49.609122Z,,,,,,,,true
a7e8ffb8-674a-4313-855a-e6967f69da5e,2026-07-26T08:53:49.644627Z,,,,,,,,true
d5abc99a-6563-495a-ab04-bc9a4b33316b,2026-07-26T08:53:49.67706Z,,,,,,,,true
87741afb-d018-47b3-8da6-d631ca5828da,2026-07-26T08:53:49.712846Z,,,,,,,,true
74b2e3e4-8339-41ba-afe8-87abcb5bd0d4,2026-07-26T08:53:49.746018Z,,,,,,,,true
e322d119-e24f-486a-8322-4a43d4b0bd3d,2026-07-26T08:53:49.781285Z,,,,,,,,true
62336d8c-3849-4faa-96cf-388168709e8b,2026-07-26T08:53:49.817563Z,,,,,,,,true
b5af3d3d-9d8c-4e50-b21a-2596e00c7fe0,2026-07-26T08:53:49.850025Z,,,,,,,,true
d629f43f-3128-4406-b0e1-9a2119e879fb,2026-07-26T08:53:49.882829Z,,,,,,,,true
f87ea1da-b2c2-4b52-ad07-3cdf648d9ade,2026-07-26T08:53:49.919931Z,,,,,,,,true
9cbb9b0d-4ec0-4f52-8ae0-3099c9453f02,2026-07-26T08:53:49.95197Z,,,,,,,,true
16bc12f2-45c9-4ce6-bd85-15d31df7c65a,2026-07-26T08:53:49.986064Z,,,,,,,,true
02ef84f2-6cb5-48f6-9008-87957d0598d1,2026-07-26T08:53:50.023418Z,,,,,,,,true
85aa878c-932d-4abb-b12e-df462af45513,2026-07-26T08:53:50.076591Z,,,,,,,,true
b05ba735-4cf1-4e27-88a7-142382cf2066,2026-07-26T08:53:50.093302Z,,,,,,,,true
b048623d-db38-4e30-8792-3c84c08400f3,2026-07-26T08:53:50.123275Z,,,,,,,,true
c4aeeb22-9286-451a-8919-0a87f081deb8,2026-07-26T08:53:50.157659Z,,,,,,,,true
fc4b471f-2273-4aaa-abdb-3308a7485be2,2026-07-26T08:53:50.195083Z,,,,,,,,true
e64840b6-aa8e-492d-b596-7737d4676eb8,2026-07-26T08:53:50.224467Z,,,,,,,,true
e1e0732e-16f5-49b0-91ac-125be7a5bf97,2026-07-26T08:53:50.261397Z,,,,,,,,true
36f674f0-398f-4fab-a9f1-49e0994c5db1,2026-07-26T08:53:50.294594Z,,,,,,,,true
cea7c323-42fa-4b9a-8baa-ded7e37d10f9,2026-07-26T08:53:50.327982Z,,,,,,,,true
4226358c-7d42-4b14-abe3-557fef8c5c40,2026-07-26T08:53:50.364719Z,,,,,,,,true
5b4be6ae-cbb1-42a8-9b28-7f05878cc9f7,2026-07-26T08:53:50.397695Z,,,,,,,,true
e2cf7142-b3c8-44bc-93d6-093ba187c460,2026-07-26T08:53:50.432102Z,,,,,,,,true
94b7a61b-c745-4d56-b15e-2e2d7490002e,2026-07-26T08:53:50.4656Z,,,,,,,,true
75ae3c96-5de2-4bcb-96e7-2b37e8f941ed,2026-07-26T08:53:50.500153Z,,,,,,,,true
ec3e1de1-cabe-45df-ac89-ecf43ee4dab7,2026-07-26T08:53:50.534744Z,,,,,,,,true
7efb0da5-0e61-4370-9a9d-c023c5d44ca0,2026-07-26T08:53:50.56936Z,,,,,,,,true
89de95bc-b011-4de8-bde5-00e45bb6c206,2026-07-26T08:53:50.604686Z,,,,,,,,true
2fddb781-1607-420c-9d7f-87bf25e14565,2026-07-26T08:53:50.640731Z,,,,,,,,true
a86b021f-7bf5-497d-9d73-51b3c85f3f47,2026-07-26T08:53:50.671937Z,,,,,,,,true
978ed8fb-c82c-4737-a815-db5097874068,2026-07-26T08:53:50.705716Z,,,,,,,,true
bc6fa2ac-4a17-4247-a163-c3640b33ced8,2026-07-26T08:53:50.740236Z,,,,,,,,true
fe1dcbf2-17c3-44b9-b429-6d1434db85c9,2026-07-26T08:53:50.774961Z,,,,,,,,true
a62e85df-1fd9-4312-b354-00392cbb60eb,2026-07-26T08:53:50.809195Z,,,,,,,,true
4606c92c-22d8-44d2-a2e1-fb3b62c87cff,2026-07-26T08:53:50.84398Z,,,,,,,,true
b1eb998a-66eb-4e46-b025-0930bb12e730,2026-07-26T08:53:50.878937Z,,,,,,,,true
bc1ae6a9-4cc3-4ed1-ac37-c7777836eef7,2026-07-26T08:53:50.913215Z,,,,,,,,true
fc02d407-b3cf-4c00-ae18-fb9a095b329a,2026-07-26T08:53:50.946072Z,,,,,,,,true
86b20275-70a7-4045-9116-313836beb481,2026-07-26T08:53:50.980558Z,,,,,,,,true
4d20096b-e45d-4189-8a63-402ddc8d1367,2026-07-26T08:53:51.015157Z,,,,,,,,true
04a8287f-307d-4fc1-b51d-61a9a4b8ebce,2026-07-26T08:53:51.052281Z,,,,,,,,true
7ebc71b7-ad29-4b75-aa79-f4e20183208c,2026-07-26T08:53:51.08536Z,,,,,,,,true
8c27069a-f1df-4069-a445-75a90a3c7e73,2026-07-26T08:53:51.119031Z,,,,,,,,true
9b1c32e0-f307-452e-b5be-19785def318f,2026-07-26T08:53:51.154131Z,,,,,,,,true
bf8ec746-6761-4dfa-94ae-8a9baf30fa6c,2026-07-26T08:53:51.187361Z,,,,,,,,true
ecbf149d-e3e4-4b81-a9ed-34ffb5fb8647,2026-07-26T08:53:51.221006Z,,,,,,,,true
6def9105-036a-4b5c-bec1-e7f7b9e7dd41,2026-07-26T08:53:51.255035Z,,,,,,,,true
6dce78b0-5581-420c-8411-6914e4f2dddb,2026-07-26T08:53:51.290445Z,,,,,,,,true
cc622a5c-214c-4924-9883-d927f2609731,2026-07-26T08:53:51.324672Z,,,,,,,,true
c30d432e-5556-41bc-958d-d67455d2f0bc,2026-07-26T08:53:51.358812Z,,,,,,,,true
1c72a22f-21e0-4a8f-acf5-6b7838232a88,2026-07-26T08:53:51.393718Z,,,,,,,,true
1b7a5c3d-4765-4b74-a657-ab0b90dd1ebb,2026-07-26T08:53:51.427405Z,,,,,,,,true
46e61196-85c3-48a0-a451-8e5ca5e43eec,2026-07-26T08:53:51.464092Z,,,,,,,,true
8d4927fc-e49b-4891-9612-8f5628f563da,2026-07-26T08:53:51.497178Z,,,,,,,,true
d49821b4-4e58-47c7-8a79-0132d241851a,2026-07-26T08:53:51.530326Z,,,,,,,,true
680e4f9e-b84f-49af-b67d-ad82a8a28810,2026-07-26T08:53:51.568142Z,,,,,,,,true
945545ba-c6cb-4179-9b30-483b37b1b154,2026-07-26T08:53:51.599816Z,,,,,,,,true
128579d2-62bc-4084-9904-20de15dc02cd,2026-07-26T08:53:51.638533Z,,,,,,,,true
f97e91ca-0b8d-4da1-a150-d29a247c7724,2026-07-26T08:53:51.668241Z,,,,,,,,true
860c7ac2-22a2-4bdb-b204-e7a978f98dbd,2026-07-26T08:53:51.702379Z,,,,,,,,true
db598b79-e4fa-4054-8bb4-8ff484889038,2026-07-26T08:53:51.736777Z,,,,,,,,true
041241e9-17b7-48b0-af5b-66d960cebb8d,2026-07-26T08:53:51.771916Z,,,,,,,,true
ab9196d2-7425-4d58-a8b5-7e1fc77fec14,2026-07-26T08:53:51.8076Z,,,,,,,,true
c54384ed-446d-439f-bfe5-8aab3e9bc083,2026-07-26T08:53:51.840443Z,,,,,,,,true
33846cf9-027e-4c2b-865c-4f78e7e0373b,2026-07-26T08:53:51.874193Z,,,,,,,,true
5e4a4547-553d-4271-be21-908b2c97610b,2026-07-26T08:53:51.911729Z,,,,,,,,true
068c57fd-cdb5-4998-8ed8-094c94429f8f,2026-07-26T08:53:51.943137Z,,,,,,,,true
23f39d6e-13cd-4036-b862-8bc7afe096e0,2026-07-26T08:53:51.976897Z,,,,,,,,true
99dccff6-f7b5-4639-8be7-88bfc270bc84,2026-07-26T08:53:52.011138Z,,,,,,,,true
fdb6e89a-87e0-49f0-834c-86faf8578d54,2026-07-26T08:53:52.045509Z,,,,,,,,true
45efbd0e-8211-432d-b982-ee9c1c4be7ef,2026-07-26T08:53:52.08237Z,,,,,,,,true
645e1d19-c965-478d-a7cf-277a4e90eb0b,2026-07-26T08:53:52.114779Z,,,,,,,,true
504de65b-6717-43b0-90a6-6c95c40f8459,2026-07-26T08:53:52.148783Z,,,,,,,,true
20073bb7-b036-43d2-aefe-305439f5ac2b,2026-07-26T08:53:52.190162Z,,,,,,,,true
75266008-d1cc-4551-a1c2-111d94ae848e,2026-07-26T08:53:52.216042Z,,,,,,,,true
3a7e8b47-e4b2-41bf-b169-969c30a11d34,2026-07-26T08:53:52.250229Z,,,,,,,,true
198545db-7ac9-43c2-a2f5-c7770bdf68c7,2026-07-26T08:53:52.285205Z,,,,,,,,true
6a9eee14-4c6a-4925-b8e2-d316fab42217,2026-07-26T08:53:52.321017Z,,,,,,,,true
a0ac976d-f214-44c9-8592-e3deb15a57ed,2026-07-26T08:53:52.354792Z,,,,,,,,true
20aa8304-823d-401c-b7e8-8a27e48f6942,2026-07-26T08:53:52.387295Z,,,,,,,,true
01d4dfc1-8a88-4fa4-9d8a-1615abae32eb,2026-07-26T08:53:52.421813Z,,,,,,,,true
64988b40-9caf-4aea-9192-57e56755a0c6,2026-07-26T08:53:52.455549Z,,,,,,,,true
80281b0f-45d2-4e2a-a5a9-5e1106343e4a,2026-07-26T08:53:52.490368Z,,,,,,,,true
911e119b-35a4-4534-838f-ea88299ff3d3,2026-07-26T08:53:52.52451Z,,,,,,,,true
58e6ea86-618a-43b3-85f1-951fbe992f2f,2026-07-26T08:53:52.558509Z,,,,,,,,true
331d53ca-73d8-4645-9ba1-0e48ac9821e1,2026-07-26T08:53:52.594477Z,,,,,,,,true
f791419f-7d2e-4908-b1c6-4da586ff2c92,2026-07-26T08:53:52.628899Z,,,,,,,,true
e9239941-5957-40e1-8380-3880a8d91866,2026-07-26T08:53:52.663505Z,,,,,,,,true
d3401018-3f7f-48fd-aba2-862a8e3db8d4,2026-07-26T08:53:52.697434Z,,,,,,,,true
3837fd72-fcbd-4da6-9e2c-2ca21615be45,2026-07-26T08:53:52.730394Z,,,,,,,,true
9b2821ab-a622-4750-bb33-facfb88fd0ca,2026-07-26T08:53:52.764469Z,,,,,,,,true
383874ad-9ddf-4c0a-9fd7-1b152d256b24,2026-07-26T08:53:52.801636Z,,,,,,,,true
03cbdbd6-a7d5-4364-8e64-a285a432a552,2026-07-26T08:53:52.833296Z,,,,,,,,true
cd256282-2da4-4530-bda6-10e01026c796,2026-07-26T08:53:52.868537Z,,,,,,,,true
5677a2c7-5f5e-4f84-acb5-30b2aec7c99f,2026-07-26T08:53:52.902289Z,,,,,,,,true
4f7724b4-7eb7-48c1-b354-8e14ef9c2e16,2026-07-26T08:53:52.938167Z,,,,,,,,true
a7dd58e1-d77d-48e7-97dd-fc120a783277,2026-07-26T08:53:52.971621Z,,,,,,,,true
a207559b-3230-4e9a-874f-6fc1b212c312,2026-07-26T08:53:53.005484Z,,,,,,,,true
478fd31b-e3b2-4cf3-b515-eaf6b1a02b2c,2026-07-26T08:53:53.040852Z,,,,,,,,true
412b4701-372f-4d5d-a06f-b4776aea5b41,2026-07-26T08:53:53.075011Z,,,,,,,,true
0ee56975-dfe1-4b37-8e49-ba40900cce24,2026-07-26T08:53:53.108182Z,,,,,,,,true
72c2522d-9969-4185-98f2-d85f56f2a188,2026-07-26T08:53:53.1433Z,,,,,,,,true
00b6c7c2-0f59-4f9c-b0c3-0138860a1012,2026-07-26T08:53:53.176893Z,,,,,,,,true
902a0ab2-af1a-43a4-ac68-822780667f8e,2026-07-26T08:53:53.211497Z,,,,,,,,true
77aa9ddd-07db-4a88-a200-e6e689e2ace1,2026-07-26T08:53:53.246167Z,,,,,,,,true
6acd86dd-fa76-49b4-93c0-d1ef4e8abfa5,2026-07-26T08:53:53.282183Z,,,,,,,,true
c713a809-bd91-48ce-9b0c-c85f18973876,2026-07-26T08:53:53.316044Z,,,,,,,,true
53ebe8d3-2fb7-469a-b510-0388c427f037,2026-07-26T08:53:53.349985Z,,,,,,,,true
b356def7-1a51-4844-a77f-9ac94140241a,2026-07-26T08:53:53.383408Z,,,,,,,,true
8c951f22-678e-4e4b-9fa7-626b4a099dcc,2026-07-26T08:53:53.417403Z,,,,,,,,true
4afbcf94-55b7-4baf-9d08-348cf8ae9b4b,2026-07-26T08:53:53.45243Z,,,,,,,,true
0ccb692e-b4a0-425f-8e5b-003a336c46ef,2026-07-26T08:53:53.487605Z,,,,,,,,true
bcba8db0-008a-4810-93f7-291fa08aefa1,2026-07-26T08:53:53.519439Z,,,,,,,,true
b53c3d39-5e40-40b5-bed5-77216450bb74,2026-07-26T08:53:53.554667Z,,,,,,,,true
59bfe467-f2f2-4352-bd4d-e358f1b6e8a5,2026-07-26T08:53:53.58857Z,,,,,,,,true
d4499f3b-0d7e-434f-bcdb-63eb96d4d18a,2026-07-26T08:53:53.622533Z,,,,,,,,true
23d54c7c-3f11-42ed-aa32-e430c4bebc8e,2026-07-26T08:53:53.657438Z,,,,,,,,true
a4cdb89e-d46b-45e9-b726-2fc9065615e9,2026-07-26T08:53:53.6926Z,,,,,,,,true
92e7006a-2ecb-423d-abcc-20998aebc069,2026-07-26T08:53:53.727919Z,,,,,,,,true
74cb981d-706d-43bb-945d-73413466499e,2026-07-26T08:53:53.759172Z,,,,,,,,true
61ee6247-2d5c-40d4-a62f-efba1c2a65d0,2026-07-26T08:53:53.791689Z,,,,,,,,true
1765549b-76a0-4296-be22-b38cfa070693,2026-07-26T08:53:53.826808Z,,,,,,,,true
4e9cd384-8c42-4db3-8e81-5a0d77570766,2026-07-26T08:53:53.861418Z,,,,,,,,true
9bcf1c52-ff7a-42ff-a7ae-a38b6602b29a,2026-07-26T08:53:53.895988Z,,,,,,,,true
d6fd93bc-8627-41d8-bb13-71ea328dd585,2026-07-26T08:53:53.929328Z,,,,,,,,true
74ae9e9a-7d6c-4e3e-8384-bb38510bf57a,2026-07-26T08:53:53.964213Z,,,,,,,,true
9f628210-616c-4572-b9e1-352a8894497a,2026-07-26T08:53:53.997991Z,,,,,,,,true
77ce9578-f38e-47fc-a8b8-63096f5c04b8,2026-07-26T08:53:54.032092Z,,,,,,,,true
fd3918ff-38da-4811-a4b8-8ab82e95583d,2026-07-26T08:53:54.068019Z,,,,,,,,true
54afd578-649b-40bf-8144-66400e0b0a10,2026-07-26T08:53:54.101552Z,,,,,,,,true
ef454d0d-ba98-4b0b-adaf-dfa2908bd5f2,2026-07-26T08:53:54.13455Z,,,,,,,,true
0dd4df0f-48f5-427b-824c-1bd7bba24491,2026-07-26T08:53:54.170112Z,,,,,,,,true
b17f2b1e-c959-4dca-982b-ce6effcab3b5,2026-07-26T08:53:54.203801Z,,,,,,,,true
52ea082b-0bf7-4cc9-80c1-f422320e718d,2026-07-26T08:53:54.239166Z,,,,,,,,true
2c0a2494-00c4-4d4c-bfee-73768aa1f02d,2026-07-26T08:53:54.272529Z,,,,,,,,true
3223921a-f783-4623-8fca-2362ec22643f,2026-07-26T08:53:54.310534Z,,,,,,,,true
8f106266-3994-4756-83fa-44c1bf1f477c,2026-07-26T08:53:54.341269Z,,,,,,,,true
ad147ed0-c01e-4a25-8c09-e8176785d43e,2026-07-26T08:53:54.380382Z,,,,,,,,true
8e083ba6-df61-403e-99e2-59cb19fd74fa,2026-07-26T08:53:54.412584Z,,,,,,,,true
8007be14-80cf-48d0-9d96-3250d56a3657,2026-07-26T08:53:54.443893Z,,,,,,,,true
73905cab-940c-44a4-a0c4-9e93b9d8c85f,2026-07-26T08:53:54.477257Z,,,,,,,,true
9fa65039-b925-4135-963f-ecc8d886e3ac,2026-07-26T08:53:54.51244Z,,,,,,,,true
655576e1-4728-4b1d-a504-77a6d9a94c0d,2026-07-26T08:53:54.546608Z,,,,,,,,true
39bfab0d-7ea2-4430-8561-e7f07508fec1,2026-07-26T08:53:54.581332Z,,,,,,,,true
c7371f94-b521-4418-b202-13287fc0cfb9,2026-07-26T08:53:54.61574Z,,,,,,,,true
2ee3cf8e-abc5-4b4f-b8b3-46c6a5ce0997,2026-07-26T08:53:54.651051Z,,,,,,,,true
9bd0d2b1-2849-44db-9247-661f7402515f,2026-07-26T08:53:54.685703Z,,,,,,,,true
464fb8b8-be24-4a02-b9c3-d50e72ec7833,2026-07-26T08:53:54.72037Z,,,,,,,,true
35f79e45-d9f6-444c-b074-8a79a7d008d3,2026-07-26T08:53:54.75506Z,,,,,,,,true
9c484140-e49d-4374-8267-476f52cfd8de,2026-07-26T08:53:54.789884Z,,,,,,,,true
64793a60-8b0b-4c30-9ca2-c988ebbaa33c,2026-07-26T08:53:54.823478Z,,,,,,,,true
397cd9f5-66b1-42e2-95f5-72da468e6d9d,2026-07-26T08:53:54.857521Z,,,,,,,,true
55e97f51-6f43-4260-8cd6-f7316de4ebbf,2026-07-26T08:53:54.893333Z,,,,,,,,true
a556286b-5168-464a-98c2-b4fb0f597a91,2026-07-26T08:53:54.927305Z,,,,,,,,true
b91870b1-08dd-4460-b5cf-50f80611962c,2026-07-26T08:53:54.96419Z,,,,,,,,true
d5b10ad7-2538-43c8-9a7a-dab782747dc1,2026-07-26T08:53:54.993548Z,,,,,,,,true
d14c0ed5-7383-47d9-a67d-af97eb6c1bb1,2026-07-26T08:53:55.027789Z,,,,,,,,true
adb7c9ea-de40-4ed1-aba0-898ef3bd4454,2026-07-26T08:53:55.064737Z,,,,,,,,true
a75e4c93-4ef1-417c-98bd-2d6ed1b8d9a0,2026-07-26T08:53:55.098336Z,,,,,,,,true
a5947fd2-1923-4ddd-8d05-d1972bb5cf33,2026-07-26T08:53:55.130668Z,,,,,,,,true
bef1207a-4fff-4104-ba30-aaed83476129,2026-07-26T08:53:55.167415Z,,,,,,,,true
eebaa519-06f6-4226-b0ac-56fc96a2f31f,2026-07-26T08:53:55.199396Z,,,,,,,,true
1eb1e84c-e45e-4bbe-a01f-1c20f0359232,2026-07-26T08:53:55.233804Z,,,,,,,,true
a89381fc-8d09-42ec-8bf0-18d91a7b49ff,2026-07-26T08:53:55.268111Z,,,,,,,,true
78fd1d55-97de-42b5-bb48-b011990c1add,2026-07-26T08:53:55.302797Z,,,,,,,,true
292a47bb-2eb3-47fe-af44-41e91ce8012a,2026-07-26T08:53:55.337643Z,,,,,,,,true
6f27cd10-28ec-408a-8ffd-95943b2a07cf,2026-07-26T08:53:55.372863Z,,,,,,,,true
0fc61b53-9e17-4bbd-84d2-296e6296b83d,2026-07-26T08:53:55.406688Z,,,,,,,,true
7b709b82-cf04-41c4-a63b-6076abe0aada,2026-07-26T08:53:55.440557Z,,,,,,,,true
54f4513d-70be-407d-b302-720ed9fc751a,2026-07-26T08:53:55.476649Z,,,,,,,,true
9d37b024-ea9b-4e3a-bffb-50259f3795a0,2026-07-26T08:53:55.509959Z,,,,,,,,true
4d140102-da8c-4a2c-ada6-736215ef1b31,2026-07-26T08:53:55.544734Z,,,,,,,,true
ab02f5b6-b54f-4bc5-9b29-765847f8d7f2,2026-07-26T08:53:55.577676Z,,,,,,,,true
e83940e2-97a0-44a2-8c54-df1e8b0b770d,2026-07-26T08:53:55.611764Z,,,,,,,,true
dafefb4d-d612-4268-9a73-9e5228436750,2026-07-26T08:53:55.647032Z,,,,,,,,true
423156ac-b59b-4475-a9db-7dee5d6e6d08,2026-07-26T08:53:55.682659Z,,,,,,,,true
cb3c8b87-d9f6-4176-9932-4970384454f8,2026-07-26T08:53:55.719595Z,,,,,,,,true
5b17f2f6-ba4d-419b-b67a-7da3d4d668e6,2026-07-26T08:53:55.749094Z,,,,,,,,true
663e7064-6ef1-42fa-adf4-3be05e68a6ab,2026-07-26T08:53:55.783966Z,,,,,,,,true
1de0af3f-818c-403c-96cc-b9ed76299623,2026-07-26T08:53:55.818293Z,,,,,,,,true
d59321ed-56dd-43d3-89d1-b3354fb32e18,2026-07-26T08:53:55.852677Z,,,,,,,,true
5c6d2d01-3e82-4842-9ba3-1a8385c63274,2026-07-26T08:53:55.887225Z,,,,,,,,true
6c5dfb83-17f2-4573-a06e-60673df8503a,2026-07-26T08:53:55.920615Z,,,,,,,,true
ed2425bb-a18e-40c3-b791-a89e9f59bb3d,2026-07-26T08:53:55.955786Z,,,,,,,,true
3e8975a6-5f6d-4005-b753-b8f4f8703b15,2026-07-26T08:53:55.99258Z,,,,,,,,true
9cb62042-11b1-45f5-97d0-1aaeb2b3eb53,2026-07-26T08:53:56.024012Z,,,,,,,,true
446f4589-99ea-43af-8fed-e14c3eda5234,2026-07-26T08:53:56.057845Z,,,,,,,,true
cdb20b49-d7ae-455c-85fe-cdadc12b0d14,2026-07-26T08:53:56.092988Z,,,,,,,,true
e07d495e-bd5b-46f1-92d3-7f113144e46c,2026-07-26T08:53:56.127847Z,,,,,,,,true
a14acae3-269e-4efb-bd4a-429d85c11bb4,2026-07-26T08:53:56.163359Z,,,,,,,,true
8c043b40-61b8-4aa6-9e79-b1ab39e38e4c,2026-07-26T08:53:56.196276Z,,,,,,,,true
6884c13d-b75a-4766-a7da-3e6608579ebe,2026-07-26T08:53:56.230044Z,,,,,,,,true
292f5c8b-3994-4a00-bd2f-98d5c614de46,2026-07-26T08:53:56.264938Z,,,,,,,,true
0d769870-9c96-4ab2-9be4-1bc027a0e97d,2026-07-26T08:53:56.299464Z,,,,,,,,true
5409dc50-9bbf-484e-a688-226b1720f59a,2026-07-26T08:53:56.334233Z,,,,,,,,true
a76d88a5-3a07-431b-b98a-53f17cab4291,2026-07-26T08:53:56.368426Z,,,,,,,,true
c9b81f76-f62d-4cc2-a8b8-4785defcdf3c,2026-07-26T08:53:56.403978Z,,,,,,,,true
354734af-6c72-406a-a023-c15680b21887,2026-07-26T08:53:56.438453Z,,,,,,,,true
52318b0b-76de-44ed-a30b-dd7d05503b81,2026-07-26T08:53:56.473965Z,,,,,,,,true
506cb220-c0b7-4d28-8080-78f19ea7641d,2026-07-26T08:53:56.50714Z,,,,,,,,true
b354265b-c379-4b01-a87a-545881f97449,2026-07-26T08:53:56.54088Z,,,,,,,,true
aa4df101-9c02-4a9b-ad9d-002501cee70e,2026-07-26T08:53:56.57677Z,,,,,,,,true
32c50dd6-84ab-4904-8965-d85e06f58bbd,2026-07-26T08:53:56.609652Z,,,,,,,,true
dab7b114-2aee-4d08-a34f-cf51a50baa0d,2026-07-26T08:53:56.643977Z,,,,,,,,true
c79a61ee-f5d1-434b-8cfe-7df0280c8170,2026-07-26T08:53:56.678233Z,,,,,,,,true
56df625b-a80e-4fe8-8b1c-a207b66a1386,2026-07-26T08:53:56.715125Z,,,,,,,,true
1ef6bb62-d472-4734-bee0-d4482f0925eb,2026-07-26T08:53:56.751658Z,,,,,,,,true
9e25ad2f-96cb-4f0d-8297-735e17d212d0,2026-07-26T08:53:56.781017Z,,,,,,,,true
ba1f2775-7a3e-45d1-a659-d81d7bd9bd8d,2026-07-26T08:53:56.815823Z,,,,,,,,true
26006788-9d10-4c0f-b4ac-3740773ac2e8,2026-07-26T08:53:56.852468Z,,,,,,,,true
cfed0366-bd10-4593-b358-6154c9300e40,2026-07-26T08:53:56.884283Z,,,,,,,,true
1e4d18e9-211d-4508-bdd3-7329c2ed2217,2026-07-26T08:53:56.919064Z,,,,,,,,true
315402b7-df4c-40b8-95d9-0cbe32999c48,2026-07-26T08:53:56.953194Z,,,,,,,,true
2eaa46b2-c770-44f6-9efc-8a8b22ddc50c,2026-07-26T08:53:56.988261Z,,,,,,,,true
96c2aa17-8889-438b-b237-a59357e9a1bc,2026-07-26T08:53:57.02354Z,,,,,,,,true
2f76fa0b-38d4-4fbd-aef6-e24db035aac2,2026-07-26T08:53:57.056Z,,,,,,,,true
d0441ee5-dfdc-4d3e-be27-7e08a9dad6cb,2026-07-26T08:53:57.089299Z,,,,,,,,true
3c965bbf-53dc-4e54-b585-80e2ac60fe8a,2026-07-26T08:53:57.12345Z,,,,,,,,true
ad9cc181-ea88-4739-8b79-78dd00812b3f,2026-07-26T08:53:57.158053Z,,,,,,,,true
8971b349-c0fe-418a-be39-414bc8c46112,2026-07-26T08:53:57.192597Z,,,,,,,,true
2921120d-9611-44c3-86ce-485b355726b9,2026-07-26T08:53:57.227123Z,,,,,,,,true
2e60c07c-432a-433a-a429-28838f7dccac,2026-07-26T08:53:57.265328Z,,,,,,,,true
c124a508-a1fc-4cc6-89c4-41e43368e66d,2026-07-26T08:53:57.295757Z,,,,,,,,true
8ef3749b-d381-4a68-9952-3bae3736ca99,2026-07-26T08:53:57.331766Z,,,,,,,,true
2bbb797b-d5b2-4d16-8fcf-2e97d5ab4f92,2026-07-26T08:53:57.364377Z,,,,,,,,true
ea6ad101-c261-4a26-b44e-345888cf0d0a,2026-07-26T08:53:57.399738Z,,,,,,,,true
5d0777a3-2198-46c2-8c3d-4a68f3547e97,2026-07-26T08:53:57.43611Z,,,,,,,,true
1a9472e5-ec7e-49ab-bbe3-b0d36d253ac0,2026-07-26T08:53:57.467423Z,,,,,,,,true
309ef3f2-7369-4711-b41b-ddf8f046952f,2026-07-26T08:53:57.501256Z,,,,,,,,true
8d1f166e-a2e9-4500-ad18-6817b5fc3386,2026-07-26T08:53:57.535821Z,,,,,,,,true
02d424b3-39ed-43a3-b524-783744086f03,2026-07-26T08:53:57.571588Z,,,,,,,,true
ab230c7e-0f30-42bc-8824-d46d46c4a7c7,2026-07-26T08:53:57.602779Z,,,,,,,,true
a6f13f07-8889-4347-a2f6-52a01dae7b9c,2026-07-26T08:53:57.637701Z,,,,,,,,true
a4697af7-d263-4872-9a72-b4a29b52ef71,2026-07-26T08:53:57.672079Z,,,,,,,,true
ce138a67-1276-4960-addc-e5ad955e8c68,2026-07-26T08:53:57.708751Z,,,,,,,,true
80dca973-e868-4abf-ba20-4babaec61772,2026-07-26T08:53:57.748644Z,,,,,,,,true
c60ddc7b-e37d-4104-8ea0-8783175d09cc,2026-07-26T08:53:57.776802Z,,,,,,,,true
17518060-be68-4743-9997-d4b70e95a342,2026-07-26T08:53:57.825487Z,,,,,,,,true
6ccd0ad8-83f5-42a5-80b9-4f04980cc7dd,2026-07-26T08:53:57.864826Z,,,,,,,,true
ccbe3b28-9e06-4b9d-a5dc-fc63da1fb2fb,2026-07-26T08:53:57.8974Z,,,,,,,,true
38c6fa37-a8d2-40fa-9e5f-e0e07938c49d,2026-07-26T08:53:57.92409Z,,,,,,,,true
3ab18896-b334-4520-a901-0c7db37fd0ee,2026-07-26T08:53:57.963054Z,,,,,,,,true
7e07e3ee-4cda-4620-9fcd-76e1197be22b,2026-07-26T08:53:57.992603Z,,,,,,,,true
9e9cc4f0-cc8a-4b3a-abad-8a455339348c,2026-07-26T08:53:58.013809Z,,,,,,,,true
d96bd51d-d96b-46d2-85fc-a6bfe591f185,2026-07-26T08:53:58.049249Z,,,,,,,,true
490a2a11-983c-41a0-a727-586483364d69,2026-07-26T08:53:58.096202Z,,,,,,,,true
e6fc6190-6469-42ba-9dae-15121defbd5f,2026-07-26T08:53:58.117004Z,,,,,,,,true
fab3bdb1-0fd7-451b-bd4d-a4fc41c94e52,2026-07-26T08:53:58.149609Z,,,,,,,,true
51ee8a1d-79e3-44cd-b13b-e4a8201f762b,2026-07-26T08:53:58.184071Z,,,,,,,,true
fc81fa1a-7876-41ce-9ddb-c821944430bf,2026-07-26T08:53:58.218595Z,,,,,,,,true
a74fa981-324b-430d-bc1a-5a38dc2450d3,2026-07-26T08:53:58.253291Z,,,,,,,,true
d7edc5c2-aaef-4bc4-b249-91ee574c2a1e,2026-07-26T08:53:58.289489Z,,,,,,,,true
a5dffb20-884a-4125-9f24-448f2955db80,2026-07-26T08:53:58.321574Z,,,,,,,,true
689035cf-ff0b-4cd9-beb5-7e66e4e94bd3,2026-07-26T08:53:58.356053Z,,,,,,,,true
10abde9b-bfba-43fd-905e-0c7557031979,2026-07-26T08:53:58.389985Z,,,,,,,,true
a4859ea1-0c16-42b9-bc9f-b3d571d04af2,2026-07-26T08:53:58.423938Z,,,,,,,,true
74993630-1836-4cfc-bb61-26a397e42550,2026-07-26T08:53:58.458449Z,,,,,,,,true
1638a00d-ecba-4414-93da-30cc6269188d,2026-07-26T08:53:58.494432Z,,,,,,,,true
1b1add6f-47aa-44a0-b469-231e2a1fcc6d,2026-07-26T08:53:58.526224Z,,,,,,,,true
31055ce0-0f13-4c63-8dd4-03d9235e332f,2026-07-26T08:53:58.560733Z,,,,,,,,true
e58abed4-e0d4-437f-ae06-289a98a96f50,2026-07-26T08:53:58.594673Z,,,,,,,,true
a3750a84-c4ec-49bc-a0eb-9ec222dc8994,2026-07-26T08:53:58.628474Z,,,,,,,,true
fb5bdacf-0556-436a-af1c-6528820e01f5,2026-07-26T08:53:58.662461Z,,,,,,,,true
64a7fb6b-e80c-482f-9fbc-5732f329c44c,2026-07-26T08:53:58.696714Z,,,,,,,,true
8f9dcb97-09ab-42e5-abc8-c05a882d5614,2026-07-26T08:53:58.731709Z,,,,,,,,true
73786d00-fd83-4e67-9d2d-2485a723bb07,2026-07-26T08:53:58.768409Z,,,,,,,,true
2b40881f-e91b-42aa-a733-7c4358d8b663,2026-07-26T08:53:58.801025Z,,,,,,,,true
77d893c4-a8e7-4226-be66-26e83106eeaa,2026-07-26T08:53:58.835594Z,,,,,,,,true
5b37d672-3712-48aa-a6ec-4aa4af3bfec3,2026-07-26T08:53:58.870601Z,,,,,,,,true
79f7c04f-a99b-4bc8-908c-b5b168b71b98,2026-07-26T08:53:58.904696Z,,,,,,,,true
f7c66a60-efc5-4a33-a669-66e01effdfa4,2026-07-26T08:53:58.940439Z,,,,,,,,true
d22b6b21-24ed-41ec-96c1-aaee76a1d7ce,2026-07-26T08:53:58.972988Z,,,,,,,,true
9b8818a6-5a11-4e91-8b43-886f10af35de,2026-07-26T08:53:59.007395Z,,,,,,,,true
db777e85-2089-42af-b9b7-a0a9f5672c51,2026-07-26T08:53:59.042373Z,,,,,,,,true
653c5e87-91eb-46b9-be63-1c1345aadb54,2026-07-26T08:53:59.076615Z,,,,,,,,true
d069d845-a46c-4800-a22e-8da728c4793c,2026-07-26T08:53:59.110995Z,,,,,,,,true
4a1ce7dd-1f7f-4203-a881-6efcdad21f47,2026-07-26T08:53:59.145245Z,,,,,,,,true
7b5f2b46-0044-4274-a498-1842bf03240c,2026-07-26T08:53:59.179187Z,,,,,,,,true
814126a6-275e-4664-b733-798d68c46c76,2026-07-26T08:53:59.21443Z,,,,,,,,true
cccbf679-06f0-4e79-981e-c6c464c96768,2026-07-26T08:53:59.248744Z,,,,,,,,true
4a0ab40e-e42d-4870-82fc-a65db1eae53f,2026-07-26T08:53:59.282503Z,,,,,,,,true
d4c2e4af-1ba0-4745-99b7-44cfa38d4164,2026-07-26T08:53:59.31655Z,,,,,,,,true
13bb6bb1-f864-4b50-a7b1-f61f6b9396f2,2026-07-26T08:53:59.351303Z,,,,,,,,true
1d4f63e0-7d5b-4853-8b74-ec198c0ddacd,2026-07-26T08:53:59.386227Z,,,,,,,,true
86cdf720-fbad-4bbc-ae88-6172f15b4b07,2026-07-26T08:53:59.419716Z,,,,,,,,true
e4895288-a73a-4b18-a157-61255d3df1ba,2026-07-26T08:53:59.453363Z,,,,,,,,true
ba54d059-45ad-452f-9456-dd82c3388ecf,2026-07-26T08:53:59.489948Z,,,,,,,,true
2b19b5f9-06da-475c-868c-237a9ce5df83,2026-07-26T08:53:59.522022Z,,,,,,,,true
9b892bf2-31d6-4709-8f77-9fac65b84392,2026-07-26T08:53:59.556828Z,,,,,,,,true
a750ba57-bb84-42a5-86cf-f3400bf25aa2,2026-07-26T08:53:59.592402Z,,,,,,,,true
87090657-7bd0-4be1-b0aa-d16e16c4c1af,2026-07-26T08:53:59.627253Z,,,,,,,,true
38a857c1-261f-46aa-b122-dba9f5cd0c19,2026-07-26T08:53:59.65926Z,,,,,,,,true
3f028330-19a7-44ab-8db4-7a4d9e96a86f,2026-07-26T08:53:59.693614Z,,,,,,,,true
e0c7ac72-fd24-4632-b218-832ad1dfa015,2026-07-26T08:53:59.728642Z,,,,,,,,true
3dc06604-83ca-47c4-9eb5-33b51b4a213c,2026-07-26T08:53:59.762823Z,,,,,,,,true
4d68458b-9451-42a6-8fc5-2aff6efcf07f,2026-07-26T08:53:59.796457Z,,,,,,,,true
4b502ada-201a-4823-83e9-1433564f78ba,2026-07-26T08:53:59.830592Z,,,,,,,,true
67c0c338-8650-434f-8a39-b481b002c828,2026-07-26T08:53:59.865312Z,,,,,,,,true
5da5a07c-575b-4be9-9e84-aa04eb26a595,2026-07-26T08:53:59.899192Z,,,,,,,,true
02bc00d6-227a-40e2-80de-200f3f547de8,2026-07-26T08:53:59.933199Z,,,,,,,,true
7d263097-8529-44a4-858a-64f19755f5ce,2026-07-26T08:53:59.96684Z,,,,,,,,true
361e1cd7-903f-4139-81fb-770b34a61bc3,2026-07-26T08:54:00.001542Z,,,,,,,,true
551f781d-de78-4f53-9d29-a2eeea5ad4af,2026-07-26T08:54:00.036929Z,,,,,,,,true
1b3dd8c2-2002-4d41-a62b-b65ef9a02026,2026-07-26T08:54:00.070486Z,,,,,,,,true
eed05a1f-1269-4abc-8084-533cefc487db,2026-07-26T08:54:00.105449Z,,,,,,,,true
f671d6b8-ab34-4f6c-929d-646d0b12760a,2026-07-26T08:54:00.139036Z,,,,,,,,true
7eacf80d-4ad9-46f6-8535-1d6bfa391815,2026-07-26T08:54:00.173448Z,,,,,,,,true
581774b0-447a-4009-9d73-ef9abf129496,2026-07-26T08:54:00.205663Z,,,,,,,,true
34cee2fd-5ed5-4a5b-b824-2cc5100feac1,2026-07-26T08:54:00.240618Z,,,,,,,,true
2828b9b6-6b29-46d6-a469-15cd4c88c626,2026-07-26T08:54:00.274599Z,,,,,,,,true
511fefad-6eb9-4a4c-bb2c-c7b9c2682d95,2026-07-26T08:54:00.308444Z,,,,,,,,true
dc7410c3-15d6-475e-8b16-77abd6fc82b9,2026-07-26T08:54:00.343203Z,,,,,,,,true
7deffbe2-56bc-4eaa-98c6-91a99be7feeb,2026-07-26T08:54:00.377157Z,,,,,,,,true
e1be4646-fd55-4228-b07f-f81077fb0b27,2026-07-26T08:54:00.411557Z,,,,,,,,true
f6c46f53-536a-4a8d-9cf4-b0552153ea20,2026-07-26T08:54:00.44803Z,,,,,,,,true
c24c69ae-c01c-4a0b-8351-4d97674f05c3,2026-07-26T08:54:00.48147Z,,,,,,,,true
7b59840d-5b2b-4135-b905-c133be54a05a,2026-07-26T08:54:00.51506Z,,,,,,,,true
87935201-10d2-4d1a-9764-069fe0279992,2026-07-26T08:54:00.548201Z,,,,,,,,true
e49e82ee-312b-4c2e-a476-3bd26dc3afdd,2026-07-26T08:54:00.581895Z,,,,,,,,true
728ec260-7c63-4005-ac5b-83de8434f2e6,2026-07-26T08:54:00.617433Z,,,,,,,,true
1d7759f7-73cb-4988-bb43-ec0526d3eb5f,2026-07-26T08:54:00.652893Z,,,,,,,,true
71662a2d-db03-4171-a4ab-5e09bec9be65,2026-07-26T08:54:00.68588Z,,,,,,,,true
43bbef04-9574-4ea3-b661-df90881832c4,2026-07-26T08:54:00.719987Z,,,,,,,,true
925815bb-e572-488b-92e1-9afd019b220e,2026-07-26T08:54:00.755135Z,,,,,,,,true
35bb689b-dff2-4251-8db8-225b477aa612,2026-07-26T08:54:00.787533Z,,,,,,,,true
2e69e9c4-9beb-4838-8795-6905b6a3b24f,2026-07-26T08:54:00.823966Z,,,,,,,,true
3bb60822-a064-448f-a037-5aeefd922789,2026-07-26T08:54:00.856475Z,,,,,,,,true
1d701397-f9a5-415a-8775-93b340015a13,2026-07-26T08:54:00.89189Z,,,,,,,,true
8e609c68-05af-43ed-bf70-7ee7731a56fc,2026-07-26T08:54:00.925051Z,,,,,,,,true
8acaca2d-35bd-4dd4-a82a-3df1c6bb755e,2026-07-26T08:54:00.959827Z,,,,,,,,true
018c1a55-df58-4fec-b81b-62ec844a030b,2026-07-26T08:54:00.993781Z,,,,,,,,true
d3f0a49d-536a-4efc-b454-0575f9df0cea,2026-07-26T08:54:01.028422Z,,,,,,,,true
c9560f58-c225-46eb-a73d-9efdff964de5,2026-07-26T08:54:01.065832Z,,,,,,,,true
5ea436cc-ce36-44a4-ba49-def8c57b0e27,2026-07-26T08:54:01.101341Z,,,,,,,,true
39dff6e6-e697-4389-9059-b46ccd6bdd7c,2026-07-26T08:54:01.130559Z,,,,,,,,true
1199ca2b-f2f8-49a3-b9fe-6ac3d97ef1be,2026-07-26T08:54:01.16444Z,,,,,,,,true
3c90cead-cdf0-4755-960d-0737a12765cc,2026-07-26T08:54:01.198917Z,,,,,,,,true
bbd57705-f12a-4669-824f-0132b16ed6ac,2026-07-26T08:54:01.233854Z,,,,,,,,true
b00c938f-7e78-42cd-8b80-b9018a93e683,2026-07-26T08:54:01.269033Z,,,,,,,,true
77c6d746-c64f-45f0-afdf-a1a6d1e9abfd,2026-07-26T08:54:01.304608Z,,,,,,,,true
40b3d8a8-65fa-4850-a122-f955a4deebde,2026-07-26T08:54:01.336733Z,,,,,,,,true
2caa0084-dd20-48d3-a731-163178ba352e,2026-07-26T08:54:01.371576Z,,,,,,,,true
09367ecd-8126-44ff-921b-9a63cc2a3386,2026-07-26T08:54:01.406392Z,,,,,,,,true
2e6daf48-68f3-404c-8b98-61c10dc386aa,2026-07-26T08:54:01.440123Z,,,,,,,,true
ef895f5e-3570-463e-805d-789e77ae5bd3,2026-07-26T08:54:01.474042Z,,,,,,,,true
7da164c6-0a38-4270-a627-afab7f980f78,2026-07-26T08:54:01.510018Z,,,,,,,,true
0e2df170-969c-42fa-a0ff-47d0d04651d6,2026-07-26T08:54:01.543249Z,,,,,,,,true
227e18cc-7385-4678-ac3a-d4a56d765047,2026-07-26T08:54:01.577584Z,,,,,,,,true
40f4c669-a6bd-471f-8677-15b43ac93c5c,2026-07-26T08:54:01.632531Z,,,,,,,,true
1eca449e-bcb8-47ff-a859-75d0263387cd,2026-07-26T08:54:01.645064Z,,,,,,,,true
6d403ec8-b210-407d-9d32-e87445c9ba7c,2026-07-26T08:54:01.679469Z,,,,,,,,true
36b212bd-2d36-4759-b360-91a6d50587b6,2026-07-26T08:54:01.71345Z,,,,,,,,true
a3cf6e5f-7b44-4292-bd86-3ca16a99ba70,2026-07-26T08:54:01.748236Z,,,,,,,,true
86d51b4f-1b12-4e92-be34-58176e2693f9,2026-07-26T08:54:01.783918Z,,,,,,,,true
518e6e9a-aad4-4f9b-985d-f43004bedf6e,2026-07-26T08:54:01.817612Z,,,,,,,,true
f660d58e-7969-4966-94d6-394b082f0f87,2026-07-26T08:54:01.854978Z,,,,,,,,true
2e5fd888-f1ec-4574-8a25-7ccd0c61ad09,2026-07-26T08:54:01.886349Z,,,,,,,,true
f63da09d-d1f6-43a7-bbcc-8d62d2d0afbb,2026-07-26T08:54:01.920127Z,,,,,,,,true
232949aa-8757-4557-9014-e6054b00cc25,2026-07-26T08:54:01.955432Z,,,,,,,,true
4e27421b-8ba6-477d-bf78-8827f347f776,2026-07-26T08:54:01.988039Z,,,,,,,,true
91dbaeb8-e01b-4ec4-8662-f1a99402bbe2,2026-07-26T08:54:02.022555Z,,,,,,,,true
2ca390f5-d96b-41c6-829e-b1d77b54e600,2026-07-26T08:54:02.056753Z,,,,,,,,true
5d9a0ebd-9d30-44ec-bcbf-4f48fc0f34f9,2026-07-26T08:54:02.090205Z,,,,,,,,true
73e0b0b2-cc95-4256-ac3b-96c343ab9dea,2026-07-26T08:54:02.125357Z,,,,,,,,true
4a98efba-cf9c-4c98-beb8-3f500f6e1e26,2026-07-26T08:54:02.159637Z,,,,,,,,true
d9855e35-04ef-46a2-ad36-07594c6c909f,2026-07-26T08:54:02.194793Z,,,,,,,,true
e3e3f488-9380-4856-830b-2f0d1e5f6270,2026-07-26T08:54:02.228305Z,,,,,,,,true
98a8baaf-eec2-47d4-a210-bf0197c62bff,2026-07-26T08:54:02.264581Z,,,,,,,,true
1610ab70-84f9-409f-be34-77faa042b0a1,2026-07-26T08:54:02.297533Z,,,,,,,,true
609510ee-28b9-4398-9eb2-dec5f22c4b97,2026-07-26T08:54:02.331106Z,,,,,,,,true
e343acbf-3774-493e-96ee-2fc33e85808e,2026-07-26T08:54:02.36584Z,,,,,,,,true
c78fdb84-b616-4330-8c98-355a02e2fe02,2026-07-26T08:54:02.401553Z,,,,,,,,true
f7164475-a19a-472d-83ac-008ddff945d5,2026-07-26T08:54:02.449143Z,,,,,,,,true
65deefea-1d44-4f6b-9d2f-aa951bfa916d,2026-07-26T08:54:02.478804Z,,,,,,,,true
7be6499b-7a57-4e70-9c12-a99af63cef7f,2026-07-26T08:54:02.503753Z,,,,,,,,true
4d449677-850d-4996-af43-706fbbf68dd6,2026-07-26T08:54:02.536407Z,,,,,,,,true
295a171b-6a1a-4b85-9571-70f9f3db9a81,2026-07-26T08:54:02.570709Z,,,,,,,,true
1ee3dc46-314a-49eb-a71c-16093590f2ec,2026-07-26T08:54:02.605778Z,,,,,,,,true
6fb2dbde-8bb9-47e7-800d-ff2fe8489289,2026-07-26T08:54:02.640424Z,,,,,,,,true
e5db53d0-3aa8-465f-b986-a6062c8e5139,2026-07-26T08:54:02.67404Z,,,,,,,,true
735abddc-d180-49e5-8617-777dc0d85487,2026-07-26T08:54:02.708366Z,,,,,,,,true
1c6f18e9-f813-4e12-bbed-44b39945fd1f,2026-07-26T08:54:02.742908Z,,,,,,,,true
07d8fd0b-a1be-489d-83d7-79d888bf4a0b,2026-07-26T08:54:02.776862Z,,,,,,,,true
50ec06cd-e42b-4179-91be-47b10f782459,2026-07-26T08:54:02.811425Z,,,,,,,,true
44e853f7-5bd7-408e-8c32-9158ef9788d8,2026-07-26T08:54:02.846122Z,,,,,,,,true
ed9e694b-8d41-40fc-9741-4a5811fc3de1,2026-07-26T08:54:02.880116Z,,,,,,,,true
3b0bf645-8d06-431c-92f8-c978c0f334de,2026-07-26T08:54:02.91448Z,,,,,,,,true
8916df67-18d0-4d5b-a6bd-1c30390a72be,2026-07-26T08:54:02.951558Z,,,,,,,,true
cc4170c2-55c2-4a96-ad50-6740936c6bd2,2026-07-26T08:54:02.984304Z,,,,,,,,true
5d261eb2-9949-45a9-a2ac-ff09545c69a5,2026-07-26T08:54:03.016805Z,,,,,,,,true
54a343f3-1427-4f5d-ac2b-f3cc9da7aff8,2026-07-26T08:54:03.051809Z,,,,,,,,true
234b3ebc-7423-4aab-98de-3cf8f00fdd71,2026-07-26T08:54:03.085345Z,,,,,,,,true
c25e13dc-c1de-46aa-9d7d-1f732db839bc,2026-07-26T08:54:03.122105Z,,,,,,,,true
cc1a27e7-75b9-4e60-a5b5-2b7968a3d9fc,2026-07-26T08:54:03.154767Z,,,,,,,,true
0ebb42ea-ee63-48a1-a0a3-7f7349ff141a,2026-07-26T08:54:03.188488Z,,,,,,,,true
8c1ed894-6820-4e7a-a022-3ca49a957c37,2026-07-26T08:54:03.22231Z,,,,,,,,true
fdc43b2b-27df-4066-a1fe-76f87fa6f32c,2026-07-26T08:54:03.257248Z,,,,,,,,true
529facd8-ab49-465b-9cf7-78ea0240374a,2026-07-26T08:54:03.293058Z,,,,,,,,true
960bf14a-dacc-4536-9efd-71951fabd743,2026-07-26T08:54:03.32715Z,,,,,,,,true
76ef4499-963e-42e6-b629-8150d1f0b3be,2026-07-26T08:54:03.362365Z,,,,,,,,true
1d5a6695-a718-41f7-b4f7-ffdf3406539a,2026-07-26T08:54:03.405017Z,,,,,,,,true
049154c4-92d8-4501-95b5-2c557045eece,2026-07-26T08:54:03.433635Z,,,,,,,,true
59162fbb-bad6-463e-b202-8a66e60b5f35,2026-07-26T08:54:03.467008Z,,,,,,,,true
c8124963-8342-457d-97f9-db1f031e8812,2026-07-26T08:54:03.500347Z,,,,,,,,true
054f9f47-39be-4a0b-94c1-5ef5dc7cca4c,2026-07-26T08:54:03.532772Z,,,,,,,,true
48ca1337-553a-4cbc-8bf0-fe8fc309dc56,2026-07-26T08:54:03.567544Z,,,,,,,,true
5478cffd-fefc-45c9-bda8-6be8ce777c69,2026-07-26T08:54:03.600137Z,,,,,,,,true
e381f92d-dd1b-4c4e-bd97-2bdf76832d92,2026-07-26T08:54:03.634519Z,,,,,,,,true
c772067e-bf3c-4d68-b104-d1ff449f1a62,2026-07-26T08:54:03.668927Z,,,,,,,,true
c12aad4b-404c-492c-bbef-5799c7b81b78,2026-07-26T08:54:03.704519Z,,,,,,,,true
7e2f6952-2cf3-49bc-bd87-80cfd3419b54,2026-07-26T08:54:03.738059Z,,,,,,,,true
bff4886c-b2f3-4876-97b0-218de73a2a22,2026-07-26T08:54:03.77493Z,,,,,,,,true
e0559c56-5c23-494f-ae9f-d4f823f9f3db,2026-07-26T08:54:03.807678Z,,,,,,,,true
e7b8cf20-3721-4f2d-b77d-4ebbbd24e730,2026-07-26T08:54:03.842315Z,,,,,,,,true
ee91a5ea-8cde-4b7a-a20d-3526d099f6da,2026-07-26T08:54:03.876701Z,,,,,,,,true
beb2c34c-94f8-4a5b-8006-c44d1991dded,2026-07-26T08:54:03.909893Z,,,,,,,,true
bad4ebbd-ac6c-4b37-8c26-a945fd0906a9,2026-07-26T08:54:03.944526Z,,,,,,,,true
25098549-33e4-41c2-87a5-8d8463cacd1a,2026-07-26T08:54:03.978745Z,,,,,,,,true
00e90b69-71f7-44fe-b84b-208f80afeb1d,2026-07-26T08:54:04.01299Z,,,,,,,,true
d5d62ff6-51f4-41ca-af50-72374c071e5e,2026-07-26T08:54:04.047422Z,,,,,,,,true
fbae0d15-140c-41ca-8809-9cea2bdc0275,2026-07-26T08:54:04.083355Z,,,,,,,,true
edfa9e2f-5fec-43de-be94-3da12d841c0c,2026-07-26T08:54:04.116999Z,,,,,,,,true
026b1550-e732-411d-a667-94a14c4927cd,2026-07-26T08:54:04.150725Z,,,,,,,,true
b2ee0790-ff8f-48f1-be09-f83aa585ae0d,2026-07-26T08:54:04.187387Z,,,,,,,,true
3b39af74-da47-4e18-a762-9d545b13cc3d,2026-07-26T08:54:04.219738Z,,,,,,,,true
e7e86a5a-fced-4528-80c3-c1edf4c519ad,2026-07-26T08:54:04.255049Z,,,,,,,,true
25c05f2a-19a4-4443-b921-cfd47133df4b,2026-07-26T08:54:04.288081Z,,,,,,,,true
01bf3ef6-216b-4812-9614-0f5e0abd50c9,2026-07-26T08:54:04.322129Z,,,,,,,,true
23ad91d4-e6f6-43e1-9ddd-4c9719ed1868,2026-07-26T08:54:04.355611Z,,,,,,,,true
67bd539c-79c4-452a-921b-41e21c8d63f0,2026-07-26T08:54:04.390526Z,,,,,,,,true
5d5e6701-2d9e-4fd3-b344-4f92a8e7e635,2026-07-26T08:54:04.423641Z,,,,,,,,true
4bddb81e-d3f0-4307-8277-d0571e45182c,2026-07-26T08:54:04.458106Z,,,,,,,,true
0757cce2-a57f-40f0-985d-5d36ef55696a,2026-07-26T08:54:04.493039Z,,,,,,,,true
86a17754-c96e-4446-b23f-e3c611411de5,2026-07-26T08:54:04.527399Z,,,,,,,,true
088ce622-b7eb-4abc-b830-4ce341360f97,2026-07-26T08:54:04.562431Z,,,,,,,,true
aeaf5dd0-5a9b-41a4-876d-87372649d157,2026-07-26T08:54:04.596525Z,,,,,,,,true
20f3f443-05b9-4170-8e04-152eb1ec0976,2026-07-26T08:54:04.630574Z,,,,,,,,true
74765511-2343-47f2-91e8-e26ac2666a88,2026-07-26T08:54:04.667463Z,,,,,,,,true
1fcfe88f-6532-4b99-a191-d997aafaa822,2026-07-26T08:54:04.699016Z,,,,,,,,true
e42f2c32-c144-489e-a4eb-59960069fe90,2026-07-26T08:54:04.732784Z,,,,,,,,true
b02b2b52-785a-4754-b6b5-aa9142866fc4,2026-07-26T08:54:04.76802Z,,,,,,,,true
2bb9e107-a08e-4117-ac75-281a0f91fde3,2026-07-26T08:54:04.802431Z,,,,,,,,true
0d937f35-1603-4dc0-a141-f676e9f42a00,2026-07-26T08:54:04.836895Z,,,,,,,,true
6dcc8217-0b3c-4a34-8a99-ba249115a89e,2026-07-26T08:54:04.870781Z,,,,,,,,true
d1300c13-4297-4d40-98c7-eb29966ee1d5,2026-07-26T08:54:04.905825Z,,,,,,,,true
035b746c-4bd0-48fe-b2eb-dfc231f7ade2,2026-07-26T08:54:04.942657Z,,,,,,,,true
17e3f27b-fa81-4a73-ad2b-6cfc7faebd33,2026-07-26T08:54:04.980082Z,,,,,,,,true
0994e7cb-bd06-4d63-bcd7-c44f2cd9b398,2026-07-26T08:54:05.0067Z,,,,,,,,true
b985c399-d403-4189-8944-bbc3f315575c,2026-07-26T08:54:05.040036Z,,,,,,,,true
794b772e-fa88-49eb-8074-c0458a534977,2026-07-26T08:54:05.075591Z,,,,,,,,true
2a0bdb4d-af3f-42fd-89ee-2d5a3a98ba00,2026-07-26T08:54:05.109271Z,,,,,,,,true
04d80918-c326-4663-bc20-f5a417ffdeca,2026-07-26T08:54:05.148445Z,,,,,,,,true
ed904942-246e-4895-b070-a8686da4d625,2026-07-26T08:54:05.177862Z,,,,,,,,true
7c4d0638-8da2-45ae-8447-f02d4c366df1,2026-07-26T08:54:05.211911Z,,,,,,,,true
0743fdad-63f8-4c91-ae51-77ae8b7b5490,2026-07-26T08:54:05.247077Z,,,,,,,,true
6dc464eb-ca4c-46ac-8ec3-67e7700a93bc,2026-07-26T08:54:05.280161Z,,,,,,,,true
35d4976c-696b-47c7-8c62-e20e558a298a,2026-07-26T08:54:05.315719Z,,,,,,,,true
32e9759b-2d15-42d0-85ae-66f27517d3f0,2026-07-26T08:54:05.349253Z,,,,,,,,true
996907e5-2f7e-454e-907d-160eb9dcc7fe,2026-07-26T08:54:05.384109Z,,,,,,,,true
b2a572a6-b2b9-4409-bde1-19ba79886348,2026-07-26T08:54:05.418295Z,,,,,,,,true
c30b8792-baa9-4106-9f57-6f71b19c263d,2026-07-26T08:54:05.451897Z,,,,,,,,true
bce0810b-a3bf-4f8a-8b02-5c7690d0c911,2026-07-26T08:54:05.486243Z,,,,,,,,true
9c19a658-d375-4fde-80af-ea3ab5717301,2026-07-26T08:54:05.521504Z,,,,,,,,true
46fa37ba-f5d0-450c-a82e-ef01c5263b8b,2026-07-26T08:54:05.55663Z,,,,,,,,true
5c4d52f8-c23a-4ffb-8d84-e0923829b0af,2026-07-26T08:54:05.590407Z,,,,,,,,true
00d0736a-c3e1-4b07-8825-e2f76b9c3b8a,2026-07-26T08:54:05.623904Z,,,,,,,,true
919473cb-aaa6-4e4f-bb39-a78b0e67854e,2026-07-26T08:54:05.658723Z,,,,,,,,true
d475b31c-faf3-4a1c-83cd-31ce2c773cef,2026-07-26T08:54:05.693699Z,,,,,,,,true
bf053ded-7833-43c1-924d-10409701d977,2026-07-26T08:54:05.732563Z,,,,,,,,true
d70d9e84-2ed6-4517-aae3-f95976757a0a,2026-07-26T08:54:05.761252Z,,,,,,,,true
f5c53e27-ee61-41d2-abcb-6602f1c49a72,2026-07-26T08:54:05.795161Z,,,,,,,,true
90486d11-db8d-4700-a391-bad10281c038,2026-07-26T08:54:05.831647Z,,,,,,,,true
7eb74a3f-7c37-4cc7-a08f-385eef4359d9,2026-07-26T08:54:05.864992Z,,,,,,,,true
dc4d283e-4e1f-40cc-942a-7701252fe6cb,2026-07-26T08:54:05.899806Z,,,,,,,,true
412548e7-4283-4ab4-afcc-1061d9e04915,2026-07-26T08:54:05.932266Z,,,,,,,,true
c43e97bc-9837-4977-8dbc-43d3d53b1b92,2026-07-26T08:54:05.967845Z,,,,,,,,true
d466b2e1-b93e-4988-a22a-902c327f32e0,2026-07-26T08:54:06.00153Z,,,,,,,,true
460496cd-9b9e-4434-ac76-0f92a0e0585d,2026-07-26T08:54:06.035219Z,,,,,,,,true
a68cdb56-ce68-4dbf-b6be-fc8e4640465c,2026-07-26T08:54:06.070329Z,,,,,,,,true
95b927d1-c415-4214-97a2-0f172fe29a1a,2026-07-26T08:54:06.104172Z,,,,,,,,true
546fb7c7-2266-4eee-ad50-4c59d2bf993c,2026-07-26T08:54:06.139378Z,,,,,,,,true
21b35323-6968-45a9-be6b-7e36b2a1d11e,2026-07-26T08:54:06.173867Z,,,,,,,,true
5c7ffa90-988a-46f4-b5d4-880b2a9796c1,2026-07-26T08:54:06.207635Z,,,,,,,,true
e1ae0172-6ae4-4419-918d-9252990537b3,2026-07-26T08:54:06.243176Z,,,,,,,,true
c68acc18-aea4-4224-81dc-22c504be1166,2026-07-26T08:54:06.27725Z,,,,,,,,true
94901a13-9cf8-4b39-926b-540821f49a09,2026-07-26T08:54:06.310017Z,,,,,,,,true
e43aa53f-1f88-419d-a6f4-8153c60e220a,2026-07-26T08:54:06.344817Z,,,,,,,,true
be5f04ed-e121-45d8-909d-af267beb44ce,2026-07-26T08:54:06.37883Z,,,,,,,,true
f6bb9513-d1d8-43b2-bae2-09585fa315ad,2026-07-26T08:54:06.416873Z,,,,,,,,true
17bc9fd1-4315-48af-b884-a539846de146,2026-07-26T08:54:06.448936Z,,,,,,,,true
a12e6839-9a57-46fa-979a-df6fb68dcc3b,2026-07-26T08:54:06.48583Z,,,,,,,,true
5f224410-21ed-4d00-9eed-dcc54312cd7c,2026-07-26T08:54:06.515861Z,,,,,,,,true
27747e25-e703-4a18-9042-7b8f55c0dfd0,2026-07-26T08:54:06.550165Z,,,,,,,,true
356b27d1-5e3c-4951-a66e-b99d6c059055,2026-07-26T08:54:06.585094Z,,,,,,,,true
ed2b9c49-ffc5-46d6-8cc7-5e3037e23e45,2026-07-26T08:54:06.618365Z,,,,,,,,true
617c1c38-eb80-43c8-93b2-64ecaa627c73,2026-07-26T08:54:06.653367Z,,,,,,,,true
50d6c0cb-c607-437d-adea-735be78c0880,2026-07-26T08:54:06.687308Z,,,,,,,,true
3d7f3bf6-1703-4d0c-9d14-2f655d22722a,2026-07-26T08:54:06.723745Z,,,,,,,,true
f34218bc-54f1-4d14-84c6-b558b9730361,2026-07-26T08:54:06.760459Z,,,,,,,,true
c58d5a81-8257-421e-894b-d5eeb1f0cf23,2026-07-26T08:54:06.794075Z,,,,,,,,true
0b766d89-b98b-4964-a860-7758f49a1daf,2026-07-26T08:54:06.828587Z,,,,,,,,true
cef5c0e8-8938-433e-adca-66a99a9c7957,2026-07-26T08:54:06.863169Z,,,,,,,,true
b2573a29-23b3-4ae2-8b27-a44c93b8a1e8,2026-07-26T08:54:06.897018Z,,,,,,,,true
0e9567d0-afbe-422d-acd1-8724369aa81b,2026-07-26T08:54:06.932295Z,,,,,,,,true
07881061-7751-4f05-ab20-5ff98bff1b7b,2026-07-26T08:54:06.966787Z,,,,,,,,true
a39a50e7-c210-4593-8f5a-fb4ee8ad4ecf,2026-07-26T08:54:06.999619Z,,,,,,,,true
db98e4bf-2429-4305-baeb-309706bab783,2026-07-26T08:54:07.040238Z,,,,,,,,true
9e97c5b1-7b56-426f-832d-bbfbde99a4d4,2026-07-26T08:54:07.068922Z,,,,,,,,true
04e0bd08-04d0-436e-b1db-7702ead9b318,2026-07-26T08:54:07.103061Z,,,,,,,,true
c7f946a2-1613-4975-8877-c98f05b08d2b,2026-07-26T08:54:07.137241Z,,,,,,,,true
c5d20be2-8a4c-4ea0-83b2-4723773d49f3,2026-07-26T08:54:07.174926Z,,,,,,,,true
93b7ae2a-52ed-45dc-bf2b-0e68308caa75,2026-07-26T08:54:07.206134Z,,,,,,,,true
c2adb308-7b9d-49eb-bf93-b5c72fefe954,2026-07-26T08:54:07.239269Z,,,,,,,,true
99ca7826-6319-4bcb-8c7e-bd31195245c7,2026-07-26T08:54:07.273395Z,,,,,,,,true
1a8ff89b-a737-472e-ab53-450564ad310b,2026-07-26T08:54:07.307627Z,,,,,,,,true
5d5f3a68-ba3c-42b4-942f-bfef93e8885e,2026-07-26T08:54:07.341844Z,,,,,,,,true
fe1de150-bd99-4fc1-a113-a54059060ed6,2026-07-26T08:54:07.378239Z,,,,,,,,true
ce24749f-86a8-404d-8ded-31a9dd0bbdab,2026-07-26T08:54:07.410201Z,,,,,,,,true
93d7f690-0f3c-43e1-854a-65918822de0f,2026-07-26T08:54:07.444325Z,,,,,,,,true
d7e469e3-379a-430a-8d09-d07cb51b5571,2026-07-26T08:54:07.47888Z,,,,,,,,true
7a93c7bf-b128-4785-9621-1425c716fd42,2026-07-26T08:54:07.513652Z,,,,,,,,true
61d1eea7-fb67-45d7-9e7b-6a836f9b8503,2026-07-26T08:54:07.546815Z,,,,,,,,true
e0e28f0c-9668-4ae0-be29-9ef09113b9fc,2026-07-26T08:54:07.580567Z,,,,,,,,true
94bf087f-598b-4e06-80a4-f46abf54978b,2026-07-26T08:54:07.617445Z,,,,,,,,true
28afbf17-0512-4135-bc38-7f951b351cf4,2026-07-26T08:54:07.649608Z,,,,,,,,true
7df057bb-0759-44fa-982a-21cb7c090c0b,2026-07-26T08:54:07.682914Z,,,,,,,,true
3fa2f84d-8200-4b45-85c5-7cda139b4ff7,2026-07-26T08:54:07.717863Z,,,,,,,,true
7919b235-b664-4327-9a2e-0519743ea521,2026-07-26T08:54:07.751761Z,,,,,,,,true
e3986e48-9829-4d73-b573-ee77fff7baa5,2026-07-26T08:54:07.787456Z,,,,,,,,true
87ab419d-6207-413c-96a6-e84ddfaec754,2026-07-26T08:54:07.819877Z,,,,,,,,true
1b328056-d9d7-4bc7-965e-89e58154e7e0,2026-07-26T08:54:07.857282Z,,,,,,,,true
360968a5-a3fd-4918-88c7-a12e7e99f94c,2026-07-26T08:54:07.889798Z,,,,,,,,true
0ec79fe9-9828-441a-9d2f-8e2e3bd9ee01,2026-07-26T08:54:07.925401Z,,,,,,,,true
829fbc5d-48ce-49a2-a935-7d8dd0767578,2026-07-26T08:54:07.961757Z,,,,,,,,true
935462b5-d39f-4c50-a2a8-686947089f71,2026-07-26T08:54:08.010432Z,,,,,,,,true
d5a30ed8-c263-4dbb-834c-1a278c9e1ee5,2026-07-26T08:54:08.037101Z,,,,,,,,true
a18e2fc9-eef4-41f2-bc40-dcd641f71987,2026-07-26T08:54:08.072753Z,,,,,,,,true
65dc664c-e3fd-457a-be78-bfb9917f65fc,2026-07-26T08:54:08.100928Z,,,,,,,,true
861ca5cd-0302-4a98-8042-fc545747d8e2,2026-07-26T08:54:08.151097Z,,,,,,,,true
032c7246-1ab5-4480-a5d2-1ff1e6d4054e,2026-07-26T08:54:08.163522Z,,,,,,,,true
c6108276-99a9-4fda-8449-76f255858b42,2026-07-26T08:54:08.198884Z,,,,,,,,true
9977a4a2-7fcb-4bce-94e5-a1214202ebc9,2026-07-26T08:54:08.231615Z,,,,,,,,true
e1756828-2c9a-4a0d-a1f6-071731f21c3b,2026-07-26T08:54:08.266257Z,,,,,,,,true
0dd41fa6-5f8d-4d1a-8563-3a8436a1f700,2026-07-26T08:54:08.300821Z,,,,,,,,true
489896b0-e571-4460-a7ea-77106c7e02ea,2026-07-26T08:54:08.335017Z,,,,,,,,true
358c7d20-2a62-42b8-a0a3-fd08a5f3d06c,2026-07-26T08:54:08.368985Z,,,,,,,,true
9403c32e-4a4d-4a7f-a462-3818fb5d6240,2026-07-26T08:54:08.40582Z,,,,,,,,true
c9142b9a-6fc8-471e-bb4f-f5c4d2445135,2026-07-26T08:54:08.438545Z,,,,,,,,true
0e7af452-7122-45f1-93f7-c834cbf299d3,2026-07-26T08:54:08.471197Z,,,,,,,,true
0ca5fc8b-9e3e-427f-aec5-c4b86bb48db1,2026-07-26T08:54:08.506328Z,,,,,,,,true
d8398a7a-f593-4028-a420-dfc71fad919b,2026-07-26T08:54:08.539369Z,,,,,,,,true
86fb6291-fed4-4a04-b6d2-f173d1ebebde,2026-07-26T08:54:08.574495Z,,,,,,,,true
e8ca10ad-1924-4a9c-a30a-42cca791fd03,2026-07-26T08:54:08.608269Z,,,,,,,,true
ae5ef0ec-104f-4f60-a1d4-695afc3550aa,2026-07-26T08:54:08.642888Z,,,,,,,,true
2ec406ba-2f8b-414b-9a37-ab679ecc8109,2026-07-26T08:54:08.677584Z,,,,,,,,true
e7d3929e-48e9-4bd3-9816-8320042f3d56,2026-07-26T08:54:08.712485Z,,,,,,,,true
286893cf-8d1f-4ff7-914f-47b6d4234a2a,2026-07-26T08:54:08.745414Z,,,,,,,,true
b02deb73-816e-4736-af9d-1cb6d140d19e,2026-07-26T08:54:08.780464Z,,,,,,,,true
a9702e5b-47ee-4bd1-ab88-4a45edbef7a8,2026-07-26T08:54:08.813135Z,,,,,,,,true
653bd8c9-99c7-487c-b9d8-1abdd9d4769b,2026-07-26T08:54:08.847478Z,,,,,,,,true
31cab4cc-3f14-4e88-a9f2-0f2aba20017b,2026-07-26T08:54:08.881867Z,,,,,,,,true
b6beef93-3ca5-4f01-9f07-9a2c31aa7305,2026-07-26T08:54:08.917476Z,,,,,,,,true
e0e4d658-c25e-4ccd-a4cb-5c8ea1629d74,2026-07-26T08:54:08.952561Z,,,,,,,,true
ea526aa9-f7b7-4400-82ca-2a1652bc3f5a,2026-07-26T08:54:08.985068Z,,,,,,,,true
8a302de7-91f1-43d7-aba0-4bc17e04c0c6,2026-07-26T08:54:09.019708Z,,,,,,,,true
4514e0f6-5cb8-415c-8ee6-8a097a02cd38,2026-07-26T08:54:09.055064Z,,,,,,,,true
1932101f-fa18-40b7-835e-f28cba37e121,2026-07-26T08:54:09.088277Z,,,,,,,,true
7a88e4d7-6580-437d-9906-fc931e138c07,2026-07-26T08:54:09.122158Z,,,,,,,,true
6f74db54-f59d-4ac3-bf7a-ba9106a3dbe5,2026-07-26T08:54:09.157826Z,,,,,,,,true
a03a46d5-bd10-43fd-8077-61889a1e86ba,2026-07-26T08:54:09.190407Z,,,,,,,,true
d9b9eada-4abf-42e1-bdc9-4d473adf5b83,2026-07-26T08:54:09.224939Z,,,,,,,,true
5d1e8787-5b47-4dc6-89cf-48ff4a8bd1e8,2026-07-26T08:54:09.258402Z,,,,,,,,true
54f0098b-d627-4ad1-aaf0-2f56c533394d,2026-07-26T08:54:09.292404Z,,,,,,,,true
cf29f47b-e357-460d-b613-c94b17325923,2026-07-26T08:54:09.326485Z,,,,,,,,true
367fbed9-14b9-4210-8550-5e8b6601418e,2026-07-26T08:54:09.361171Z,,,,,,,,true
ad653b1d-61e9-4272-a1d4-2e8b58b47caf,2026-07-26T08:54:09.396501Z,,,,,,,,true
a7fe8224-8bd7-4aaa-ac1f-04e673463753,2026-07-26T08:54:09.430421Z,,,,,,,,true
1941f3f0-47b1-4c88-9987-5fe5d963c0d7,2026-07-26T08:54:09.465582Z,,,,,,,,true
a5287d92-fb83-442a-9a2a-54136e52bc87,2026-07-26T08:54:09.49949Z,,,,,,,,true
a2dce5bb-e156-46d8-8e67-938f4b721381,2026-07-26T08:54:09.533513Z,,,,,,,,true
de69fd00-12ce-4af3-a0bc-c7d192ff53e9,2026-07-26T08:54:09.568417Z,,,,,,,,true
ab50b61f-e1de-460a-ba37-e35efdc73ffc,2026-07-26T08:54:09.603276Z,,,,,,,,true
2ff338f0-98c8-4841-9fab-aabf13c8b376,2026-07-26T08:54:09.637287Z,,,,,,,,true
a50a362a-f444-4944-8932-a46891dc8c7c,2026-07-26T08:54:09.671686Z,,,,,,,,true
c7fcacd2-6e09-40f5-8ab2-3a8df008cf36,2026-07-26T08:54:09.7074Z,,,,,,,,true
2820e8cf-7c2b-4814-991d-8cde3751ffd7,2026-07-26T08:54:09.740203Z,,,,,,,,true
472d9b12-de23-41d1-9541-ae568b6a2409,2026-07-26T08:54:09.774288Z,,,,,,,,true
5f7d3889-77ed-46d5-9cdc-043469a53149,2026-07-26T08:54:09.8089Z,,,,,,,,true
6e1c1647-6daa-4fb7-905d-d51f456f0f01,2026-07-26T08:54:09.843715Z,,,,,,,,true
628041de-2898-4c09-877c-f123c8315c42,2026-07-26T08:54:09.880068Z,,,,,,,,true
6d73ac21-bb61-41fa-9fb6-ba65f40aaa71,2026-07-26T08:54:09.912982Z,,,,,,,,true
e5493fb4-8dbb-4e9c-84f8-f125fffd850f,2026-07-26T08:54:09.94687Z,,,,,,,,true
adcd679c-3e0f-4840-91ff-485843827941,2026-07-26T08:54:09.982516Z,,,,,,,,true
2207260c-1d0e-42a2-9d5c-1819a97b51f7,2026-07-26T08:54:10.016239Z,,,,,,,,true
048aa315-3c21-4941-bbcc-b0e899e5c05c,2026-07-26T08:54:10.050202Z,,,,,,,,true
5ece7a2e-736c-4482-9dd4-3228a93fce9e,2026-07-26T08:54:10.083876Z,,,,,,,,true
7835177a-f41e-4a54-8962-fe3b4ec60dfb,2026-07-26T08:54:10.118459Z,,,,,,,,true
55554163-b3b3-4892-a826-6283e809e1a5,2026-07-26T08:54:10.15251Z,,,,,,,,true
4720c24e-a93d-45c8-aeb5-9ce725800f22,2026-07-26T08:54:10.186836Z,,,,,,,,true
c04bad12-d744-47ae-92b4-7fd81afc11ee,2026-07-26T08:54:10.220776Z,,,,,,,,true
589d5e61-b08e-4e18-a1e1-e3a215c6f5a7,2026-07-26T08:54:10.256058Z,,,,,,,,true
6520b2ef-081e-4603-83c3-632a2e1c5ff3,2026-07-26T08:54:10.289597Z,,,,,,,,true
656744d7-0d3a-4747-a72d-8a312ca702a0,2026-07-26T08:54:10.324185Z,,,,,,,,true
ee7551a9-6901-4018-abe6-3e8215486f37,2026-07-26T08:54:10.358309Z,,,,,,,,true
83f0a65a-f506-47b8-89d3-24156530aabe,2026-07-26T08:54:10.393008Z,,,,,,,,true
d9e452a1-7a2d-406e-b14a-cb5506a2ed0b,2026-07-26T08:54:10.427454Z,,,,,,,,true
7a907118-c3b5-4ca7-ace8-c05aef67c0f6,2026-07-26T08:54:10.462684Z,,,,,,,,true
958bf3b4-5415-4910-8f23-0c1681b8e601,2026-07-26T08:54:10.495913Z,,,,,,,,true
205988b5-0f97-46bd-aded-138b5883de56,2026-07-26T08:54:10.53092Z,,,,,,,,true
642d8952-52fa-4fb7-ae1d-5598f679eb14,2026-07-26T08:54:10.564666Z,,,,,,,,true
855a9f25-e1c9-4a42-b526-8bdf96e764df,2026-07-26T08:54:10.599045Z,,,,,,,,true
1e454b64-b483-4664-a1ef-a9e922ea083e,2026-07-26T08:54:10.633145Z,,,,,,,,true
1b23bd98-4af6-42db-8135-11f81b406477,2026-07-26T08:54:10.668234Z,,,,,,,,true
ee2fec06-1e30-4fe9-9a43-7cb06e269c46,2026-07-26T08:54:10.702056Z,,,,,,,,true
b4bceada-42b7-455d-879e-bb1864eee004,2026-07-26T08:54:10.737496Z,,,,,,,,true
cd01ef44-2195-4f5f-9102-55fbe9c2b00c,2026-07-26T08:54:10.771691Z,,,,,,,,true
8ff92d0e-a263-4f72-adba-09e861d2f0c7,2026-07-26T08:54:10.805793Z,,,,,,,,true
bf45d04b-889a-4d82-bca2-2bfb96e0bbb2,2026-07-26T08:54:10.839139Z,,,,,,,,true
cc96dbc8-8eff-4dcd-b0ee-477f67a7fc8a,2026-07-26T08:54:10.890827Z,,,,,,,,true
119ad0da-6285-41cf-abda-4761b9340ffe,2026-07-26T08:54:10.90742Z,,,,,,,,true
29d3cca7-7b2b-4142-996e-d3ff2c811338,2026-07-26T08:54:10.941658Z,,,,,,,,true
73c9ec9d-6618-41e8-a7d5-d959b36fb281,2026-07-26T08:54:10.976357Z,,,,,,,,true
afd4b388-eebd-48c7-910d-f4a3272ebd2a,2026-07-26T08:54:11.010331Z,,,,,,,,true
4a9a56a8-0cd5-4f7d-adbb-50871734cbda,2026-07-26T08:54:11.046264Z,,,,,,,,true
07f35d0b-6166-4c03-a5c5-f4c24c2473ef,2026-07-26T08:54:11.080069Z,,,,,,,,true
2c66d259-a460-4204-abd2-34023a49df01,2026-07-26T08:54:11.113388Z,,,,,,,,true
6d51e40e-7a87-41e6-a1cd-3eb80c9989f2,2026-07-26T08:54:11.148398Z,,,,,,,,true
c44b8533-466c-40eb-8755-45c9fab9c26a,2026-07-26T08:54:11.182905Z,,,,,,,,true
7a1dce6f-0ea2-4f2d-ad2f-097e9a3a9396,2026-07-26T08:54:11.217281Z,,,,,,,,true
9dec4d3c-b913-452c-b1c4-184b495c18a0,2026-07-26T08:54:11.25199Z,,,,,,,,true
c495bdbe-bc18-408b-9411-f407a3a81ceb,2026-07-26T08:54:11.286031Z,,,,,,,,true
b0359b50-c3b2-4dfa-b2af-44a718b85b83,2026-07-26T08:54:11.320271Z,,,,,,,,true
2dd54847-07db-49e9-9f28-3ad02bcff369,2026-07-26T08:54:11.353966Z,,,,,,,,true
79dbdef9-da98-49b3-b725-1011d07e04be,2026-07-26T08:54:11.389316Z,,,,,,,,true
d412ace9-75d2-4cc2-8584-d3ff786c1f18,2026-07-26T08:54:11.4236Z,,,,,,,,true
fff49d21-5f7e-4050-bc7e-5fa8a1d86484,2026-07-26T08:54:11.45785Z,,,,,,,,true
8cb9d960-f6f9-4bd6-aaa6-243e2a8f7a80,2026-07-26T08:54:11.492289Z,,,,,,,,true
13b66d9d-c795-4d1d-a335-2ff6ab524397,2026-07-26T08:54:11.52651Z,,,,,,,,true
832cc7d2-f145-4bdc-ad4d-98ce29acbb00,2026-07-26T08:54:11.560781Z,,,,,,,,true
f07add3e-157c-45fb-8157-5663b98cf6b7,2026-07-26T08:54:11.593879Z,,,,,,,,true
a3a873c1-b900-4244-be55-55a756f49471,2026-07-26T08:54:11.636903Z,,,,,,,,true
5eda0fae-50f2-4f7f-88a2-28d34d484fe6,2026-07-26T08:54:11.663631Z,,,,,,,,true
9d0bb716-afce-445a-82f8-1ba817fbe31f,2026-07-26T08:54:11.698112Z,,,,,,,,true
f5f86fb6-ab47-42e8-b7f3-b023e954707c,2026-07-26T08:54:11.733345Z,,,,,,,,true
004b7f11-23af-46d1-990f-97854915c539,2026-07-26T08:54:11.766007Z,,,,,,,,true
2aab1705-7c6a-4a22-b8ad-27386e66211a,2026-07-26T08:54:11.802355Z,,,,,,,,true
044b922d-17ef-4b9f-ae57-c838037264f8,2026-07-26T08:54:11.83532Z,,,,,,,,true
aa0ac76e-0bab-4f13-ac67-b5f44a47199f,2026-07-26T08:54:11.868873Z,,,,,,,,true
330de8a3-1eaf-4e88-a762-48e8636cae47,2026-07-26T08:54:11.904037Z,,,,,,,,true
13361f77-8bb9-48c3-bdc0-8ba009486806,2026-07-26T08:54:11.938508Z,,,,,,,,true
da68c354-4f26-4888-a279-2ccd214c352b,2026-07-26T08:54:11.971824Z,,,,,,,,true
0c20a71a-808d-426f-9a19-8a896cd221a7,2026-07-26T08:54:12.006485Z,,,,,,,,true
e6a3fe5e-5084-4eda-bfc0-fd5eda722090,2026-07-26T08:54:12.042063Z,,,,,,,,true
a54e1cfa-145d-4ab1-84a5-0d7fdef73cab,2026-07-26T08:54:12.075165Z,,,,,,,,true
dd1b17a3-1f35-43c1-9a9a-078214e645e5,2026-07-26T08:54:12.109559Z,,,,,,,,true
2bbc93bd-5a9f-4a4f-8456-9ca6828adc5e,2026-07-26T08:54:12.143154Z,,,,,,,,true
60d41b6c-c07c-40de-9ddd-9558a86a19fa,2026-07-26T08:54:12.177729Z,,,,,,,,true
4af4d597-b16e-42b4-9d50-9f5a00b46cd1,2026-07-26T08:54:12.212294Z,,,,,,,,true
7656caf9-be90-4d33-8d08-3ea8a8bd997b,2026-07-26T08:54:12.247972Z,,,,,,,,true
d2800fe0-8901-424b-aace-b4fec74d6e42,2026-07-26T08:54:12.281082Z,,,,,,,,true
54c0221c-3847-422a-bee5-e75e973fcf8a,2026-07-26T08:54:12.314999Z,,,,,,,,true
0c7ee118-0061-409c-8e48-d881c5aa4358,2026-07-26T08:54:12.349232Z,,,,,,,,true
0a133d5d-1fa1-46c9-83ec-4197c495035e,2026-07-26T08:54:12.383561Z,,,,,,,,true
4f057e90-39fd-4ff5-9007-ed9f51f337af,2026-07-26T08:54:12.417384Z,,,,,,,,true
760c103e-83a9-44e0-82e2-a7aeba8c329c,2026-07-26T08:54:12.45497Z,,,,,,,,true
0db3075f-3e0b-42cb-8014-4df2b11584c2,2026-07-26T08:54:12.485869Z,,,,,,,,true
b5135b87-7578-4c11-bdaa-f71c9aefa8d1,2026-07-26T08:54:12.519866Z,,,,,,,,true
5175f25c-ca94-4d76-ac58-cd375c392218,2026-07-26T08:54:12.556113Z,,,,,,,,true
68c9c0ea-b32a-4896-9b0d-a8520298af66,2026-07-26T08:54:12.590987Z,,,,,,,,true
663faba8-95d6-4c3c-b11e-7b8b6b72ebb0,2026-07-26T08:54:12.623154Z,,,,,,,,true
00b1dd73-640d-48d7-9990-f203d6c7c826,2026-07-26T08:54:12.657491Z,,,,,,,,true
8712b8c6-f7df-4b47-8c95-583e886d474c,2026-07-26T08:54:12.692784Z,,,,,,,,true
31a3b1b8-3a3b-43c0-8850-025fd454a384,2026-07-26T08:54:12.726543Z,,,,,,,,true
d5a068b8-b6c8-4a7a-bede-6fed5f7e30b7,2026-07-26T08:54:12.761724Z,,,,,,,,true
0d0f2c5c-32cc-48c1-a153-88c7b1d3b231,2026-07-26T08:54:12.794607Z,,,,,,,,true
7bdebc1c-24ea-4509-a3a1-b11da6f06552,2026-07-26T08:54:12.829325Z,,,,,,,,true
5f0d40a9-3a9f-42f3-94fd-2cc2f1fc0917,2026-07-26T08:54:12.863098Z,,,,,,,,true
6bc8f929-6633-40a7-b36b-b690801addcc,2026-07-26T08:54:12.897561Z,,,,,,,,true
a76d91ef-0bf4-4115-a150-a89281d40cfe,2026-07-26T08:54:12.932038Z,,,,,,,,true
2f22e984-db1a-4b1d-a8de-4a1553c0791b,2026-07-26T08:54:12.9675Z,,,,,,,,true
46f596ee-1c9d-44c8-86ae-bd20de9c10df,2026-07-26T08:54:13.002653Z,,,,,,,,true
cf6cf717-6736-48f4-92ca-ef09c0e439d6,2026-07-26T08:54:13.036977Z,,,,,,,,true
708f3984-521b-4d96-a33f-77c2c4b6ed1c,2026-07-26T08:54:13.06801Z,,,,,,,,true
f4674f0f-1da1-4728-afeb-4832f1f9d5d4,2026-07-26T08:54:13.102432Z,,,,,,,,true
0a1e5ed0-d14c-4457-bcde-0e76fdadf6d9,2026-07-26T08:54:13.136801Z,,,,,,,,true
85e8481a-ca69-4e5d-89e6-fdc6ccab120f,2026-07-26T08:54:13.170559Z,,,,,,,,true
025a0f38-33ab-4a57-9948-48194178fdfd,2026-07-26T08:54:13.206102Z,,,,,,,,true
36402d72-675f-4df5-9473-6ac578f554fe,2026-07-26T08:54:13.239853Z,,,,,,,,true
e7801c08-cf77-4f49-8288-96b0863647c2,2026-07-26T08:54:13.278119Z,,,,,,,,true
d7d67b82-02cd-4207-b697-ff146b341c54,2026-07-26T08:54:13.310131Z,,,,,,,,true
db9a61ec-0a38-4953-a919-c2f74f97b34c,2026-07-26T08:54:13.34306Z,,,,,,,,true
09a911b4-f8f6-4b86-8d99-3d9aff540ed7,2026-07-26T08:54:13.378067Z,,,,,,,,true
d958fdee-750a-4fa7-a61b-88aef7b644e1,2026-07-26T08:54:13.41256Z,,,,,,,,true
2f4537ef-7c0b-4328-9cfd-db7af6e56adf,2026-07-26T08:54:13.446574Z,,,,,,,,true
f4c871ea-1347-4676-95a2-0307f8c30996,2026-07-26T08:54:13.481797Z,,,,,,,,true
f6503f9c-7f70-42d1-a30a-b39ec4e4313b,2026-07-26T08:54:13.514289Z,,,,,,,,true
9ec65fed-5b0b-4450-8ad4-6a05e7cd888f,2026-07-26T08:54:13.54827Z,,,,,,,,true
e72dc8aa-347b-4811-a4dd-1c28cbb3dfb1,2026-07-26T08:54:13.582762Z,,,,,,,,true
34d818a0-4648-47f7-bcf3-ad39e424942d,2026-07-26T08:54:13.617061Z,,,,,,,,true
c3887ddd-71ce-41c7-b10b-30e1b18c15c9,2026-07-26T08:54:13.652718Z,,,,,,,,true
2b0e5de5-7a82-4e8e-b01f-e622ab7b5f3b,2026-07-26T08:54:13.686474Z,,,,,,,,true
7cfd89ce-6dc1-4bd5-acf1-d8c418772aca,2026-07-26T08:54:13.722074Z,,,,,,,,true
e6e5a533-2796-4d2f-ac23-a1271ba23c3d,2026-07-26T08:54:13.755505Z,,,,,,,,true
9e84c89a-59a0-4342-b4c5-97b84b1baec8,2026-07-26T08:54:13.789366Z,,,,,,,,true
b0e07935-3790-4f38-bfc1-cdf7666e1718,2026-07-26T08:54:13.827599Z,,,,,,,,true
a8fceb19-97ba-4433-8eca-2cb46e92f095,2026-07-26T08:54:13.858402Z,,,,,,,,true
425f95b3-6c61-4e0f-abd3-3440d3f9554b,2026-07-26T08:54:13.892107Z,,,,,,,,true
b549237c-652f-45c0-a1f2-710d999a3246,2026-07-26T08:54:13.929259Z,,,,,,,,true
25a30b90-7a64-4a4c-ad87-b122167ad9d2,2026-07-26T08:54:13.961179Z,,,,,,,,true
124e9a6d-b70f-4536-a63f-c96453466768,2026-07-26T08:54:13.995296Z,,,,,,,,true
6ce9cddb-f41c-4ed4-b8f7-78bf9885dfe6,2026-07-26T08:54:14.031197Z,,,,,,,,true
e71fafa6-4f11-46b7-b8ba-2580233b7f97,2026-07-26T08:54:14.072894Z,,,,,,,,true
233531df-fd1d-4575-b4dc-b29a88f42936,2026-07-26T08:54:14.09811Z,,,,,,,,true
dae22df5-750b-407d-8ad6-cccd43094445,2026-07-26T08:54:14.133168Z,,,,,,,,true
1be1ce77-b3bd-4c00-8f28-355d27549032,2026-07-26T08:54:14.166809Z,,,,,,,,true
68d11ff7-3b57-498d-a0d4-79fe5c2ac08b,2026-07-26T08:54:14.201828Z,,,,,,,,true
faeaf450-ce52-4b8d-9ca7-c7d655877141,2026-07-26T08:54:14.236088Z,,,,,,,,true
1111942b-8309-4ce8-aa81-6aed48386f76,2026-07-26T08:54:14.270206Z,,,,,,,,true
5b2503e3-ed75-4915-abf4-55b4c656aa38,2026-07-26T08:54:14.305113Z,,,,,,,,true
4bc1d83a-4197-47b9-986d-48d12a5401c9,2026-07-26T08:54:14.340492Z,,,,,,,,true
2babd97c-1987-486e-813c-91dc83cf744e,2026-07-26T08:54:14.376437Z,,,,,,,,true
8cf8b278-fc06-481d-9b54-2983919df43b,2026-07-26T08:54:14.462718Z,,,,,,,,true
3172dea5-f00f-4606-86d4-fb2e39c9d151,2026-07-26T08:54:14.46336Z,,,,,,,,true
46ebeb01-cff2-49c4-a41a-431c030e4107,2026-07-26T08:54:14.511866Z,,,,,,,,true
22ee1e52-a2d1-450e-aadf-a84b1bc61f6d,2026-07-26T08:54:14.523203Z,,,,,,,,true
880e7a4d-8bb2-4a0b-9031-59311bd93ac2,2026-07-26T08:54:14.549895Z,,,,,,,,true
4992ea53-df62-46b9-91e8-53c47615d0fc,2026-07-26T08:54:14.584533Z,,,,,,,,true
f82dda47-8b00-4edd-a566-119a20673679,2026-07-26T08:54:14.618504Z,,,,,,,,true
8f7f62b1-273d-438e-99e8-2ceb27b53b12,2026-07-26T08:54:14.652952Z,,,,,,,,true
3a3c35bd-7693-4730-802d-cd225fee9ba8,2026-07-26T08:54:14.687469Z,,,,,,,,true
ceb254ad-5f0b-4efe-9a5b-9634bb138b64,2026-07-26T08:54:14.722089Z,,,,,,,,true
220fb3f8-0e54-4239-89cc-b4f1d5bc3b9e,2026-07-26T08:54:14.763912Z,,,,,,,,true
4d4586a6-b953-4bcc-8987-0f7c8172a05d,2026-07-26T08:54:14.791866Z,,,,,,,,true
57b23268-a02f-4dca-9957-e1ac4662c9ef,2026-07-26T08:54:14.824516Z,,,,,,,,true
ceb0a4d6-e421-4b05-ab15-dd3deaa26e02,2026-07-26T08:54:14.859708Z,,,,,,,,true
3f36ce8d-6782-457b-aee8-c2158102edae,2026-07-26T08:54:14.892674Z,,,,,,,,true
bb2ed842-36ee-4880-9cad-4ac3c7d6eebc,2026-07-26T08:54:14.927301Z,,,,,,,,true
f720b819-081c-4c9d-8230-94d08b9a8450,2026-07-26T08:54:14.963851Z,,,,,,,,true
4f6d9803-d7d2-4fca-8921-3531d2143a79,2026-07-26T08:54:14.995519Z,,,,,,,,true
26e23230-0ab1-4ea6-bff2-57984f2d1632,2026-07-26T08:54:15.027628Z,,,,,,,,true
7fc52e41-3bb3-4a57-92d0-6bf172523e56,2026-07-26T08:54:15.06485Z,,,,,,,,true
df7bb967-2596-4044-add8-e287e90b9f95,2026-07-26T08:54:15.096616Z,,,,,,,,true
8804e038-1e49-4d65-81b0-e499722fa126,2026-07-26T08:54:15.129776Z,,,,,,,,true
09b59dce-9ba6-48a9-921a-d23c2777e623,2026-07-26T08:54:15.164378Z,,,,,,,,true
0a8c5b7d-b659-4377-8417-48ea3523a1a6,2026-07-26T08:54:15.19809Z,,,,,,,,true
4ce4742b-bcbe-49f4-8d68-7d091ffbec02,2026-07-26T08:54:15.23159Z,,,,,,,,true
c1d47687-743b-452c-9be8-2ac204ff3e01,2026-07-26T08:54:15.26566Z,,,,,,,,true
9c7ae32e-715e-4a4c-93c5-6854861cbb18,2026-07-26T08:54:15.300733Z,,,,,,,,true
7c6124c0-94e6-4d5f-9f5e-bdb96c80eb54,2026-07-26T08:54:15.334836Z,,,,,,,,true
c3101f02-9305-4a52-be6f-2a9b09cbf6e9,2026-07-26T08:54:15.369979Z,,,,,,,,true
9b88ba0a-f97c-4326-b2e6-d76a8ecd0c06,2026-07-26T08:54:15.40306Z,,,,,,,,true
ec27faad-16fa-47b1-9726-4bfa729ba8c4,2026-07-26T08:54:15.436818Z,,,,,,,,true
f6e54fa1-9150-4d24-ab84-9e44b2508074,2026-07-26T08:54:15.513325Z,,,,,,,,true
47c15c02-e98d-4f2f-8d67-ded0171703cf,2026-07-26T08:54:15.516649Z,,,,,,,,true
58c851d8-79e0-4c0d-8d79-d4cfdb266d0c,2026-07-26T08:54:15.539597Z,,,,,,,,true
283d05a4-4de4-46cc-be2a-52d6058bff1c,2026-07-26T08:54:15.574393Z,,,,,,,,true
f6b67852-5cf5-4f83-b692-5e7e76dbe2a2,2026-07-26T08:54:15.608594Z,,,,,,,,true
1ad2993a-5511-466f-a203-5160e5dda4e2,2026-07-26T08:54:15.643344Z,,,,,,,,true
e4d9d395-704e-497a-81d5-a7f768227036,2026-07-26T08:54:15.678197Z,,,,,,,,true
0ca7fe7e-0301-4e9d-8007-a2b51645bc04,2026-07-26T08:54:15.711888Z,,,,,,,,true
df24f8cc-22c3-446c-ae7e-5a01e41eef58,2026-07-26T08:54:15.746367Z,,,,,,,,true
b5445398-b014-4f8f-ad41-dac535c2f9d5,2026-07-26T08:54:15.78118Z,,,,,,,,true
22b40697-d512-495f-ae85-5bf937194113,2026-07-26T08:54:15.814489Z,,,,,,,,true
76ceca04-6826-4714-ad6c-336d6cceb322,2026-07-26T08:54:15.850199Z,,,,,,,,true
68efd9c0-8417-4489-8b41-364362e78b0b,2026-07-26T08:54:15.883643Z,,,,,,,,true
f6532dd7-9cea-4953-9690-8459dd11a036,2026-07-26T08:54:15.918118Z,,,,,,,,true
78460005-d6cc-4f45-90e2-669f3bb25383,2026-07-26T08:54:15.957661Z,,,,,,,,true
d2209803-b23c-450c-b03c-59894094fa67,2026-07-26T08:54:15.986114Z,,,,,,,,true
fe35219c-b9ff-4f07-8f6f-d0ca3d3462a0,2026-07-26T08:54:16.020278Z,,,,,,,,true
e0186030-a366-4ded-8e37-725eb00a6a6c,2026-07-26T08:54:16.055164Z,,,,,,,,true
f8a61673-1515-407a-91e0-156f14754447,2026-07-26T08:54:16.091436Z,,,,,,,,true
519fbab4-ff00-451f-b4cf-ccf4c5a8b203,2026-07-26T08:54:16.124161Z,,,,,,,,true
2daa3441-d9db-46f5-a4d8-ff3963310524,2026-07-26T08:54:16.159885Z,,,,,,,,true
d078f9a8-2943-46cd-a876-1d6bc6883d04,2026-07-26T08:54:16.193422Z,,,,,,,,true
d0a50d76-6706-42d3-a17c-6ac8678a2606,2026-07-26T08:54:16.227804Z,,,,,,,,true
758734bc-f16f-485c-b48f-37384da1955d,2026-07-26T08:54:16.26155Z,,,,,,,,true
6295eaf0-ede5-4996-82bb-14e4e65bde60,2026-07-26T08:54:16.296684Z,,,,,,,,true
2ffb76b5-69ca-498b-9e4f-1b9aa77f76f3,2026-07-26T08:54:16.330837Z,,,,,,,,true
56f79a26-e9fc-40b8-a823-47976cd54964,2026-07-26T08:54:16.366921Z,,,,,,,,true
8ed820b0-aaad-4d36-b944-3ae6ea55487a,2026-07-26T08:54:16.399951Z,,,,,,,,true
449c85b9-7ca1-4ccf-a3fb-a31730d5d4c7,2026-07-26T08:54:16.434194Z,,,,,,,,true
d12a0655-db00-4bfe-a611-bfc1f4bee03f,2026-07-26T08:54:16.468189Z,,,,,,,,true
a98bfe60-1724-4b6d-9ba8-917ac9931e44,2026-07-26T08:54:16.502858Z,,,,,,,,true
942cfde0-3817-4293-b6b7-81a9bf1b5a9d,2026-07-26T08:54:16.537248Z,,,,,,,,true
d7035626-fecc-4886-affd-2a8ce7db735e,2026-07-26T08:54:16.571298Z,,,,,,,,true
c79db10c-14d7-4b8a-b1e6-734c3abb7d93,2026-07-26T08:54:16.606411Z,,,,,,,,true
a09abde0-81a1-45b0-9154-dc807f4de987,2026-07-26T08:54:16.639819Z,,,,,,,,true
59e89997-c1a4-4a5b-8891-b41f09709069,2026-07-26T08:54:16.675798Z,,,,,,,,true
b09f37b2-f383-4f0c-b078-68c9f5968f62,2026-07-26T08:54:16.711914Z,,,,,,,,true
1c794c38-8c42-453f-b1a6-a8f36529b6a0,2026-07-26T08:54:16.745441Z,,,,,,,,true
911c49ef-64b5-4f18-bb5a-97a65e1bda02,2026-07-26T08:54:16.77964Z,,,,,,,,true
c27bb6a9-fdf8-46d5-8e1b-60737b920b7e,2026-07-26T08:54:16.81125Z,,,,,,,,true
8d9bcc52-0f3b-4d6b-ae91-a480cfca178b,2026-07-26T08:54:16.845118Z,,,,,,,,true
9bcf2392-3b6a-4592-b8ed-f0c8277dd7f7,2026-07-26T08:54:16.879608Z,,,,,,,,true
d2e3961a-b2aa-4339-bc26-69f2c41b222e,2026-07-26T08:54:16.914618Z,,,,,,,,true
ba309ccc-6090-4b4f-95e2-80d966017fc5,2026-07-26T08:54:16.95076Z,,,,,,,,true
74ba6aa3-6b1f-4036-8aed-75b4ba30c422,2026-07-26T08:54:16.983767Z,,,,,,,,true
0913c5f4-d01b-44ff-82fa-2cf83277cacf,2026-07-26T08:54:17.017267Z,,,,,,,,true
1038afdc-340b-4684-8891-4ff18511b6a6,2026-07-26T08:54:17.052077Z,,,,,,,,true
c73c4bd0-de92-4c04-b82f-ae75725f1da8,2026-07-26T08:54:17.087144Z,,,,,,,,true
48a6c654-de9a-4b0b-baca-d44f3d198805,2026-07-26T08:54:17.123399Z,,,,,,,,true
1e55df24-dd4c-47d9-9120-f5212ff57fa1,2026-07-26T08:54:17.155122Z,,,,,,,,true
50443cb1-042c-464f-838f-923589df7e10,2026-07-26T08:54:17.188521Z,,,,,,,,true
2e8fd9b1-0707-4319-b9b4-84e04fe03d56,2026-07-26T08:54:17.232628Z,,,,,,,,true
232d370d-e5a6-4185-92a6-991ef880157c,2026-07-26T08:54:17.261875Z,,,,,,,,true
e1af1ef8-9f13-4965-9869-7756995a5797,2026-07-26T08:54:17.290551Z,,,,,,,,true
868a41b8-6ba1-4291-b92c-b6894dcdeed7,2026-07-26T08:54:17.324963Z,,,,,,,,true
5f165ca6-5187-4cc3-b244-752aa512d53a,2026-07-26T08:54:17.366554Z,,,,,,,,true
9bc70af6-657f-4a7b-a92c-dd4101cef388,2026-07-26T08:54:17.394825Z,,,,,,,,true
3326bf38-dd94-4c13-ad57-e099f0cb90eb,2026-07-26T08:54:17.427725Z,,,,,,,,true
e0d0a478-80a8-4e62-bdcb-28272d1b2d74,2026-07-26T08:54:17.46239Z,,,,,,,,true
bf7335c5-66cc-47fd-971b-8c7c72b42f5c,2026-07-26T08:54:17.49591Z,,,,,,,,true
64899e5e-a34b-401b-b609-32eba13d3873,2026-07-26T08:54:17.530499Z,,,,,,,,true
2b6f3a3f-9c77-432c-bc24-f6a5b96acafd,2026-07-26T08:54:17.564385Z,,,,,,,,true
e46a7b5b-be09-42f3-ae81-755b84a67c15,2026-07-26T08:54:17.599178Z,,,,,,,,true
34464053-d959-4705-b271-152c9d03a690,2026-07-26T08:54:17.633131Z,,,,,,,,true
5f170529-fcff-4842-b5a4-55e23e24ecc2,2026-07-26T08:54:17.667731Z,,,,,,,,true
444c0251-f9e0-4814-8138-beae54714170,2026-07-26T08:54:17.700744Z,,,,,,,,true
71324b98-b2c8-4b15-80be-2e5a9f4dd65a,2026-07-26T08:54:17.735736Z,,,,,,,,true
9d1b5739-8e0d-47d2-af17-a563b2f29279,2026-07-26T08:54:17.770589Z,,,,,,,,true
1f16ca16-8b43-40d5-ab4c-6a3728b08d3f,2026-07-26T08:54:17.806994Z,,,,,,,,true
c31dfb18-e819-4f3a-b25b-a27f35089cf2,2026-07-26T08:54:17.840019Z,,,,,,,,true
5c155750-b085-438f-bf91-a168f37a3d10,2026-07-26T08:54:17.874661Z,,,,,,,,true
85d632d1-1d8c-4520-af81-b884c728cb99,2026-07-26T08:54:17.922805Z,,,,,,,,true
5fec70ea-f071-45ac-af85-ac655343551f,2026-07-26T08:54:17.953307Z,,,,,,,,true
5a78753b-6637-4cdb-aaa6-959cabd3a091,2026-07-26T08:54:17.991896Z,,,,,,,,true
937f3ff5-8ac7-41f8-9006-89972b8044bb,2026-07-26T08:54:18.028453Z,,,,,,,,true
ef33a40c-e9e0-446d-a4de-38f22be43de2,2026-07-26T08:54:18.058392Z,,,,,,,,true
4b06e37b-945c-4d37-be8a-84218e64967e,2026-07-26T08:54:18.082189Z,,,,,,,,true
091f7ed6-e7a7-4821-a01d-1adfc0db1cd3,2026-07-26T08:54:18.115778Z,,,,,,,,true
fa4cc6ec-a2ca-4bd0-ab5c-2fdb2f768663,2026-07-26T08:54:18.148809Z,,,,,,,,true
6f613970-ec09-4d3b-b0cd-654596d83a0d,2026-07-26T08:54:18.182366Z,,,,,,,,true
46eee441-f70c-4c9d-be73-cbd64fd6cc2a,2026-07-26T08:54:18.217156Z,,,,,,,,true
66221119-e49b-4f34-90a4-8e90db5fbdab,2026-07-26T08:54:18.251719Z,,,,,,,,true
ffbd582c-0cbf-44b9-b2eb-0ed4957f236f,2026-07-26T08:54:18.286015Z,,,,,,,,true
857c0f1d-c415-4aa2-b32c-68ce3c929c44,2026-07-26T08:54:18.321321Z,,,,,,,,true
5f3a8568-5fe7-4d75-a2e6-ae1c13fe70c0,2026-07-26T08:54:18.354667Z,,,,,,,,true
2e7344ba-8977-4869-8e06-a7068742af40,2026-07-26T08:54:18.389497Z,,,,,,,,true
cadf11e0-c2b3-4a3f-aef4-69703d30da18,2026-07-26T08:54:18.424029Z,,,,,,,,true
4ceb26a8-7fe3-4b6c-933c-7314c78d5f09,2026-07-26T08:54:18.458011Z,,,,,,,,true
edd2bb80-1bea-4925-ac6a-2fd58a7132c0,2026-07-26T08:54:18.492209Z,,,,,,,,true
f0012289-5d7f-458e-95d0-a97393f7622e,2026-07-26T08:54:18.526364Z,,,,,,,,true
d18b5c32-dee6-4fed-af0d-2a2ee6bf5e61,2026-07-26T08:54:18.563893Z,,,,,,,,true
b7cc9ebc-bfa8-4e29-9caa-92f07daf5562,2026-07-26T08:54:18.595379Z,,,,,,,,true
84c2bda0-b161-420e-91cd-b610f8800af3,2026-07-26T08:54:18.628579Z,,,,,,,,true
a5728fd6-0266-4e54-a2e5-8c208124972a,2026-07-26T08:54:18.664845Z,,,,,,,,true
6889cb9e-9533-40fc-97c6-e27131eb829b,2026-07-26T08:54:18.696654Z,,,,,,,,true
924b342d-5d4b-49c4-8360-35418e348fb2,2026-07-26T08:54:18.733112Z,,,,,,,,true
b15213f0-ba42-43d1-ab9c-b23af4e4f9d6,2026-07-26T08:54:18.765456Z,,,,,,,,true
502dec7c-0764-48d3-b1eb-b547e7f512e8,2026-07-26T08:54:18.799564Z,,,,,,,,true
48983184-322c-4a51-9ba3-10fed64c7def,2026-07-26T08:54:18.833254Z,,,,,,,,true
5766d5ff-55fb-4689-bb0a-90f8ea767830,2026-07-26T08:54:18.865798Z,,,,,,,,true
07dd53b9-c77f-49a6-8d8f-c846405a6835,2026-07-26T08:54:18.901069Z,,,,,,,,true
9bbac506-862f-445c-99bd-97faa56bce3a,2026-07-26T08:54:18.934853Z,,,,,,,,true
a5096a97-89a4-4ded-b761-167230ee4920,2026-07-26T08:54:18.969637Z,,,,,,,,true
37cc388d-956c-4058-a75a-0f5c04d3765f,2026-07-26T08:54:19.003951Z,,,,,,,,true
319bdb17-858f-4fe4-890e-5154b3ce9708,2026-07-26T08:54:19.038051Z,,,,,,,,true
18fbbbc2-e426-4699-8100-650b3cc4874b,2026-07-26T08:54:19.072103Z,,,,,,,,true
63adf07b-9ef9-41f2-b479-3727c4a9b8ba,2026-07-26T08:54:19.10661Z,,,,,,,,true
d57c86a1-8330-48c9-bb46-2f272c87c6c0,2026-07-26T08:54:19.142938Z,,,,,,,,true
bc9e8b47-573f-416f-9a9d-7199bf987685,2026-07-26T08:54:19.174656Z,,,,,,,,true
c0d2450b-eba5-42c4-a845-bdbb6af65df6,2026-07-26T08:54:19.212492Z,,,,,,,,true
70e60846-e1e4-4ecf-b0eb-8882ff85cd71,2026-07-26T08:54:19.244158Z,,,,,,,,true
af3f122d-1914-4ad4-a3ea-803e01ac9b2d,2026-07-26T08:54:19.279269Z,,,,,,,,true
604c2119-cea0-41b1-b70e-0c661751c439,2026-07-26T08:54:19.31511Z,,,,,,,,true
4714d878-82e0-4157-a8ac-097a655c6bbd,2026-07-26T08:54:19.347115Z,,,,,,,,true
f005db6c-b279-4ee6-a55e-3b914630b7b0,2026-07-26T08:54:19.381149Z,,,,,,,,true
6ecf06fb-55d2-4dc0-adac-1a4e9a0832a4,2026-07-26T08:54:19.419949Z,,,,,,,,true
d8508225-643e-470b-ac08-f1461f8effe8,2026-07-26T08:54:19.449614Z,,,,,,,,true
bd91a6a8-ff39-4931-b622-ee1f7543c6cc,2026-07-26T08:54:19.482548Z,,,,,,,,true
efafc275-904f-40c9-bc27-9cc087cb1045,2026-07-26T08:54:19.517448Z,,,,,,,,true
8811bc97-d1c7-44bf-969a-09cbd7a11aa7,2026-07-26T08:54:19.553509Z,,,,,,,,true
c0f89b34-d3c2-48b8-8011-5898daa15a83,2026-07-26T08:54:19.586336Z,,,,,,,,true
110c940d-6c04-4f1c-bbc4-d666e1129c9f,2026-07-26T08:54:19.622239Z,,,,,,,,true
a624b884-7e52-4531-a181-2e6ade56c77e,2026-07-26T08:54:19.65438Z,,,,,,,,true
a20917f2-f13e-4253-aacc-e686fe0ce419,2026-07-26T08:54:19.689924Z,,,,,,,,true
286a3e3e-b21d-4f2e-98e5-8019eb4bdaa8,2026-07-26T08:54:19.723145Z,,,,,,,,true
ac7c25f9-5146-40d0-a7d3-1c4b0bd4f2e0,2026-07-26T08:54:19.757142Z,,,,,,,,true
f883544b-8386-4634-bd89-265856348a89,2026-07-26T08:54:19.790725Z,,,,,,,,true
3e07443d-2632-4fc6-b692-c0f7bc7972c2,2026-07-26T08:54:19.825128Z,,,,,,,,true
b0529e6c-7824-457c-8b54-3929885633a3,2026-07-26T08:54:19.863241Z,,,,,,,,true
cb6edb2c-a4e6-451f-afcd-10e9ccd955f1,2026-07-26T08:54:19.893906Z,,,,,,,,true
9ff15262-19fd-456b-acf6-4cbffa5de4cd,2026-07-26T08:54:19.928199Z,,,,,,,,true
c03c47a5-489c-43c5-a5a8-c1eee5087085,2026-07-26T08:54:19.966523Z,,,,,,,,true
7af0a317-2139-45ab-8242-142624840375,2026-07-26T08:54:19.996811Z,,,,,,,,true
fd036b9f-d245-4fe2-b362-d292c9b34ca7,2026-07-26T08:54:20.038451Z,,,,,,,,true
232f3053-21f7-4756-a6ba-bd4ecd1631cc,2026-07-26T08:54:20.065411Z,,,,,,,,true
2a66fa16-a9e5-4862-b344-88b8be6fd5af,2026-07-26T08:54:20.099898Z,,,,,,,,true
928f8984-07bf-44ec-8eeb-5d492c0cd902,2026-07-26T08:54:20.134073Z,,,,,,,,true
f4053797-ecd4-4a06-9d05-cec69e3ca6cf,2026-07-26T08:54:20.168223Z,,,,,,,,true
6bc86bcc-6639-4756-a4d5-b36fa9ef8689,2026-07-26T08:54:20.202607Z,,,,,,,,true
eaeacf2a-3195-400c-88ad-038c12635ca0,2026-07-26T08:54:20.237382Z,,,,,,,,true
4206f738-c27d-4f50-86af-f33630afc2e1,2026-07-26T08:54:20.271694Z,,,,,,,,true
234d15d5-63c4-4eca-b603-42d898e6c8a4,2026-07-26T08:54:20.306334Z,,,,,,,,true
9a90cb3b-e016-40a2-b162-5f2b344a598b,2026-07-26T08:54:20.346774Z,,,,,,,,true
aa37f960-30cb-40f0-ac95-4c859d9081d3,2026-07-26T08:54:20.376499Z,,,,,,,,true
01b0d5d9-992f-40c6-b9eb-5db0c18f634b,2026-07-26T08:54:20.410881Z,,,,,,,,true
c4aa498c-b5c4-406b-82f2-73378cc176b1,2026-07-26T08:54:20.442816Z,,,,,,,,true
40b01c3b-db65-478a-9888-0f6cf2c83386,2026-07-26T08:54:20.47676Z,,,,,,,,true
e011cb98-601f-4bc9-a38a-be176821bc10,2026-07-26T08:54:20.517448Z,,,,,,,,true
b99e3736-ee9e-48ee-bae0-bd1fb99ad02c,2026-07-26T08:54:20.546309Z,,,,,,,,true
af047ec9-5f8e-46d0-9ad4-d3e5f82ab2c5,2026-07-26T08:54:20.58101Z,,,,,,,,true
0f45f1bc-e7f9-4743-b995-e27a02931129,2026-07-26T08:54:20.615008Z,,,,,,,,true
a1d660a8-c8d9-4eb2-b4f9-d69f212c43d5,2026-07-26T08:54:20.650696Z,,,,,,,,true
2e1a7f46-0090-4d83-a5d7-d444046d8f3b,2026-07-26T08:54:20.683239Z,,,,,,,,true
406ca9e8-3be8-4904-bc76-022b8433e43c,2026-07-26T08:54:20.7176Z,,,,,,,,true
b132a02a-afb7-4498-b96b-17ba984294b8,2026-07-26T08:54:20.753928Z,,,,,,,,true
1275b92d-e92d-457a-87f1-2ff52926a037,2026-07-26T08:54:20.790297Z,,,,,,,,true
40b8d850-6851-4ce5-88aa-20898da6a54a,2026-07-26T08:54:20.822964Z,,,,,,,,true
a820aa29-1aef-479a-97dc-7a1846934aea,2026-07-26T08:54:20.855368Z,,,,,,,,true
c9d4e7de-f814-4848-b622-765a3173d3a9,2026-07-26T08:54:20.890223Z,,,,,,,,true
39ac5218-b346-4063-996a-1c287ad45308,2026-07-26T08:54:20.924189Z,,,,,,,,true
baec7814-fa4f-443e-9303-cbfd3cc22749,2026-07-26T08:54:20.95951Z,,,,,,,,true
a106e81e-c53b-42b6-8c7f-d2107ec10095,2026-07-26T08:54:20.996077Z,,,,,,,,true
c1aaca6d-9bc0-423f-a071-6281635ba061,2026-07-26T08:54:21.026621Z,,,,,,,,true
fc58966f-4baf-4bc6-9f6f-4aa60082ba37,2026-07-26T08:54:21.062759Z,,,,,,,,true
0a159766-269c-4a4a-8675-2fba8453fc5e,2026-07-26T08:54:21.095187Z,,,,,,,,true
92ed484e-d029-461d-a5f4-9976e41a8d86,2026-07-26T08:54:21.129535Z,,,,,,,,true
77cdc149-d182-49e8-8ee8-a9cb5dbc837d,2026-07-26T08:54:21.162152Z,,,,,,,,true
08703c39-f09e-45b1-a3c4-c131737e4174,2026-07-26T08:54:21.197557Z,,,,,,,,true
d4fab323-5d5d-4f1f-962d-e176227ca79b,2026-07-26T08:54:21.23049Z,,,,,,,,true
8562b09b-b3c7-4f15-9a2e-41c810c8f525,2026-07-26T08:54:21.265438Z,,,,,,,,true
88171739-73e5-4c3a-ba24-e110674af8fb,2026-07-26T08:54:21.307275Z,,,,,,,,true
73dafb12-3868-434d-af46-7bad96735142,2026-07-26T08:54:21.353035Z,,,,,,,,true
f697cede-0063-42d1-920d-d7a1e79715b6,2026-07-26T08:54:21.37053Z,,,,,,,,true
64f5202d-0851-4e2a-8724-4537f273d575,2026-07-26T08:54:21.402268Z,,,,,,,,true
c82835d0-a93d-404a-993e-3736abe54745,2026-07-26T08:54:21.436732Z,,,,,,,,true
e1a33b35-01de-4b30-aa04-4df4ee7a71d5,2026-07-26T08:54:21.471744Z,,,,,,,,true
99bb845c-fd79-43ad-aa97-f668c07427e9,2026-07-26T08:54:21.507978Z,,,,,,,,true
7ca1f902-5b1f-4e6d-8616-7e637cfcde56,2026-07-26T08:54:21.540798Z,,,,,,,,true
f8db5fee-ca6b-48b8-abec-474510d5bb98,2026-07-26T08:54:21.575409Z,,,,,,,,true
f4ccbc15-9a96-4010-9274-08e6a7e9e766,2026-07-26T08:54:21.611292Z,,,,,,,,true
5bb517e7-4db3-42d5-844b-e3b55e4647ab,2026-07-26T08:54:21.648137Z,,,,,,,,true
d93cd35c-b6cd-4e0b-990a-a220b7288aee,2026-07-26T08:54:21.677567Z,,,,,,,,true
72a3987a-5eea-4c95-93af-885c56088ad9,2026-07-26T08:54:21.71301Z,,,,,,,,true
60e86e08-9b1f-454b-b376-2de5fc6f1d65,2026-07-26T08:54:21.744989Z,,,,,,,,true
8a813039-73e7-4b68-9c88-9085603028f6,2026-07-26T08:54:21.780417Z,,,,,,,,true
f88861c4-c766-40d3-b566-cce938916020,2026-07-26T08:54:21.816342Z,,,,,,,,true
ba6f269a-8941-4b2d-8f86-52072d816869,2026-07-26T08:54:21.85004Z,,,,,,,,true
311664d5-08c8-4fc4-9d68-457bcff0501a,2026-07-26T08:54:21.882586Z,,,,,,,,true
d5739288-c1dc-4a04-bad9-4b4465a7cee7,2026-07-26T08:54:21.917656Z,,,,,,,,true
c29d3551-d0df-4c9d-a22a-0ff97aac36e4,2026-07-26T08:54:21.951085Z,,,,,,,,true
5854c62d-6240-4ca5-b6e7-5dffd3e376cf,2026-07-26T08:54:21.98438Z,,,,,,,,true
eac23b82-0b0c-48b3-b6b4-37db78611aef,2026-07-26T08:54:22.02021Z,,,,,,,,true
cff661c8-fc07-49b0-a0fd-1b79904b3e83,2026-07-26T08:54:22.052597Z,,,,,,,,true
dd977540-484d-4841-8f94-fbcd1f8f4459,2026-07-26T08:54:22.088291Z,,,,,,,,true
53b842bc-761f-44c3-8ab5-1312dd11ff33,2026-07-26T08:54:22.122057Z,,,,,,,,true
01b18d9a-507d-4b09-9617-de369524b69a,2026-07-26T08:54:22.155197Z,,,,,,,,true
d9e3db85-cfe8-47db-92c1-2a6fe8deb501,2026-07-26T08:54:22.189178Z,,,,,,,,true
f01463ad-c8c6-4065-a7ef-cf09c2ad3b66,2026-07-26T08:54:22.226481Z,,,,,,,,true
f2966bf1-84f8-4ccc-a3c8-33f3940bbb60,2026-07-26T08:54:22.259099Z,,,,,,,,true
b92b48c1-d651-49ea-a961-8fea4dec5a64,2026-07-26T08:54:22.293079Z,,,,,,,,true
db34f04c-702a-4775-8798-cf3d0922eaa9,2026-07-26T08:54:22.327399Z,,,,,,,,true
77c0731b-ac4a-4be3-b7f3-59f586e7578d,2026-07-26T08:54:22.362543Z,,,,,,,,true
13eb3c9c-c3fb-40e4-ac4c-eb9930ba9046,2026-07-26T08:54:22.394976Z,,,,,,,,true
1ea884d6-c6ba-45c1-9d61-0bf9be4e0197,2026-07-26T08:54:22.428124Z,,,,,,,,true
12726cdc-5e4b-421a-80bb-ad67ae6144fa,2026-07-26T08:54:22.463601Z,,,,,,,,true
170b67d8-afe3-447d-bec4-1c757310a59a,2026-07-26T08:54:22.497676Z,,,,,,,,true
365d166a-47f2-49e4-96e9-1a7cdf6bbbfe,2026-07-26T08:54:22.532902Z,,,,,,,,true
72316ad5-84f4-4cea-ab9d-9228928a0d5a,2026-07-26T08:54:22.568364Z,,,,,,,,true
c699fb8e-c328-45a8-8419-adffd4357c59,2026-07-26T08:54:22.609518Z,,,,,,,,true
2d073e40-e8f6-4e3e-ba6a-2c0e0f644671,2026-07-26T08:54:22.637371Z,,,,,,,,true
724b7111-476d-49c3-baa4-75b89a24186b,2026-07-26T08:54:22.66914Z,,,,,,,,true
2de41f4a-cd83-4274-a75d-7340e9475d70,2026-07-26T08:54:22.70444Z,,,,,,,,true
75457efa-ac96-44cf-a9d3-762a3b1a6dab,2026-07-26T08:54:22.73722Z,,,,,,,,true
cbb2db66-2efc-49e4-a5a5-92d2af7ef6d2,2026-07-26T08:54:22.772519Z,,,,,,,,true
d5b3805e-73b7-4593-b1bc-23c86a239281,2026-07-26T08:54:22.806551Z,,,,,,,,true
8831a8c2-02be-462d-ab60-eb36783b8453,2026-07-26T08:54:22.839233Z,,,,,,,,true
d6433f4f-02d8-43c2-8ccd-51df8d1a88ad,2026-07-26T08:54:22.874776Z,,,,,,,,true
16fdd8f3-df99-4004-9f37-6cadc78f3812,2026-07-26T08:54:22.907708Z,,,,,,,,true
08bec91f-03f7-4c83-a80a-b155b4c4212f,2026-07-26T08:54:22.941109Z,,,,,,,,true
c1109063-0d3b-4bd1-a708-0018a2a60759,2026-07-26T08:54:22.976478Z,,,,,,,,true
1dec97e6-fcfe-487e-8c2d-255b6f324168,2026-07-26T08:54:23.009459Z,,,,,,,,true
f921a1fd-4d60-4f94-90fb-b564de987e37,2026-07-26T08:54:23.043886Z,,,,,,,,true
7c5154b1-6ff7-487c-88e6-c18ea2490c42,2026-07-26T08:54:23.07953Z,,,,,,,,true
ae41e214-5b63-4560-8a8f-6eec5c1bf87a,2026-07-26T08:54:23.118638Z,,,,,,,,true
7a513e2b-db57-4067-bba9-d70c3b81e1cb,2026-07-26T08:54:23.147137Z,,,,,,,,true
cd132ce4-1664-40c0-99fb-07edc5182cd1,2026-07-26T08:54:23.180968Z,,,,,,,,true
b62e2639-9450-4863-a7d4-894b5126f8b4,2026-07-26T08:54:23.215924Z,,,,,,,,true
17db55b9-06fd-4b10-9c4c-0ed0dce08c20,2026-07-26T08:54:23.249901Z,,,,,,,,true
9122009c-45f7-4f53-9598-14f580b2f051,2026-07-26T08:54:23.283736Z,,,,,,,,true
7725a5f2-d15d-471e-ad7c-7038ad5d9143,2026-07-26T08:54:23.319226Z,,,,,,,,true
2d8b3797-cef7-4f32-a492-a81fd4201f12,2026-07-26T08:54:23.351937Z,,,,,,,,true
dc383e86-44f0-4879-9765-f2ad3ecd01c4,2026-07-26T08:54:23.387838Z,,,,,,,,true
09c2b341-91fa-400b-a315-e9bb19019e81,2026-07-26T08:54:23.422744Z,,,,,,,,true
43616bf6-72e9-45b9-ba03-b7ff298ca031,2026-07-26T08:54:23.455345Z,,,,,,,,true
1248b564-4bd2-438a-bf5c-7b1af37a62c9,2026-07-26T08:54:23.489835Z,,,,,,,,true
97dafc74-0823-42c3-9194-8ed305ac11a8,2026-07-26T08:54:23.524677Z,,,,,,,,true
19b674da-d433-4abd-9ef1-9580d49f5ebc,2026-07-26T08:54:23.559092Z,,,,,,,,true
e8865cc2-2ac2-431a-b1dc-104b29abc7b9,2026-07-26T08:54:23.590759Z,,,,,,,,true
a303b32e-f7b4-47c2-a43d-020fd3245a48,2026-07-26T08:54:23.626052Z,,,,,,,,true
0385927e-ed2c-49b9-8e8d-9cc938af1c39,2026-07-26T08:54:23.669607Z,,,,,,,,true
4182d03d-68d7-4a8a-a27c-3b0a2ba2d797,2026-07-26T08:54:23.694212Z,,,,,,,,true
d4f080f1-b81c-4ca9-8a87-792bfe8395ca,2026-07-26T08:54:23.731073Z,,,,,,,,true
889a92f7-6f48-4a0f-9748-56dae771a1ec,2026-07-26T08:54:23.764526Z,,,,,,,,true
c8ef6db2-f516-4f8e-bd2d-fb45d44c31ce,2026-07-26T08:54:23.798465Z,,,,,,,,true
1ab25f0f-2da4-49df-9c70-3577b184ceaa,2026-07-26T08:54:23.833125Z,,,,,,,,true
c762d056-b24e-4894-943b-7b66c5e85397,2026-07-26T08:54:23.867816Z,,,,,,,,true
155faec7-4c2f-4374-98e6-5a3b763ef68b,2026-07-26T08:54:23.901045Z,,,,,,,,true
4aa7f07a-5df3-4a0e-b948-cb6b4db8cfe4,2026-07-26T08:54:23.935584Z,,,,,,,,true
46119578-656b-498f-a3cb-df2d0eaa3605,2026-07-26T08:54:23.971207Z,,,,,,,,true
693c1771-ff64-483d-b776-b2d953156db4,2026-07-26T08:54:24.003804Z,,,,,,,,true
6fb63268-b1fa-49be-95ba-a288a08652d6,2026-07-26T08:54:24.038162Z,,,,,,,,true
a04d6fa0-44db-466b-9692-23cda3b39ca7,2026-07-26T08:54:24.072655Z,,,,,,,,true
2b16ecba-511e-4009-a46b-1988a3d8def5,2026-07-26T08:54:24.106803Z,,,,,,,,true
810aeb39-30cb-4712-be84-0f085454511d,2026-07-26T08:54:24.145982Z,,,,,,,,true
b44b0d77-bf53-4e1a-a906-5843aff517f3,2026-07-26T08:54:24.177036Z,,,,,,,,true
7ff387c4-9005-4229-bfb4-0d1cc701b162,2026-07-26T08:54:24.21187Z,,,,,,,,true
f078e837-237b-4dff-a558-d65f7f0f7170,2026-07-26T08:54:24.248734Z,,,,,,,,true
534d1bba-7550-4b4e-8962-9203f9e72bfe,2026-07-26T08:54:24.282889Z,,,,,,,,true
b901abab-b411-4446-a574-38ed5066410a,2026-07-26T08:54:24.316973Z,,,,,,,,true
18665d74-6895-400f-a070-3491969af799,2026-07-26T08:54:24.351556Z,,,,,,,,true
e71072f6-87b0-4fc7-915f-856bba96c2f4,2026-07-26T08:54:24.386142Z,,,,,,,,true
125e6a7b-edb0-4f96-b224-70a0254d75a6,2026-07-26T08:54:24.424449Z,,,,,,,,true
ca6f2f80-3a97-4fda-b761-0fb12c055789,2026-07-26T08:54:24.455354Z,,,,,,,,true
5f6444a2-68dd-481a-97f2-1ededd74fe8b,2026-07-26T08:54:24.490221Z,,,,,,,,true
5f97d9fa-dd25-4795-91f8-bbd85b8d3294,2026-07-26T08:54:24.524113Z,,,,,,,,true
f1ae1a99-c94e-49f8-a8cb-09767801d118,2026-07-26T08:54:24.559379Z,,,,,,,,true
e06cf0a1-9de0-47e9-be22-c99afcb525a8,2026-07-26T08:54:24.593859Z,,,,,,,,true
47a6a372-3bed-49c3-8567-85e1f9afb0cc,2026-07-26T08:54:24.627855Z,,,,,,,,true
bfaffd59-7f10-4516-9432-2dd4abb86a8c,2026-07-26T08:54:24.662301Z,,,,,,,,true
c699ef14-6bbd-4d32-b3a0-79b46e157f97,2026-07-26T08:54:24.696671Z,,,,,,,,true
45201f99-5220-4d27-ae0e-9f9d5f677d6b,2026-07-26T08:54:24.730085Z,,,,,,,,true
c3e63833-9be9-49c0-a6f8-edfc7a7126c9,2026-07-26T08:54:24.764577Z,,,,,,,,true
e28cc8e1-3f66-4f9f-a2f1-9d6e800e90b3,2026-07-26T08:54:24.799621Z,,,,,,,,true
72798d0f-39e7-4d7e-91ed-e663da310753,2026-07-26T08:54:24.834155Z,,,,,,,,true
9292baa2-c647-4992-bd8f-997f759be176,2026-07-26T08:54:24.867906Z,,,,,,,,true
19c392fc-90bc-4e77-9554-750cff9b040b,2026-07-26T08:54:24.901933Z,,,,,,,,true
c153fafa-5f10-44fe-8791-a4b646893cbe,2026-07-26T08:54:24.93999Z,,,,,,,,true
bf481e0a-805e-4cc7-a599-572cac5ca8bb,2026-07-26T08:54:24.970856Z,,,,,,,,true
ab5ae9d7-2853-4a6f-8f2c-495451a7f205,2026-07-26T08:54:25.004158Z,,,,,,,,true
ebf9c4bf-99cc-47b5-8a47-e450e831aa6c,2026-07-26T08:54:25.039383Z,,,,,,,,true
1e761582-5bd4-4c6c-9627-d709f0a36765,2026-07-26T08:54:25.072116Z,,,,,,,,true
92ece5f5-ab30-425a-bfd8-a91cdad735a1,2026-07-26T08:54:25.106109Z,,,,,,,,true
d66e33de-8598-43ac-9912-841c6133f5cf,2026-07-26T08:54:25.140876Z,,,,,,,,true
cd079f38-a973-4800-a3f1-08f054b1e44e,2026-07-26T08:54:25.175356Z,,,,,,,,true
ac77cd47-dc10-4eec-a4b3-2e6a63aecf39,2026-07-26T08:54:25.211247Z,,,,,,,,true
bd9225cc-6d16-41df-a6b5-0fe1b0dcf472,2026-07-26T08:54:25.244913Z,,,,,,,,true
3340e2df-aafa-4024-add4-568be30fea75,2026-07-26T08:54:25.279409Z,,,,,,,,true
6dfd88d0-2148-46d6-85df-e977ebc23472,2026-07-26T08:54:25.314955Z,,,,,,,,true
c752cfab-6f1c-42db-861d-3139e51039c1,2026-07-26T08:54:25.350381Z,,,,,,,,true
9c727d19-1b2a-44f1-b28f-1baeb61e2351,2026-07-26T08:54:25.388206Z,,,,,,,,true
e42fa4ab-e2a3-4584-8acd-cd1994ed7886,2026-07-26T08:54:25.4186Z,,,,,,,,true
23814180-1398-476e-a8aa-616c46e789f2,2026-07-26T08:54:25.453225Z,,,,,,,,true
5a0a7b69-bcaa-4802-9c5d-ffc37810bced,2026-07-26T08:54:25.48756Z,,,,,,,,true
b2d7f7e9-21df-4d05-9679-b578f3e0c932,2026-07-26T08:54:25.522091Z,,,,,,,,true
25191603-a277-4fa0-9689-b782f90a8992,2026-07-26T08:54:25.555215Z,,,,,,,,true
9fb6af63-f844-4564-b60c-2820cca75c64,2026-07-26T08:54:25.589822Z,,,,,,,,true
670c0650-4d61-43c9-b162-84bfff6196ae,2026-07-26T08:54:25.625939Z,,,,,,,,true
0cd5ef1f-e417-4e77-bc6e-aa0479a3c979,2026-07-26T08:54:25.663667Z,,,,,,,,true
23b01c59-4fd9-4a31-91e3-bde0cad8fecc,2026-07-26T08:54:25.693014Z,,,,,,,,true
1745c560-444e-4536-8230-40c6d0c76ae1,2026-07-26T08:54:25.727654Z,,,,,,,,true
2b50d683-f4cb-4fca-b3c9-29feca58f9ee,2026-07-26T08:54:25.770657Z,,,,,,,,true
cf1189a8-f443-4ad4-80e5-590ae5f0ffb9,2026-07-26T08:54:25.804726Z,,,,,,,,true
f59cd6ad-5642-4ba7-bb85-13737bb0a496,2026-07-26T08:54:25.841279Z,,,,,,,,true
eb0ad2ad-99a9-46dd-ba34-2e572c243c78,2026-07-26T08:54:25.875873Z,,,,,,,,true
